txn_id,date,customer_id,category,amount,paid_via_paytm,time_slot
TXN00001,2026-07-20,CUST0011,Snacks,74.04,False,Morning
TXN00002,2026-07-20,CUST0020,Groceries,47.83,False,Evening
TXN00003,2026-07-20,CUST0021,Groceries,101.97,False,Morning
TXN00004,2026-07-20,CUST0023,Snacks,86.76,False,Evening
TXN00005,2026-07-20,CUST0024,Groceries,254.08,True,Evening
TXN00006,2026-07-20,CUST0026,Household,67.92,True,Evening
TXN00007,2026-07-20,CUST0042,Snacks,36.32,False,Evening
TXN00008,2026-07-20,CUST0052,Dairy,67.07,False,Morning
TXN00009,2026-07-20,CUST0053,Groceries,97.96,True,Afternoon
TXN00010,2026-07-20,CUST0066,Beverages,172.55,False,Evening
TXN00011,2026-07-20,CUST0076,Beverages,118.98,True,Afternoon
TXN00012,2026-07-20,CUST0081,Beverages,117.84,False,Morning
TXN00013,2026-07-20,CUST0084,Snacks,61.8,False,Evening
TXN00014,2026-07-20,CUST0101,Dairy,71.25,False,Afternoon
TXN00015,2026-07-20,CUST0102,Groceries,91.89,False,Evening
TXN00016,2026-07-20,CUST0105,Groceries,105.34,False,Evening
TXN00017,2026-07-20,CUST0107,Household,339.2,True,Afternoon
TXN00018,2026-07-20,CUST0113,Dairy,23.8,True,Afternoon
TXN00019,2026-07-20,CUST0114,Groceries,56.82,False,Morning
TXN00020,2026-07-20,CUST0123,Groceries,205.8,False,Morning
TXN00021,2026-07-20,CUST0129,Beverages,43.57,False,Morning
TXN00022,2026-07-20,CUST0139,Household,324.81,True,Evening
TXN00023,2026-07-20,CUST0148,Beverages,49.74,False,Evening
TXN00024,2026-07-20,CUST0149,Beverages,129.41,True,Afternoon
TXN00025,2026-07-20,CUST0158,Dairy,118.7,True,Afternoon
TXN00026,2026-07-20,CUST0167,Groceries,117.71,True,Evening
TXN00027,2026-07-20,CUST0174,Dairy,70.85,True,Evening
TXN00028,2026-07-20,CUST0182,Dairy,145.71,False,Morning
TXN00029,2026-07-20,CUST0193,Beverages,39.35,False,Evening
TXN00030,2026-07-20,CUST0197,Groceries,265.5,True,Afternoon
TXN00031,2026-07-20,CUST0203,Groceries,210.99,True,Evening
TXN00032,2026-07-20,CUST0220,Beverages,49.56,True,Evening
TXN00033,2026-07-20,CUST0227,Household,115.75,False,Afternoon
TXN00034,2026-07-20,CUST0236,Snacks,25.84,False,Morning
TXN00035,2026-07-20,CUST0247,Snacks,54.51,False,Afternoon
TXN00036,2026-07-20,CUST0256,Dairy,56.8,False,Evening
TXN00037,2026-07-20,CUST0259,Dairy,77.96,False,Afternoon
TXN00038,2026-07-20,CUST0267,Dairy,123.56,False,Afternoon
TXN00039,2026-07-20,CUST0270,Beverages,53.2,True,Evening
TXN00040,2026-07-20,CUST0271,Beverages,50.7,False,Morning
TXN00041,2026-07-20,CUST0272,Dairy,102.66,False,Afternoon
TXN00042,2026-07-20,CUST0280,Beverages,198.74,True,Afternoon
TXN00043,2026-07-20,CUST0281,Household,252.31,True,Evening
TXN00044,2026-07-20,CUST0292,Dairy,103.63,False,Morning
TXN00045,2026-07-20,CUST0302,Dairy,164.32,True,Afternoon
TXN00046,2026-07-20,CUST0303,Household,223.16,False,Evening
TXN00047,2026-07-20,CUST0305,Beverages,100.07,False,Afternoon
TXN00048,2026-07-20,CUST0318,Beverages,178.43,False,Morning
TXN00049,2026-07-20,CUST0320,Groceries,219.18,False,Morning
TXN00050,2026-07-20,CUST0321,Groceries,156.26,False,Evening
TXN00051,2026-07-20,CUST0322,Snacks,57.93,False,Evening
TXN00052,2026-07-20,CUST0323,Household,271.08,False,Afternoon
TXN00053,2026-07-20,CUST0346,Dairy,101.33,True,Afternoon
TXN00054,2026-07-20,CUST0357,Snacks,38.29,True,Evening
TXN00055,2026-07-20,CUST0358,Household,374.35,False,Morning
TXN00056,2026-07-20,CUST0363,Dairy,122.45,False,Afternoon
TXN00057,2026-07-20,CUST0365,Beverages,75.05,False,Morning
TXN00058,2026-07-20,CUST0366,Beverages,114.35,True,Evening
TXN00059,2026-07-20,CUST0378,Groceries,324.95,False,Afternoon
TXN00060,2026-07-20,CUST0389,Dairy,85.14,True,Evening
TXN00061,2026-07-20,CUST0407,Groceries,119.92,True,Afternoon
TXN00062,2026-07-20,CUST0424,Beverages,72.09,False,Afternoon
TXN00063,2026-07-20,CUST0429,Dairy,159.64,True,Afternoon
TXN00064,2026-07-20,CUST0433,Groceries,77.16,False,Afternoon
TXN00065,2026-07-20,CUST0437,Beverages,192.65,True,Evening
TXN00066,2026-07-20,CUST0444,Beverages,74.05,True,Evening
TXN00067,2026-07-20,CUST0458,Dairy,80.71,False,Morning
TXN00068,2026-07-20,CUST0459,Snacks,79.34,True,Afternoon
TXN00069,2026-07-20,CUST0466,Snacks,53.33,False,Evening
TXN00070,2026-07-20,CUST0481,Household,214.85,False,Afternoon
TXN00071,2026-07-20,CUST0491,Snacks,65.04,True,Afternoon
TXN00072,2026-07-20,CUST0498,Groceries,148.84,False,Evening
TXN00073,2026-07-20,CUST0510,Beverages,75.14,True,Morning
TXN00074,2026-07-20,CUST0511,Dairy,122.49,False,Morning
TXN00075,2026-07-20,CUST0516,Snacks,38.96,True,Evening
TXN00076,2026-07-20,CUST0527,Groceries,78.76,False,Afternoon
TXN00077,2026-07-20,CUST0532,Household,68.11,False,Morning
TXN00078,2026-07-20,CUST0533,Household,232.92,False,Evening
TXN00079,2026-07-20,CUST0534,Household,223.87,False,Morning
TXN00080,2026-07-20,CUST0536,Beverages,52.17,False,Afternoon
TXN00081,2026-07-20,CUST0543,Dairy,24.57,False,Afternoon
TXN00082,2026-07-20,CUST0554,Beverages,104.9,True,Evening
TXN00083,2026-07-20,CUST0565,Groceries,40.03,True,Afternoon
TXN00084,2026-07-20,CUST0569,Household,380.37,True,Afternoon
TXN00085,2026-07-20,CUST0570,Household,325.25,False,Afternoon
TXN00086,2026-07-20,CUST0574,Beverages,101.49,True,Afternoon
TXN00087,2026-07-20,CUST0579,Dairy,102.66,True,Morning
TXN00088,2026-07-20,CUST0587,Dairy,66.34,False,Morning
TXN00089,2026-07-20,CUST0592,Groceries,87.17,False,Morning
TXN00090,2026-07-20,CUST0593,Groceries,127.46,False,Evening
TXN00091,2026-07-20,CUST0594,Household,299.03,True,Evening
TXN00092,2026-07-20,CUST0595,Household,110.36,False,Morning
TXN00093,2026-07-20,CUST0601,Groceries,301.5,False,Morning
TXN00094,2026-07-20,CUST0605,Household,97.19,True,Evening
TXN00095,2026-07-20,CUST0608,Dairy,81.57,False,Evening
TXN00096,2026-07-20,CUST0612,Groceries,201.55,False,Afternoon
TXN00097,2026-07-20,CUST0619,Beverages,116.16,False,Afternoon
TXN00098,2026-07-21,CUST0002,Groceries,307.73,False,Morning
TXN00099,2026-07-21,CUST0011,Groceries,220.13,False,Morning
TXN00100,2026-07-21,CUST0014,Groceries,117.1,True,Evening
TXN00101,2026-07-21,CUST0019,Snacks,82.68,False,Afternoon
TXN00102,2026-07-21,CUST0029,Household,162.52,False,Afternoon
TXN00103,2026-07-21,CUST0030,Groceries,190.44,True,Evening
TXN00104,2026-07-21,CUST0033,Dairy,106.98,True,Evening
TXN00105,2026-07-21,CUST0038,Beverages,52.13,False,Evening
TXN00106,2026-07-21,CUST0042,Beverages,91.33,False,Evening
TXN00107,2026-07-21,CUST0043,Groceries,232.12,True,Evening
TXN00108,2026-07-21,CUST0046,Beverages,168.33,False,Evening
TXN00109,2026-07-21,CUST0047,Household,313.32,False,Evening
TXN00110,2026-07-21,CUST0052,Groceries,53.57,False,Morning
TXN00111,2026-07-21,CUST0054,Groceries,102.64,False,Afternoon
TXN00112,2026-07-21,CUST0056,Beverages,137.31,True,Afternoon
TXN00113,2026-07-21,CUST0060,Dairy,116.95,False,Evening
TXN00114,2026-07-21,CUST0061,Dairy,124.92,False,Morning
TXN00115,2026-07-21,CUST0071,Beverages,71.52,True,Afternoon
TXN00116,2026-07-21,CUST0072,Snacks,23.18,False,Evening
TXN00117,2026-07-21,CUST0075,Dairy,105.07,True,Evening
TXN00118,2026-07-21,CUST0079,Beverages,97.66,True,Morning
TXN00119,2026-07-21,CUST0085,Dairy,107.99,False,Evening
TXN00120,2026-07-21,CUST0107,Groceries,344.72,True,Afternoon
TXN00121,2026-07-21,CUST0114,Snacks,111.51,False,Morning
TXN00122,2026-07-21,CUST0128,Groceries,264.31,True,Evening
TXN00123,2026-07-21,CUST0129,Beverages,168.42,False,Morning
TXN00124,2026-07-21,CUST0130,Snacks,18.92,True,Afternoon
TXN00125,2026-07-21,CUST0145,Beverages,32.21,False,Afternoon
TXN00126,2026-07-21,CUST0147,Beverages,147.11,True,Morning
TXN00127,2026-07-21,CUST0153,Household,137.22,True,Evening
TXN00128,2026-07-21,CUST0157,Household,127.15,True,Morning
TXN00129,2026-07-21,CUST0195,Snacks,16.44,False,Afternoon
TXN00130,2026-07-21,CUST0197,Household,204.34,True,Afternoon
TXN00131,2026-07-21,CUST0199,Beverages,116.57,True,Evening
TXN00132,2026-07-21,CUST0202,Groceries,156.75,False,Evening
TXN00133,2026-07-21,CUST0206,Dairy,146.27,False,Afternoon
TXN00134,2026-07-21,CUST0210,Household,274.34,False,Evening
TXN00135,2026-07-21,CUST0214,Snacks,106.08,False,Morning
TXN00136,2026-07-21,CUST0219,Snacks,65.89,False,Afternoon
TXN00137,2026-07-21,CUST0221,Dairy,100.1,True,Morning
TXN00138,2026-07-21,CUST0223,Dairy,167.56,True,Afternoon
TXN00139,2026-07-21,CUST0226,Snacks,52.31,False,Morning
TXN00140,2026-07-21,CUST0231,Snacks,107.26,True,Evening
TXN00141,2026-07-21,CUST0233,Beverages,191.1,False,Evening
TXN00142,2026-07-21,CUST0237,Household,222.67,True,Morning
TXN00143,2026-07-21,CUST0260,Groceries,212.78,False,Morning
TXN00144,2026-07-21,CUST0275,Dairy,24.19,False,Evening
TXN00145,2026-07-21,CUST0282,Groceries,253.32,True,Morning
TXN00146,2026-07-21,CUST0289,Dairy,56.2,True,Afternoon
TXN00147,2026-07-21,CUST0295,Dairy,30.58,False,Evening
TXN00148,2026-07-21,CUST0304,Household,296.47,False,Evening
TXN00149,2026-07-21,CUST0311,Groceries,180.0,True,Afternoon
TXN00150,2026-07-21,CUST0312,Dairy,102.99,True,Afternoon
TXN00151,2026-07-21,CUST0317,Snacks,61.15,True,Afternoon
TXN00152,2026-07-21,CUST0320,Snacks,79.38,False,Morning
TXN00153,2026-07-21,CUST0321,Beverages,183.14,False,Evening
TXN00154,2026-07-21,CUST0324,Beverages,44.81,True,Morning
TXN00155,2026-07-21,CUST0327,Household,149.68,False,Evening
TXN00156,2026-07-21,CUST0328,Household,248.42,True,Evening
TXN00157,2026-07-21,CUST0329,Household,63.37,True,Evening
TXN00158,2026-07-21,CUST0332,Groceries,68.27,True,Afternoon
TXN00159,2026-07-21,CUST0334,Household,298.94,False,Morning
TXN00160,2026-07-21,CUST0336,Beverages,91.61,True,Afternoon
TXN00161,2026-07-21,CUST0340,Dairy,48.62,False,Evening
TXN00162,2026-07-21,CUST0347,Dairy,173.67,False,Morning
TXN00163,2026-07-21,CUST0348,Snacks,16.28,True,Evening
TXN00164,2026-07-21,CUST0358,Beverages,73.67,False,Morning
TXN00165,2026-07-21,CUST0362,Groceries,242.52,True,Morning
TXN00166,2026-07-21,CUST0368,Household,397.68,False,Evening
TXN00167,2026-07-21,CUST0369,Snacks,79.16,True,Evening
TXN00168,2026-07-21,CUST0376,Snacks,48.9,True,Evening
TXN00169,2026-07-21,CUST0380,Household,79.78,False,Morning
TXN00170,2026-07-21,CUST0387,Beverages,197.76,False,Afternoon
TXN00171,2026-07-21,CUST0398,Beverages,111.87,True,Morning
TXN00172,2026-07-21,CUST0412,Snacks,73.84,False,Evening
TXN00173,2026-07-21,CUST0414,Dairy,130.4,True,Afternoon
TXN00174,2026-07-21,CUST0419,Snacks,50.84,False,Morning
TXN00175,2026-07-21,CUST0422,Dairy,51.04,False,Morning
TXN00176,2026-07-21,CUST0427,Dairy,97.04,True,Afternoon
TXN00177,2026-07-21,CUST0439,Snacks,98.95,False,Afternoon
TXN00178,2026-07-21,CUST0444,Household,261.81,True,Evening
TXN00179,2026-07-21,CUST0452,Household,62.12,False,Afternoon
TXN00180,2026-07-21,CUST0460,Dairy,166.14,True,Afternoon
TXN00181,2026-07-21,CUST0461,Household,364.83,True,Evening
TXN00182,2026-07-21,CUST0473,Household,294.06,False,Afternoon
TXN00183,2026-07-21,CUST0475,Groceries,252.99,False,Afternoon
TXN00184,2026-07-21,CUST0479,Beverages,159.08,True,Evening
TXN00185,2026-07-21,CUST0480,Snacks,82.08,False,Afternoon
TXN00186,2026-07-21,CUST0488,Groceries,44.73,False,Afternoon
TXN00187,2026-07-21,CUST0491,Snacks,72.68,True,Afternoon
TXN00188,2026-07-21,CUST0495,Snacks,79.39,False,Evening
TXN00189,2026-07-21,CUST0498,Household,364.22,False,Evening
TXN00190,2026-07-21,CUST0499,Household,49.91,False,Morning
TXN00191,2026-07-21,CUST0515,Household,65.99,False,Afternoon
TXN00192,2026-07-21,CUST0521,Beverages,70.16,False,Evening
TXN00193,2026-07-21,CUST0523,Snacks,97.82,True,Morning
TXN00194,2026-07-21,CUST0525,Household,71.77,True,Morning
TXN00195,2026-07-21,CUST0533,Beverages,138.65,False,Evening
TXN00196,2026-07-21,CUST0559,Household,55.75,False,Morning
TXN00197,2026-07-21,CUST0566,Dairy,161.96,False,Afternoon
TXN00198,2026-07-21,CUST0568,Dairy,125.74,False,Evening
TXN00199,2026-07-21,CUST0573,Snacks,46.47,False,Afternoon
TXN00200,2026-07-21,CUST0589,Beverages,168.63,False,Afternoon
TXN00201,2026-07-21,CUST0602,Household,342.03,True,Morning
TXN00202,2026-07-21,CUST0607,Groceries,84.64,True,Afternoon
TXN00203,2026-07-22,CUST0004,Household,343.32,False,Morning
TXN00204,2026-07-22,CUST0024,Household,263.35,True,Evening
TXN00205,2026-07-22,CUST0032,Household,219.69,False,Morning
TXN00206,2026-07-22,CUST0039,Beverages,156.15,False,Morning
TXN00207,2026-07-22,CUST0044,Groceries,243.46,False,Evening
TXN00208,2026-07-22,CUST0047,Household,60.53,False,Evening
TXN00209,2026-07-22,CUST0051,Snacks,43.9,True,Evening
TXN00210,2026-07-22,CUST0061,Beverages,175.85,False,Morning
TXN00211,2026-07-22,CUST0066,Household,308.52,False,Evening
TXN00212,2026-07-22,CUST0071,Beverages,153.51,True,Afternoon
TXN00213,2026-07-22,CUST0075,Household,206.21,True,Evening
TXN00214,2026-07-22,CUST0110,Groceries,297.82,True,Evening
TXN00215,2026-07-22,CUST0111,Groceries,252.5,True,Afternoon
TXN00216,2026-07-22,CUST0114,Beverages,41.09,False,Morning
TXN00217,2026-07-22,CUST0121,Beverages,47.73,True,Morning
TXN00218,2026-07-22,CUST0137,Groceries,125.96,True,Evening
TXN00219,2026-07-22,CUST0142,Groceries,192.43,False,Afternoon
TXN00220,2026-07-22,CUST0145,Household,70.12,False,Afternoon
TXN00221,2026-07-22,CUST0149,Household,294.7,True,Afternoon
TXN00222,2026-07-22,CUST0171,Household,74.85,True,Evening
TXN00223,2026-07-22,CUST0184,Beverages,31.88,False,Evening
TXN00224,2026-07-22,CUST0186,Household,361.69,True,Afternoon
TXN00225,2026-07-22,CUST0192,Beverages,66.73,False,Afternoon
TXN00226,2026-07-22,CUST0200,Snacks,20.89,True,Afternoon
TXN00227,2026-07-22,CUST0201,Groceries,105.62,False,Morning
TXN00228,2026-07-22,CUST0209,Dairy,98.22,False,Afternoon
TXN00229,2026-07-22,CUST0210,Beverages,33.02,False,Evening
TXN00230,2026-07-22,CUST0212,Dairy,121.23,False,Afternoon
TXN00231,2026-07-22,CUST0214,Beverages,54.87,False,Morning
TXN00232,2026-07-22,CUST0217,Household,250.14,True,Evening
TXN00233,2026-07-22,CUST0219,Snacks,100.21,False,Afternoon
TXN00234,2026-07-22,CUST0225,Dairy,142.28,True,Afternoon
TXN00235,2026-07-22,CUST0227,Dairy,141.21,False,Afternoon
TXN00236,2026-07-22,CUST0230,Dairy,168.11,True,Afternoon
TXN00237,2026-07-22,CUST0231,Beverages,90.82,True,Evening
TXN00238,2026-07-22,CUST0234,Groceries,259.09,True,Afternoon
TXN00239,2026-07-22,CUST0249,Snacks,51.52,True,Evening
TXN00240,2026-07-22,CUST0257,Dairy,64.23,False,Morning
TXN00241,2026-07-22,CUST0258,Dairy,129.64,False,Morning
TXN00242,2026-07-22,CUST0263,Snacks,44.93,True,Afternoon
TXN00243,2026-07-22,CUST0267,Groceries,326.71,False,Afternoon
TXN00244,2026-07-22,CUST0281,Household,351.86,True,Evening
TXN00245,2026-07-22,CUST0286,Beverages,104.62,True,Afternoon
TXN00246,2026-07-22,CUST0287,Dairy,121.12,False,Evening
TXN00247,2026-07-22,CUST0289,Dairy,25.14,True,Afternoon
TXN00248,2026-07-22,CUST0295,Snacks,78.38,False,Evening
TXN00249,2026-07-22,CUST0299,Beverages,174.63,True,Morning
TXN00250,2026-07-22,CUST0313,Beverages,182.19,True,Afternoon
TXN00251,2026-07-22,CUST0314,Household,301.39,False,Evening
TXN00252,2026-07-22,CUST0320,Household,118.99,False,Morning
TXN00253,2026-07-22,CUST0322,Household,381.48,False,Evening
TXN00254,2026-07-22,CUST0323,Snacks,40.1,False,Afternoon
TXN00255,2026-07-22,CUST0325,Snacks,31.99,False,Morning
TXN00256,2026-07-22,CUST0331,Household,98.43,False,Evening
TXN00257,2026-07-22,CUST0335,Groceries,159.31,False,Afternoon
TXN00258,2026-07-22,CUST0343,Groceries,232.34,False,Evening
TXN00259,2026-07-22,CUST0349,Household,165.27,False,Afternoon
TXN00260,2026-07-22,CUST0352,Beverages,148.35,False,Afternoon
TXN00261,2026-07-22,CUST0355,Snacks,40.06,False,Afternoon
TXN00262,2026-07-22,CUST0356,Household,302.83,True,Evening
TXN00263,2026-07-22,CUST0365,Snacks,51.25,False,Morning
TXN00264,2026-07-22,CUST0378,Household,62.3,False,Afternoon
TXN00265,2026-07-22,CUST0380,Groceries,73.9,False,Morning
TXN00266,2026-07-22,CUST0416,Snacks,44.86,False,Morning
TXN00267,2026-07-22,CUST0419,Beverages,74.92,False,Morning
TXN00268,2026-07-22,CUST0424,Dairy,38.71,False,Afternoon
TXN00269,2026-07-22,CUST0429,Groceries,246.32,False,Afternoon
TXN00270,2026-07-22,CUST0435,Household,314.35,False,Afternoon
TXN00271,2026-07-22,CUST0452,Household,363.06,False,Afternoon
TXN00272,2026-07-22,CUST0459,Groceries,228.53,True,Afternoon
TXN00273,2026-07-22,CUST0463,Groceries,206.91,False,Afternoon
TXN00274,2026-07-22,CUST0466,Beverages,94.02,False,Evening
TXN00275,2026-07-22,CUST0470,Snacks,56.74,False,Afternoon
TXN00276,2026-07-22,CUST0474,Snacks,51.89,False,Afternoon
TXN00277,2026-07-22,CUST0487,Beverages,129.64,True,Morning
TXN00278,2026-07-22,CUST0495,Snacks,58.52,False,Evening
TXN00279,2026-07-22,CUST0499,Dairy,153.17,False,Morning
TXN00280,2026-07-22,CUST0513,Snacks,58.8,False,Morning
TXN00281,2026-07-22,CUST0520,Snacks,76.01,True,Afternoon
TXN00282,2026-07-22,CUST0525,Beverages,153.27,True,Morning
TXN00283,2026-07-22,CUST0532,Snacks,59.05,False,Morning
TXN00284,2026-07-22,CUST0540,Groceries,225.62,True,Evening
TXN00285,2026-07-22,CUST0550,Dairy,102.91,True,Morning
TXN00286,2026-07-22,CUST0554,Dairy,100.54,True,Evening
TXN00287,2026-07-22,CUST0565,Dairy,167.75,True,Afternoon
TXN00288,2026-07-22,CUST0574,Groceries,108.93,True,Afternoon
TXN00289,2026-07-22,CUST0575,Dairy,69.19,True,Morning
TXN00290,2026-07-22,CUST0579,Groceries,280.15,True,Morning
TXN00291,2026-07-22,CUST0580,Groceries,50.17,True,Morning
TXN00292,2026-07-22,CUST0584,Snacks,85.1,False,Afternoon
TXN00293,2026-07-22,CUST0588,Dairy,49.57,True,Morning
TXN00294,2026-07-22,CUST0589,Snacks,114.62,False,Afternoon
TXN00295,2026-07-22,CUST0591,Beverages,161.64,False,Evening
TXN00296,2026-07-22,CUST0594,Beverages,158.57,True,Evening
TXN00297,2026-07-22,CUST0599,Groceries,326.51,False,Evening
TXN00298,2026-07-22,CUST0605,Snacks,118.04,True,Evening
TXN00299,2026-07-22,CUST0616,Household,72.82,True,Morning
TXN00300,2026-07-23,CUST0005,Household,377.46,True,Afternoon
TXN00301,2026-07-23,CUST0006,Household,278.68,True,Afternoon
TXN00302,2026-07-23,CUST0015,Snacks,117.4,False,Afternoon
TXN00303,2026-07-23,CUST0019,Household,298.32,False,Afternoon
TXN00304,2026-07-23,CUST0033,Snacks,66.38,True,Evening
TXN00305,2026-07-23,CUST0035,Groceries,297.4,True,Morning
TXN00306,2026-07-23,CUST0036,Dairy,81.22,True,Morning
TXN00307,2026-07-23,CUST0037,Beverages,134.07,True,Afternoon
TXN00308,2026-07-23,CUST0048,Groceries,347.12,True,Afternoon
TXN00309,2026-07-23,CUST0053,Dairy,109.07,True,Afternoon
TXN00310,2026-07-23,CUST0057,Household,210.36,False,Morning
TXN00311,2026-07-23,CUST0073,Groceries,79.74,True,Morning
TXN00312,2026-07-23,CUST0086,Groceries,309.37,True,Evening
TXN00313,2026-07-23,CUST0087,Beverages,82.07,True,Afternoon
TXN00314,2026-07-23,CUST0114,Beverages,95.35,False,Morning
TXN00315,2026-07-23,CUST0117,Beverages,41.58,False,Morning
TXN00316,2026-07-23,CUST0119,Beverages,108.17,True,Evening
TXN00317,2026-07-23,CUST0126,Household,122.97,False,Evening
TXN00318,2026-07-23,CUST0133,Household,108.79,False,Afternoon
TXN00319,2026-07-23,CUST0145,Dairy,139.43,False,Afternoon
TXN00320,2026-07-23,CUST0160,Snacks,63.74,False,Evening
TXN00321,2026-07-23,CUST0164,Dairy,63.63,False,Morning
TXN00322,2026-07-23,CUST0165,Snacks,84.16,True,Evening
TXN00323,2026-07-23,CUST0169,Groceries,137.31,True,Afternoon
TXN00324,2026-07-23,CUST0170,Household,361.81,False,Afternoon
TXN00325,2026-07-23,CUST0179,Beverages,191.19,False,Morning
TXN00326,2026-07-23,CUST0184,Snacks,49.58,False,Evening
TXN00327,2026-07-23,CUST0208,Beverages,31.09,True,Evening
TXN00328,2026-07-23,CUST0210,Dairy,60.48,False,Evening
TXN00329,2026-07-23,CUST0219,Household,373.18,False,Afternoon
TXN00330,2026-07-23,CUST0242,Snacks,68.17,False,Morning
TXN00331,2026-07-23,CUST0248,Groceries,238.83,False,Morning
TXN00332,2026-07-23,CUST0249,Household,322.68,True,Evening
TXN00333,2026-07-23,CUST0254,Beverages,149.87,False,Evening
TXN00334,2026-07-23,CUST0257,Beverages,145.01,False,Morning
TXN00335,2026-07-23,CUST0279,Dairy,27.97,False,Morning
TXN00336,2026-07-23,CUST0284,Beverages,45.54,True,Afternoon
TXN00337,2026-07-23,CUST0289,Dairy,50.49,True,Afternoon
TXN00338,2026-07-23,CUST0293,Dairy,116.01,False,Morning
TXN00339,2026-07-23,CUST0299,Snacks,117.49,True,Morning
TXN00340,2026-07-23,CUST0309,Household,292.13,False,Morning
TXN00341,2026-07-23,CUST0312,Groceries,56.15,False,Afternoon
TXN00342,2026-07-23,CUST0320,Beverages,133.44,False,Morning
TXN00343,2026-07-23,CUST0331,Snacks,89.58,False,Evening
TXN00344,2026-07-23,CUST0347,Household,312.56,False,Morning
TXN00345,2026-07-23,CUST0352,Dairy,28.73,False,Afternoon
TXN00346,2026-07-23,CUST0355,Household,191.48,False,Afternoon
TXN00347,2026-07-23,CUST0358,Snacks,118.83,False,Morning
TXN00348,2026-07-23,CUST0363,Snacks,24.83,False,Afternoon
TXN00349,2026-07-23,CUST0365,Dairy,139.99,False,Morning
TXN00350,2026-07-23,CUST0369,Groceries,203.06,True,Evening
TXN00351,2026-07-23,CUST0375,Groceries,162.19,False,Morning
TXN00352,2026-07-23,CUST0379,Groceries,182.67,False,Afternoon
TXN00353,2026-07-23,CUST0386,Beverages,191.41,True,Morning
TXN00354,2026-07-23,CUST0391,Groceries,288.48,True,Evening
TXN00355,2026-07-23,CUST0401,Dairy,46.07,True,Morning
TXN00356,2026-07-23,CUST0425,Snacks,117.19,True,Afternoon
TXN00357,2026-07-23,CUST0433,Household,141.15,False,Afternoon
TXN00358,2026-07-23,CUST0451,Household,96.43,True,Evening
TXN00359,2026-07-23,CUST0463,Dairy,32.52,False,Afternoon
TXN00360,2026-07-23,CUST0468,Household,73.17,True,Afternoon
TXN00361,2026-07-23,CUST0483,Groceries,292.95,True,Morning
TXN00362,2026-07-23,CUST0485,Household,269.99,True,Morning
TXN00363,2026-07-23,CUST0489,Snacks,95.82,False,Morning
TXN00364,2026-07-23,CUST0490,Household,38.07,True,Morning
TXN00365,2026-07-23,CUST0491,Household,386.63,True,Afternoon
TXN00366,2026-07-23,CUST0494,Beverages,170.15,True,Evening
TXN00367,2026-07-23,CUST0496,Household,392.41,True,Morning
TXN00368,2026-07-23,CUST0512,Household,358.98,True,Afternoon
TXN00369,2026-07-23,CUST0537,Dairy,65.19,True,Afternoon
TXN00370,2026-07-23,CUST0539,Dairy,45.01,False,Afternoon
TXN00371,2026-07-23,CUST0550,Beverages,30.59,True,Morning
TXN00372,2026-07-23,CUST0553,Dairy,97.82,False,Afternoon
TXN00373,2026-07-23,CUST0564,Household,325.63,False,Evening
TXN00374,2026-07-23,CUST0570,Beverages,32.34,False,Afternoon
TXN00375,2026-07-23,CUST0571,Groceries,309.97,False,Afternoon
TXN00376,2026-07-23,CUST0572,Snacks,89.36,True,Afternoon
TXN00377,2026-07-23,CUST0575,Snacks,50.13,True,Morning
TXN00378,2026-07-23,CUST0584,Snacks,90.1,False,Afternoon
TXN00379,2026-07-23,CUST0591,Household,182.96,False,Evening
TXN00380,2026-07-23,CUST0597,Dairy,143.22,True,Evening
TXN00381,2026-07-23,CUST0605,Dairy,164.4,True,Evening
TXN00382,2026-07-23,CUST0617,Snacks,109.52,False,Morning
TXN00383,2026-07-23,CUST0619,Household,195.09,False,Afternoon
TXN00384,2026-07-24,CUST0010,Snacks,55.95,True,Evening
TXN00385,2026-07-24,CUST0014,Beverages,121.56,True,Evening
TXN00386,2026-07-24,CUST0017,Beverages,128.69,False,Morning
TXN00387,2026-07-24,CUST0023,Snacks,42.27,False,Evening
TXN00388,2026-07-24,CUST0025,Groceries,179.11,True,Afternoon
TXN00389,2026-07-24,CUST0026,Snacks,118.21,True,Evening
TXN00390,2026-07-24,CUST0045,Household,336.52,True,Morning
TXN00391,2026-07-24,CUST0046,Dairy,96.2,False,Evening
TXN00392,2026-07-24,CUST0061,Dairy,97.56,False,Morning
TXN00393,2026-07-24,CUST0068,Dairy,171.05,False,Afternoon
TXN00394,2026-07-24,CUST0075,Dairy,38.84,True,Evening
TXN00395,2026-07-24,CUST0078,Dairy,42.74,False,Morning
TXN00396,2026-07-24,CUST0080,Snacks,108.35,False,Afternoon
TXN00397,2026-07-24,CUST0081,Household,30.77,True,Morning
TXN00398,2026-07-24,CUST0083,Household,242.03,False,Afternoon
TXN00399,2026-07-24,CUST0113,Beverages,39.9,False,Afternoon
TXN00400,2026-07-24,CUST0120,Beverages,56.46,False,Afternoon
TXN00401,2026-07-24,CUST0121,Dairy,59.25,True,Morning
TXN00402,2026-07-24,CUST0127,Groceries,145.39,False,Afternoon
TXN00403,2026-07-24,CUST0128,Groceries,306.49,True,Evening
TXN00404,2026-07-24,CUST0130,Groceries,207.95,True,Afternoon
TXN00405,2026-07-24,CUST0133,Household,281.09,True,Afternoon
TXN00406,2026-07-24,CUST0139,Snacks,42.08,False,Evening
TXN00407,2026-07-24,CUST0141,Dairy,140.34,False,Afternoon
TXN00408,2026-07-24,CUST0147,Household,234.65,True,Morning
TXN00409,2026-07-24,CUST0148,Dairy,166.2,False,Evening
TXN00410,2026-07-24,CUST0149,Beverages,193.61,True,Afternoon
TXN00411,2026-07-24,CUST0166,Household,385.61,True,Evening
TXN00412,2026-07-24,CUST0168,Groceries,329.39,True,Afternoon
TXN00413,2026-07-24,CUST0176,Beverages,123.54,False,Afternoon
TXN00414,2026-07-24,CUST0179,Dairy,136.01,False,Morning
TXN00415,2026-07-24,CUST0193,Beverages,82.48,False,Evening
TXN00416,2026-07-24,CUST0195,Groceries,228.72,False,Afternoon
TXN00417,2026-07-24,CUST0196,Groceries,248.54,False,Morning
TXN00418,2026-07-24,CUST0205,Household,278.73,True,Afternoon
TXN00419,2026-07-24,CUST0209,Groceries,78.68,False,Afternoon
TXN00420,2026-07-24,CUST0211,Groceries,108.67,True,Afternoon
TXN00421,2026-07-24,CUST0215,Beverages,134.42,False,Evening
TXN00422,2026-07-24,CUST0220,Household,364.67,True,Evening
TXN00423,2026-07-24,CUST0221,Dairy,177.48,True,Morning
TXN00424,2026-07-24,CUST0225,Dairy,125.57,True,Afternoon
TXN00425,2026-07-24,CUST0229,Groceries,79.5,False,Afternoon
TXN00426,2026-07-24,CUST0235,Beverages,132.53,True,Morning
TXN00427,2026-07-24,CUST0237,Household,267.16,False,Morning
TXN00428,2026-07-24,CUST0238,Snacks,60.42,False,Morning
TXN00429,2026-07-24,CUST0249,Dairy,73.55,True,Evening
TXN00430,2026-07-24,CUST0256,Snacks,47.63,False,Evening
TXN00431,2026-07-24,CUST0258,Household,189.82,False,Morning
TXN00432,2026-07-24,CUST0259,Snacks,103.25,False,Afternoon
TXN00433,2026-07-24,CUST0267,Beverages,133.42,False,Afternoon
TXN00434,2026-07-24,CUST0272,Groceries,156.99,False,Afternoon
TXN00435,2026-07-24,CUST0278,Beverages,134.58,False,Evening
TXN00436,2026-07-24,CUST0279,Groceries,213.37,False,Morning
TXN00437,2026-07-24,CUST0287,Household,201.76,False,Evening
TXN00438,2026-07-24,CUST0290,Groceries,180.76,True,Evening
TXN00439,2026-07-24,CUST0292,Beverages,149.83,True,Morning
TXN00440,2026-07-24,CUST0295,Beverages,69.85,False,Evening
TXN00441,2026-07-24,CUST0301,Snacks,76.37,False,Evening
TXN00442,2026-07-24,CUST0307,Household,144.21,True,Afternoon
TXN00443,2026-07-24,CUST0309,Beverages,140.09,False,Morning
TXN00444,2026-07-24,CUST0310,Dairy,101.14,True,Afternoon
TXN00445,2026-07-24,CUST0313,Dairy,122.49,True,Afternoon
TXN00446,2026-07-24,CUST0314,Dairy,126.86,False,Evening
TXN00447,2026-07-24,CUST0323,Household,354.16,False,Afternoon
TXN00448,2026-07-24,CUST0330,Household,301.8,False,Evening
TXN00449,2026-07-24,CUST0334,Groceries,152.47,True,Morning
TXN00450,2026-07-24,CUST0335,Groceries,84.14,False,Afternoon
TXN00451,2026-07-24,CUST0341,Snacks,33.29,False,Morning
TXN00452,2026-07-24,CUST0346,Groceries,94.58,True,Afternoon
TXN00453,2026-07-24,CUST0347,Dairy,80.63,False,Morning
TXN00454,2026-07-24,CUST0349,Dairy,68.81,False,Afternoon
TXN00455,2026-07-24,CUST0359,Dairy,147.18,True,Morning
TXN00456,2026-07-24,CUST0365,Beverages,127.78,False,Morning
TXN00457,2026-07-24,CUST0380,Household,307.98,False,Morning
TXN00458,2026-07-24,CUST0394,Dairy,163.18,True,Evening
TXN00459,2026-07-24,CUST0399,Snacks,41.73,True,Evening
TXN00460,2026-07-24,CUST0404,Beverages,133.7,True,Morning
TXN00461,2026-07-24,CUST0420,Groceries,151.67,True,Morning
TXN00462,2026-07-24,CUST0427,Beverages,199.65,False,Afternoon
TXN00463,2026-07-24,CUST0431,Snacks,44.59,False,Afternoon
TXN00464,2026-07-24,CUST0437,Beverages,198.12,False,Evening
TXN00465,2026-07-24,CUST0441,Dairy,102.53,True,Evening
TXN00466,2026-07-24,CUST0447,Household,107.55,False,Afternoon
TXN00467,2026-07-24,CUST0452,Groceries,194.94,False,Afternoon
TXN00468,2026-07-24,CUST0463,Dairy,44.59,False,Afternoon
TXN00469,2026-07-24,CUST0471,Household,53.57,True,Afternoon
TXN00470,2026-07-24,CUST0482,Dairy,31.12,False,Morning
TXN00471,2026-07-24,CUST0487,Groceries,154.28,True,Morning
TXN00472,2026-07-24,CUST0492,Household,206.95,False,Evening
TXN00473,2026-07-24,CUST0493,Dairy,40.79,False,Morning
TXN00474,2026-07-24,CUST0494,Household,332.62,True,Evening
TXN00475,2026-07-24,CUST0495,Beverages,189.35,False,Evening
TXN00476,2026-07-24,CUST0500,Dairy,91.32,True,Evening
TXN00477,2026-07-24,CUST0507,Groceries,129.25,False,Evening
TXN00478,2026-07-24,CUST0515,Dairy,48.73,False,Afternoon
TXN00479,2026-07-24,CUST0521,Groceries,114.31,False,Evening
TXN00480,2026-07-24,CUST0534,Groceries,196.36,False,Morning
TXN00481,2026-07-24,CUST0537,Dairy,100.97,True,Afternoon
TXN00482,2026-07-24,CUST0538,Household,171.03,True,Evening
TXN00483,2026-07-24,CUST0541,Groceries,259.82,False,Evening
TXN00484,2026-07-24,CUST0542,Household,209.36,False,Morning
TXN00485,2026-07-24,CUST0543,Beverages,139.98,False,Afternoon
TXN00486,2026-07-24,CUST0548,Groceries,228.17,False,Morning
TXN00487,2026-07-24,CUST0549,Groceries,205.74,True,Evening
TXN00488,2026-07-24,CUST0550,Groceries,249.99,True,Morning
TXN00489,2026-07-24,CUST0553,Beverages,62.83,False,Afternoon
TXN00490,2026-07-24,CUST0563,Household,313.83,False,Afternoon
TXN00491,2026-07-24,CUST0571,Groceries,108.38,True,Afternoon
TXN00492,2026-07-24,CUST0574,Dairy,27.04,True,Afternoon
TXN00493,2026-07-24,CUST0583,Snacks,33.23,False,Evening
TXN00494,2026-07-24,CUST0588,Snacks,83.24,True,Morning
TXN00495,2026-07-24,CUST0589,Dairy,85.78,False,Afternoon
TXN00496,2026-07-24,CUST0598,Snacks,118.05,True,Afternoon
TXN00497,2026-07-25,CUST0006,Dairy,122.73,True,Afternoon
TXN00498,2026-07-25,CUST0011,Snacks,82.58,False,Morning
TXN00499,2026-07-25,CUST0017,Snacks,50.99,False,Morning
TXN00500,2026-07-25,CUST0018,Groceries,321.06,True,Evening
TXN00501,2026-07-25,CUST0026,Household,55.89,True,Evening
TXN00502,2026-07-25,CUST0029,Groceries,93.84,False,Afternoon
TXN00503,2026-07-25,CUST0037,Household,95.28,True,Afternoon
TXN00504,2026-07-25,CUST0043,Snacks,56.82,True,Evening
TXN00505,2026-07-25,CUST0050,Household,188.14,True,Afternoon
TXN00506,2026-07-25,CUST0065,Beverages,152.81,False,Morning
TXN00507,2026-07-25,CUST0077,Beverages,53.41,False,Evening
TXN00508,2026-07-25,CUST0086,Household,372.81,True,Evening
TXN00509,2026-07-25,CUST0088,Snacks,81.25,False,Afternoon
TXN00510,2026-07-25,CUST0099,Groceries,239.76,False,Morning
TXN00511,2026-07-25,CUST0105,Household,91.35,False,Evening
TXN00512,2026-07-25,CUST0116,Beverages,160.92,False,Evening
TXN00513,2026-07-25,CUST0125,Groceries,279.86,False,Evening
TXN00514,2026-07-25,CUST0130,Dairy,132.65,True,Afternoon
TXN00515,2026-07-25,CUST0136,Dairy,149.47,True,Evening
TXN00516,2026-07-25,CUST0141,Dairy,32.77,False,Afternoon
TXN00517,2026-07-25,CUST0142,Groceries,125.8,False,Afternoon
TXN00518,2026-07-25,CUST0147,Groceries,122.49,False,Morning
TXN00519,2026-07-25,CUST0150,Dairy,103.57,True,Morning
TXN00520,2026-07-25,CUST0165,Snacks,106.67,True,Evening
TXN00521,2026-07-25,CUST0166,Household,298.33,True,Evening
TXN00522,2026-07-25,CUST0167,Beverages,46.51,True,Evening
TXN00523,2026-07-25,CUST0176,Snacks,16.75,False,Afternoon
TXN00524,2026-07-25,CUST0178,Snacks,86.18,False,Afternoon
TXN00525,2026-07-25,CUST0197,Household,324.82,True,Afternoon
TXN00526,2026-07-25,CUST0201,Household,383.37,False,Morning
TXN00527,2026-07-25,CUST0210,Snacks,109.78,False,Evening
TXN00528,2026-07-25,CUST0216,Dairy,167.64,False,Afternoon
TXN00529,2026-07-25,CUST0236,Snacks,92.76,False,Morning
TXN00530,2026-07-25,CUST0244,Groceries,222.92,True,Afternoon
TXN00531,2026-07-25,CUST0254,Household,146.89,False,Evening
TXN00532,2026-07-25,CUST0257,Household,84.55,False,Morning
TXN00533,2026-07-25,CUST0262,Snacks,47.43,False,Evening
TXN00534,2026-07-25,CUST0263,Beverages,108.7,True,Afternoon
TXN00535,2026-07-25,CUST0270,Dairy,132.07,True,Evening
TXN00536,2026-07-25,CUST0272,Household,299.14,False,Afternoon
TXN00537,2026-07-25,CUST0277,Household,154.84,False,Afternoon
TXN00538,2026-07-25,CUST0285,Beverages,93.91,False,Afternoon
TXN00539,2026-07-25,CUST0286,Beverages,176.52,True,Afternoon
TXN00540,2026-07-25,CUST0294,Dairy,137.65,False,Afternoon
TXN00541,2026-07-25,CUST0295,Beverages,42.84,False,Evening
TXN00542,2026-07-25,CUST0301,Groceries,69.77,False,Evening
TXN00543,2026-07-25,CUST0303,Groceries,76.38,False,Evening
TXN00544,2026-07-25,CUST0307,Household,120.65,True,Afternoon
TXN00545,2026-07-25,CUST0316,Household,350.01,False,Evening
TXN00546,2026-07-25,CUST0321,Groceries,77.84,False,Evening
TXN00547,2026-07-25,CUST0329,Beverages,56.69,True,Evening
TXN00548,2026-07-25,CUST0334,Beverages,57.36,True,Morning
TXN00549,2026-07-25,CUST0335,Beverages,168.06,False,Afternoon
TXN00550,2026-07-25,CUST0338,Beverages,119.32,False,Afternoon
TXN00551,2026-07-25,CUST0342,Groceries,96.01,True,Afternoon
TXN00552,2026-07-25,CUST0343,Beverages,103.27,False,Evening
TXN00553,2026-07-25,CUST0345,Beverages,61.09,False,Afternoon
TXN00554,2026-07-25,CUST0346,Beverages,69.93,True,Afternoon
TXN00555,2026-07-25,CUST0347,Groceries,196.91,False,Morning
TXN00556,2026-07-25,CUST0352,Snacks,19.85,False,Afternoon
TXN00557,2026-07-25,CUST0357,Household,287.19,True,Evening
TXN00558,2026-07-25,CUST0362,Groceries,113.5,True,Morning
TXN00559,2026-07-25,CUST0369,Beverages,98.85,True,Evening
TXN00560,2026-07-25,CUST0378,Snacks,119.51,False,Afternoon
TXN00561,2026-07-25,CUST0380,Snacks,74.18,False,Morning
TXN00562,2026-07-25,CUST0383,Dairy,70.62,True,Morning
TXN00563,2026-07-25,CUST0398,Dairy,80.58,True,Morning
TXN00564,2026-07-25,CUST0400,Snacks,76.83,False,Afternoon
TXN00565,2026-07-25,CUST0408,Snacks,114.38,False,Evening
TXN00566,2026-07-25,CUST0418,Beverages,149.81,False,Morning
TXN00567,2026-07-25,CUST0420,Beverages,153.7,True,Morning
TXN00568,2026-07-25,CUST0427,Snacks,98.84,True,Afternoon
TXN00569,2026-07-25,CUST0438,Groceries,63.77,True,Morning
TXN00570,2026-07-25,CUST0439,Beverages,35.05,False,Afternoon
TXN00571,2026-07-25,CUST0485,Snacks,65.73,True,Morning
TXN00572,2026-07-25,CUST0486,Beverages,93.88,False,Morning
TXN00573,2026-07-25,CUST0494,Groceries,230.81,True,Evening
TXN00574,2026-07-25,CUST0496,Dairy,84.33,True,Morning
TXN00575,2026-07-25,CUST0498,Beverages,115.01,False,Evening
TXN00576,2026-07-25,CUST0499,Groceries,323.06,False,Morning
TXN00577,2026-07-25,CUST0500,Snacks,38.74,True,Evening
TXN00578,2026-07-25,CUST0503,Snacks,26.41,False,Morning
TXN00579,2026-07-25,CUST0511,Dairy,65.58,True,Morning
TXN00580,2026-07-25,CUST0514,Dairy,171.74,False,Morning
TXN00581,2026-07-25,CUST0521,Household,215.69,False,Evening
TXN00582,2026-07-25,CUST0525,Groceries,285.74,True,Morning
TXN00583,2026-07-25,CUST0527,Dairy,28.33,False,Afternoon
TXN00584,2026-07-25,CUST0531,Household,137.1,False,Morning
TXN00585,2026-07-25,CUST0535,Beverages,57.7,False,Afternoon
TXN00586,2026-07-25,CUST0537,Snacks,119.4,True,Afternoon
TXN00587,2026-07-25,CUST0539,Groceries,257.35,False,Afternoon
TXN00588,2026-07-25,CUST0547,Dairy,168.66,False,Evening
TXN00589,2026-07-25,CUST0550,Groceries,157.91,True,Morning
TXN00590,2026-07-25,CUST0555,Household,268.23,False,Evening
TXN00591,2026-07-25,CUST0562,Groceries,40.17,False,Afternoon
TXN00592,2026-07-25,CUST0572,Groceries,251.72,True,Afternoon
TXN00593,2026-07-25,CUST0573,Snacks,92.84,False,Afternoon
TXN00594,2026-07-25,CUST0579,Household,62.28,True,Morning
TXN00595,2026-07-25,CUST0582,Dairy,50.87,False,Morning
TXN00596,2026-07-25,CUST0584,Beverages,133.33,False,Afternoon
TXN00597,2026-07-25,CUST0589,Dairy,50.67,False,Afternoon
TXN00598,2026-07-25,CUST0600,Household,223.79,False,Morning
TXN00599,2026-07-25,CUST0602,Snacks,88.15,True,Morning
TXN00600,2026-07-25,CUST0603,Beverages,35.64,False,Evening
TXN00601,2026-07-25,CUST0605,Household,213.16,True,Evening
TXN00602,2026-07-25,CUST0607,Household,307.77,True,Afternoon
TXN00603,2026-07-25,CUST0612,Dairy,114.74,False,Afternoon
TXN00604,2026-07-25,CUST0613,Beverages,104.7,True,Evening
TXN00605,2026-07-25,CUST0619,Groceries,205.41,False,Afternoon
TXN00606,2026-07-26,CUST0006,Dairy,178.33,True,Afternoon
TXN00607,2026-07-26,CUST0015,Beverages,76.61,False,Afternoon
TXN00608,2026-07-26,CUST0018,Snacks,38.02,False,Evening
TXN00609,2026-07-26,CUST0019,Groceries,206.59,False,Afternoon
TXN00610,2026-07-26,CUST0023,Household,379.89,False,Evening
TXN00611,2026-07-26,CUST0027,Household,111.64,False,Evening
TXN00612,2026-07-26,CUST0037,Dairy,93.5,True,Afternoon
TXN00613,2026-07-26,CUST0038,Beverages,110.84,False,Evening
TXN00614,2026-07-26,CUST0041,Dairy,161.64,True,Afternoon
TXN00615,2026-07-26,CUST0043,Dairy,31.53,True,Evening
TXN00616,2026-07-26,CUST0046,Beverages,49.03,False,Evening
TXN00617,2026-07-26,CUST0048,Groceries,157.14,True,Afternoon
TXN00618,2026-07-26,CUST0052,Dairy,143.22,False,Morning
TXN00619,2026-07-26,CUST0057,Groceries,208.13,False,Morning
TXN00620,2026-07-26,CUST0061,Beverages,181.17,False,Morning
TXN00621,2026-07-26,CUST0069,Groceries,71.87,True,Evening
TXN00622,2026-07-26,CUST0072,Dairy,23.84,False,Evening
TXN00623,2026-07-26,CUST0081,Dairy,178.52,True,Morning
TXN00624,2026-07-26,CUST0088,Groceries,227.4,False,Afternoon
TXN00625,2026-07-26,CUST0089,Beverages,83.6,False,Evening
TXN00626,2026-07-26,CUST0107,Dairy,82.5,True,Afternoon
TXN00627,2026-07-26,CUST0110,Beverages,99.8,True,Evening
TXN00628,2026-07-26,CUST0111,Snacks,119.45,True,Afternoon
TXN00629,2026-07-26,CUST0135,Groceries,152.34,True,Afternoon
TXN00630,2026-07-26,CUST0136,Groceries,58.47,True,Evening
TXN00631,2026-07-26,CUST0141,Beverages,195.07,False,Afternoon
TXN00632,2026-07-26,CUST0145,Dairy,38.76,False,Afternoon
TXN00633,2026-07-26,CUST0147,Groceries,255.8,True,Morning
TXN00634,2026-07-26,CUST0148,Groceries,245.45,False,Evening
TXN00635,2026-07-26,CUST0149,Beverages,177.33,True,Afternoon
TXN00636,2026-07-26,CUST0152,Beverages,170.44,True,Evening
TXN00637,2026-07-26,CUST0162,Groceries,88.33,True,Morning
TXN00638,2026-07-26,CUST0163,Dairy,100.53,True,Morning
TXN00639,2026-07-26,CUST0177,Dairy,84.06,True,Afternoon
TXN00640,2026-07-26,CUST0192,Snacks,78.33,False,Afternoon
TXN00641,2026-07-26,CUST0194,Snacks,32.09,False,Evening
TXN00642,2026-07-26,CUST0195,Dairy,115.54,False,Afternoon
TXN00643,2026-07-26,CUST0200,Snacks,23.93,True,Afternoon
TXN00644,2026-07-26,CUST0201,Household,46.9,False,Morning
TXN00645,2026-07-26,CUST0204,Snacks,93.93,False,Evening
TXN00646,2026-07-26,CUST0209,Groceries,142.71,False,Afternoon
TXN00647,2026-07-26,CUST0214,Household,206.47,False,Morning
TXN00648,2026-07-26,CUST0216,Dairy,44.25,False,Afternoon
TXN00649,2026-07-26,CUST0219,Dairy,161.5,False,Afternoon
TXN00650,2026-07-26,CUST0238,Beverages,131.2,False,Morning
TXN00651,2026-07-26,CUST0242,Snacks,72.45,False,Morning
TXN00652,2026-07-26,CUST0249,Snacks,75.53,True,Evening
TXN00653,2026-07-26,CUST0270,Household,217.2,True,Evening
TXN00654,2026-07-26,CUST0278,Groceries,130.1,False,Evening
TXN00655,2026-07-26,CUST0279,Household,345.92,False,Morning
TXN00656,2026-07-26,CUST0287,Dairy,137.08,False,Evening
TXN00657,2026-07-26,CUST0299,Dairy,171.77,True,Morning
TXN00658,2026-07-26,CUST0300,Beverages,30.48,False,Evening
TXN00659,2026-07-26,CUST0307,Groceries,335.32,True,Afternoon
TXN00660,2026-07-26,CUST0310,Groceries,124.91,True,Afternoon
TXN00661,2026-07-26,CUST0314,Snacks,34.33,False,Evening
TXN00662,2026-07-26,CUST0315,Household,156.55,True,Morning
TXN00663,2026-07-26,CUST0316,Snacks,113.9,False,Evening
TXN00664,2026-07-26,CUST0327,Beverages,132.89,False,Evening
TXN00665,2026-07-26,CUST0334,Household,375.51,True,Morning
TXN00666,2026-07-26,CUST0346,Dairy,87.23,True,Afternoon
TXN00667,2026-07-26,CUST0347,Household,109.97,False,Morning
TXN00668,2026-07-26,CUST0349,Beverages,192.14,False,Afternoon
TXN00669,2026-07-26,CUST0355,Household,270.1,False,Afternoon
TXN00670,2026-07-26,CUST0362,Dairy,93.41,True,Morning
TXN00671,2026-07-26,CUST0364,Household,171.18,False,Morning
TXN00672,2026-07-26,CUST0374,Groceries,231.04,True,Evening
TXN00673,2026-07-26,CUST0378,Household,216.24,False,Afternoon
TXN00674,2026-07-26,CUST0385,Household,381.7,False,Evening
TXN00675,2026-07-26,CUST0402,Household,42.09,False,Morning
TXN00676,2026-07-26,CUST0403,Snacks,103.28,True,Afternoon
TXN00677,2026-07-26,CUST0406,Beverages,198.75,True,Evening
TXN00678,2026-07-26,CUST0420,Dairy,100.68,True,Morning
TXN00679,2026-07-26,CUST0427,Groceries,47.95,True,Afternoon
TXN00680,2026-07-26,CUST0429,Beverages,148.83,False,Afternoon
TXN00681,2026-07-26,CUST0433,Household,264.75,False,Afternoon
TXN00682,2026-07-26,CUST0435,Dairy,67.51,True,Afternoon
TXN00683,2026-07-26,CUST0449,Snacks,42.51,True,Morning
TXN00684,2026-07-26,CUST0454,Groceries,168.26,False,Morning
TXN00685,2026-07-26,CUST0457,Household,168.84,True,Afternoon
TXN00686,2026-07-26,CUST0460,Groceries,320.13,True,Afternoon
TXN00687,2026-07-26,CUST0463,Snacks,119.34,False,Afternoon
TXN00688,2026-07-26,CUST0470,Groceries,206.15,False,Afternoon
TXN00689,2026-07-26,CUST0476,Dairy,55.16,True,Evening
TXN00690,2026-07-26,CUST0488,Dairy,51.66,False,Afternoon
TXN00691,2026-07-26,CUST0492,Beverages,79.53,False,Evening
TXN00692,2026-07-26,CUST0507,Groceries,337.01,False,Evening
TXN00693,2026-07-26,CUST0515,Snacks,60.09,False,Afternoon
TXN00694,2026-07-26,CUST0516,Dairy,31.62,True,Evening
TXN00695,2026-07-26,CUST0519,Snacks,87.27,False,Evening
TXN00696,2026-07-26,CUST0521,Beverages,164.17,False,Evening
TXN00697,2026-07-26,CUST0527,Snacks,90.21,False,Afternoon
TXN00698,2026-07-26,CUST0536,Groceries,288.84,False,Afternoon
TXN00699,2026-07-26,CUST0540,Dairy,116.23,True,Evening
TXN00700,2026-07-26,CUST0542,Groceries,239.54,False,Morning
TXN00701,2026-07-26,CUST0551,Groceries,61.53,False,Afternoon
TXN00702,2026-07-26,CUST0566,Snacks,113.46,True,Afternoon
TXN00703,2026-07-26,CUST0569,Snacks,105.45,True,Afternoon
TXN00704,2026-07-26,CUST0571,Snacks,100.7,True,Afternoon
TXN00705,2026-07-26,CUST0572,Groceries,120.5,True,Afternoon
TXN00706,2026-07-26,CUST0573,Snacks,22.88,False,Afternoon
TXN00707,2026-07-26,CUST0579,Household,74.36,True,Morning
TXN00708,2026-07-26,CUST0593,Snacks,89.7,False,Evening
TXN00709,2026-07-26,CUST0600,Household,52.3,True,Morning
TXN00710,2026-07-26,CUST0601,Household,99.53,False,Morning
TXN00711,2026-07-26,CUST0602,Dairy,150.24,True,Morning
TXN00712,2026-07-26,CUST0615,Household,99.54,False,Afternoon
TXN00713,2026-07-26,CUST0617,Snacks,114.91,False,Morning
TXN00714,2026-07-26,CUST0619,Household,354.19,False,Afternoon
TXN00715,2026-07-27,CUST0004,Beverages,104.21,False,Morning
TXN00716,2026-07-27,CUST0014,Household,300.84,True,Evening
TXN00717,2026-07-27,CUST0024,Groceries,317.47,True,Evening
TXN00718,2026-07-27,CUST0037,Snacks,89.11,True,Afternoon
TXN00719,2026-07-27,CUST0038,Dairy,100.52,False,Evening
TXN00720,2026-07-27,CUST0045,Dairy,73.14,True,Morning
TXN00721,2026-07-27,CUST0049,Snacks,107.53,True,Morning
TXN00722,2026-07-27,CUST0051,Snacks,116.8,True,Evening
TXN00723,2026-07-27,CUST0054,Groceries,215.85,False,Afternoon
TXN00724,2026-07-27,CUST0059,Groceries,71.0,True,Morning
TXN00725,2026-07-27,CUST0083,Beverages,154.68,False,Afternoon
TXN00726,2026-07-27,CUST0087,Household,266.33,False,Afternoon
TXN00727,2026-07-27,CUST0101,Beverages,147.82,False,Afternoon
TXN00728,2026-07-27,CUST0109,Dairy,94.61,True,Afternoon
TXN00729,2026-07-27,CUST0116,Groceries,107.37,False,Evening
TXN00730,2026-07-27,CUST0120,Snacks,84.33,False,Afternoon
TXN00731,2026-07-27,CUST0121,Snacks,29.46,True,Morning
TXN00732,2026-07-27,CUST0128,Dairy,89.13,False,Evening
TXN00733,2026-07-27,CUST0130,Snacks,41.12,True,Afternoon
TXN00734,2026-07-27,CUST0137,Household,281.2,True,Evening
TXN00735,2026-07-27,CUST0140,Dairy,86.61,False,Afternoon
TXN00736,2026-07-27,CUST0141,Snacks,23.99,False,Afternoon
TXN00737,2026-07-27,CUST0148,Household,286.83,False,Evening
TXN00738,2026-07-27,CUST0157,Household,62.72,True,Morning
TXN00739,2026-07-27,CUST0165,Household,76.6,True,Evening
TXN00740,2026-07-27,CUST0170,Snacks,102.14,False,Afternoon
TXN00741,2026-07-27,CUST0177,Beverages,143.02,True,Afternoon
TXN00742,2026-07-27,CUST0178,Dairy,102.6,False,Afternoon
TXN00743,2026-07-27,CUST0181,Dairy,68.14,True,Evening
TXN00744,2026-07-27,CUST0183,Household,260.76,False,Evening
TXN00745,2026-07-27,CUST0184,Groceries,40.01,False,Evening
TXN00746,2026-07-27,CUST0186,Groceries,116.63,True,Afternoon
TXN00747,2026-07-27,CUST0187,Beverages,102.67,False,Evening
TXN00748,2026-07-27,CUST0201,Dairy,47.32,False,Morning
TXN00749,2026-07-27,CUST0212,Household,330.99,True,Afternoon
TXN00750,2026-07-27,CUST0214,Household,34.08,False,Morning
TXN00751,2026-07-27,CUST0219,Snacks,116.09,False,Afternoon
TXN00752,2026-07-27,CUST0230,Dairy,76.3,True,Afternoon
TXN00753,2026-07-27,CUST0247,Snacks,76.83,False,Afternoon
TXN00754,2026-07-27,CUST0252,Dairy,57.07,True,Afternoon
TXN00755,2026-07-27,CUST0260,Dairy,136.51,True,Morning
TXN00756,2026-07-27,CUST0263,Snacks,27.02,True,Afternoon
TXN00757,2026-07-27,CUST0278,Dairy,89.45,False,Evening
TXN00758,2026-07-27,CUST0281,Groceries,235.03,True,Evening
TXN00759,2026-07-27,CUST0289,Beverages,111.83,True,Afternoon
TXN00760,2026-07-27,CUST0295,Groceries,176.05,False,Evening
TXN00761,2026-07-27,CUST0299,Beverages,77.19,True,Morning
TXN00762,2026-07-27,CUST0317,Groceries,220.66,False,Afternoon
TXN00763,2026-07-27,CUST0320,Household,126.53,False,Morning
TXN00764,2026-07-27,CUST0323,Beverages,167.93,False,Afternoon
TXN00765,2026-07-27,CUST0327,Household,56.98,False,Evening
TXN00766,2026-07-27,CUST0332,Groceries,334.47,True,Afternoon
TXN00767,2026-07-27,CUST0334,Beverages,108.79,True,Morning
TXN00768,2026-07-27,CUST0336,Household,217.81,True,Afternoon
TXN00769,2026-07-27,CUST0341,Groceries,48.17,False,Morning
TXN00770,2026-07-27,CUST0343,Beverages,175.55,False,Evening
TXN00771,2026-07-27,CUST0347,Household,287.31,False,Morning
TXN00772,2026-07-27,CUST0355,Household,369.69,False,Afternoon
TXN00773,2026-07-27,CUST0357,Groceries,110.41,True,Evening
TXN00774,2026-07-27,CUST0362,Dairy,150.02,True,Morning
TXN00775,2026-07-27,CUST0363,Dairy,65.22,False,Afternoon
TXN00776,2026-07-27,CUST0374,Snacks,109.25,True,Evening
TXN00777,2026-07-27,CUST0389,Dairy,154.63,True,Evening
TXN00778,2026-07-27,CUST0395,Dairy,131.73,True,Morning
TXN00779,2026-07-27,CUST0397,Household,339.44,False,Morning
TXN00780,2026-07-27,CUST0405,Household,172.33,True,Evening
TXN00781,2026-07-27,CUST0406,Dairy,125.59,True,Evening
TXN00782,2026-07-27,CUST0408,Snacks,113.41,False,Evening
TXN00783,2026-07-27,CUST0416,Beverages,100.96,False,Morning
TXN00784,2026-07-27,CUST0420,Groceries,211.52,False,Morning
TXN00785,2026-07-27,CUST0441,Snacks,52.98,True,Evening
TXN00786,2026-07-27,CUST0445,Beverages,140.64,True,Morning
TXN00787,2026-07-27,CUST0448,Groceries,184.6,False,Afternoon
TXN00788,2026-07-27,CUST0452,Groceries,219.67,False,Afternoon
TXN00789,2026-07-27,CUST0463,Beverages,139.8,False,Afternoon
TXN00790,2026-07-27,CUST0466,Beverages,175.6,False,Evening
TXN00791,2026-07-27,CUST0468,Dairy,29.73,True,Afternoon
TXN00792,2026-07-27,CUST0487,Snacks,78.73,True,Morning
TXN00793,2026-07-27,CUST0493,Snacks,19.68,False,Morning
TXN00794,2026-07-27,CUST0496,Beverages,62.01,True,Morning
TXN00795,2026-07-27,CUST0516,Beverages,164.69,True,Evening
TXN00796,2026-07-27,CUST0520,Beverages,76.29,True,Afternoon
TXN00797,2026-07-27,CUST0526,Dairy,91.2,False,Afternoon
TXN00798,2026-07-27,CUST0530,Snacks,83.6,True,Morning
TXN00799,2026-07-27,CUST0535,Beverages,67.87,False,Afternoon
TXN00800,2026-07-27,CUST0542,Household,185.78,False,Morning
TXN00801,2026-07-27,CUST0549,Groceries,169.77,True,Evening
TXN00802,2026-07-27,CUST0555,Dairy,178.39,False,Evening
TXN00803,2026-07-27,CUST0556,Beverages,185.76,False,Afternoon
TXN00804,2026-07-27,CUST0561,Snacks,77.11,True,Morning
TXN00805,2026-07-27,CUST0563,Snacks,114.74,False,Afternoon
TXN00806,2026-07-27,CUST0575,Groceries,224.0,True,Morning
TXN00807,2026-07-27,CUST0582,Snacks,66.8,False,Morning
TXN00808,2026-07-27,CUST0583,Beverages,182.03,False,Evening
TXN00809,2026-07-27,CUST0589,Dairy,26.71,False,Afternoon
TXN00810,2026-07-27,CUST0598,Snacks,43.75,True,Afternoon
TXN00811,2026-07-27,CUST0607,Beverages,157.1,True,Afternoon
TXN00812,2026-07-27,CUST0612,Groceries,154.56,False,Afternoon
TXN00813,2026-07-27,CUST0617,Household,139.13,False,Morning
TXN00814,2026-07-28,CUST0028,Groceries,116.23,True,Morning
TXN00815,2026-07-28,CUST0031,Household,86.03,False,Morning
TXN00816,2026-07-28,CUST0035,Groceries,334.76,True,Morning
TXN00817,2026-07-28,CUST0037,Groceries,192.11,True,Afternoon
TXN00818,2026-07-28,CUST0039,Snacks,79.4,False,Morning
TXN00819,2026-07-28,CUST0054,Snacks,59.06,False,Afternoon
TXN00820,2026-07-28,CUST0069,Snacks,68.29,True,Evening
TXN00821,2026-07-28,CUST0071,Snacks,42.47,True,Afternoon
TXN00822,2026-07-28,CUST0083,Dairy,144.73,False,Afternoon
TXN00823,2026-07-28,CUST0087,Beverages,28.49,True,Afternoon
TXN00824,2026-07-28,CUST0089,Snacks,110.78,False,Evening
TXN00825,2026-07-28,CUST0095,Dairy,154.1,False,Morning
TXN00826,2026-07-28,CUST0104,Groceries,274.09,False,Evening
TXN00827,2026-07-28,CUST0108,Snacks,46.65,True,Afternoon
TXN00828,2026-07-28,CUST0112,Household,272.45,False,Evening
TXN00829,2026-07-28,CUST0113,Snacks,105.51,True,Afternoon
TXN00830,2026-07-28,CUST0117,Beverages,130.85,False,Morning
TXN00831,2026-07-28,CUST0121,Beverages,175.38,True,Morning
TXN00832,2026-07-28,CUST0126,Beverages,107.5,False,Evening
TXN00833,2026-07-28,CUST0128,Household,237.57,True,Evening
TXN00834,2026-07-28,CUST0132,Household,299.2,False,Evening
TXN00835,2026-07-28,CUST0138,Dairy,91.53,False,Morning
TXN00836,2026-07-28,CUST0140,Snacks,49.91,False,Afternoon
TXN00837,2026-07-28,CUST0144,Household,249.56,True,Afternoon
TXN00838,2026-07-28,CUST0155,Beverages,129.78,True,Evening
TXN00839,2026-07-28,CUST0170,Dairy,141.1,False,Afternoon
TXN00840,2026-07-28,CUST0171,Groceries,91.52,True,Evening
TXN00841,2026-07-28,CUST0173,Household,213.22,False,Afternoon
TXN00842,2026-07-28,CUST0179,Groceries,175.0,False,Morning
TXN00843,2026-07-28,CUST0199,Beverages,150.14,True,Evening
TXN00844,2026-07-28,CUST0201,Household,54.81,False,Morning
TXN00845,2026-07-28,CUST0210,Snacks,81.82,False,Evening
TXN00846,2026-07-28,CUST0213,Dairy,63.93,False,Morning
TXN00847,2026-07-28,CUST0256,Beverages,93.82,False,Evening
TXN00848,2026-07-28,CUST0262,Beverages,172.38,False,Evening
TXN00849,2026-07-28,CUST0274,Snacks,104.81,True,Afternoon
TXN00850,2026-07-28,CUST0280,Snacks,33.8,True,Afternoon
TXN00851,2026-07-28,CUST0281,Household,163.57,True,Evening
TXN00852,2026-07-28,CUST0287,Snacks,18.52,False,Evening
TXN00853,2026-07-28,CUST0290,Snacks,43.79,True,Evening
TXN00854,2026-07-28,CUST0292,Household,398.98,True,Morning
TXN00855,2026-07-28,CUST0298,Groceries,230.01,False,Morning
TXN00856,2026-07-28,CUST0301,Dairy,33.25,False,Evening
TXN00857,2026-07-28,CUST0303,Household,265.87,False,Evening
TXN00858,2026-07-28,CUST0305,Beverages,73.56,False,Afternoon
TXN00859,2026-07-28,CUST0313,Beverages,151.37,True,Afternoon
TXN00860,2026-07-28,CUST0314,Household,184.06,False,Evening
TXN00861,2026-07-28,CUST0316,Dairy,152.01,False,Evening
TXN00862,2026-07-28,CUST0322,Beverages,96.62,False,Evening
TXN00863,2026-07-28,CUST0331,Household,62.62,False,Evening
TXN00864,2026-07-28,CUST0334,Snacks,77.07,False,Morning
TXN00865,2026-07-28,CUST0337,Snacks,63.34,True,Afternoon
TXN00866,2026-07-28,CUST0357,Snacks,75.76,True,Evening
TXN00867,2026-07-28,CUST0362,Beverages,92.49,True,Morning
TXN00868,2026-07-28,CUST0363,Household,158.36,False,Afternoon
TXN00869,2026-07-28,CUST0366,Beverages,121.53,True,Evening
TXN00870,2026-07-28,CUST0369,Dairy,94.83,True,Evening
TXN00871,2026-07-28,CUST0378,Groceries,235.14,False,Afternoon
TXN00872,2026-07-28,CUST0380,Household,205.93,False,Morning
TXN00873,2026-07-28,CUST0383,Snacks,47.16,True,Morning
TXN00874,2026-07-28,CUST0385,Beverages,104.88,False,Evening
TXN00875,2026-07-28,CUST0404,Beverages,54.12,True,Morning
TXN00876,2026-07-28,CUST0421,Dairy,68.21,False,Morning
TXN00877,2026-07-28,CUST0424,Groceries,264.48,False,Afternoon
TXN00878,2026-07-28,CUST0425,Beverages,172.99,True,Afternoon
TXN00879,2026-07-28,CUST0436,Dairy,70.94,False,Evening
TXN00880,2026-07-28,CUST0448,Beverages,56.18,False,Afternoon
TXN00881,2026-07-28,CUST0452,Beverages,156.54,False,Afternoon
TXN00882,2026-07-28,CUST0455,Dairy,27.08,False,Morning
TXN00883,2026-07-28,CUST0457,Household,272.0,True,Afternoon
TXN00884,2026-07-28,CUST0461,Household,96.42,True,Evening
TXN00885,2026-07-28,CUST0463,Groceries,147.35,False,Afternoon
TXN00886,2026-07-28,CUST0472,Household,186.31,True,Afternoon
TXN00887,2026-07-28,CUST0483,Dairy,176.92,True,Morning
TXN00888,2026-07-28,CUST0486,Snacks,114.56,True,Morning
TXN00889,2026-07-28,CUST0493,Household,200.29,False,Morning
TXN00890,2026-07-28,CUST0494,Beverages,145.12,True,Evening
TXN00891,2026-07-28,CUST0499,Snacks,58.79,False,Morning
TXN00892,2026-07-28,CUST0502,Groceries,150.75,False,Morning
TXN00893,2026-07-28,CUST0503,Household,121.99,False,Morning
TXN00894,2026-07-28,CUST0520,Groceries,158.39,False,Afternoon
TXN00895,2026-07-28,CUST0521,Snacks,59.37,False,Evening
TXN00896,2026-07-28,CUST0522,Snacks,90.77,True,Evening
TXN00897,2026-07-28,CUST0523,Household,387.11,True,Morning
TXN00898,2026-07-28,CUST0530,Beverages,107.76,True,Morning
TXN00899,2026-07-28,CUST0541,Household,273.17,False,Evening
TXN00900,2026-07-28,CUST0566,Household,124.61,True,Afternoon
TXN00901,2026-07-28,CUST0572,Beverages,89.61,True,Afternoon
TXN00902,2026-07-28,CUST0575,Beverages,127.36,True,Morning
TXN00903,2026-07-28,CUST0587,Household,110.77,False,Morning
TXN00904,2026-07-28,CUST0591,Household,233.53,False,Evening
TXN00905,2026-07-28,CUST0593,Beverages,73.8,False,Evening
TXN00906,2026-07-28,CUST0607,Dairy,84.01,True,Afternoon
TXN00907,2026-07-28,CUST0612,Beverages,139.29,False,Afternoon
TXN00908,2026-07-28,CUST0617,Beverages,113.09,False,Morning
TXN00909,2026-07-29,CUST0001,Beverages,68.74,True,Evening
TXN00910,2026-07-29,CUST0011,Snacks,90.92,False,Morning
TXN00911,2026-07-29,CUST0015,Dairy,66.88,False,Afternoon
TXN00912,2026-07-29,CUST0017,Household,199.9,False,Morning
TXN00913,2026-07-29,CUST0021,Household,215.08,False,Morning
TXN00914,2026-07-29,CUST0026,Household,297.16,True,Evening
TXN00915,2026-07-29,CUST0043,Household,336.47,True,Evening
TXN00916,2026-07-29,CUST0044,Household,295.15,False,Evening
TXN00917,2026-07-29,CUST0053,Dairy,78.63,True,Afternoon
TXN00918,2026-07-29,CUST0054,Dairy,147.29,False,Afternoon
TXN00919,2026-07-29,CUST0056,Groceries,182.06,True,Afternoon
TXN00920,2026-07-29,CUST0065,Dairy,43.68,False,Morning
TXN00921,2026-07-29,CUST0072,Snacks,64.9,False,Evening
TXN00922,2026-07-29,CUST0077,Snacks,105.21,False,Evening
TXN00923,2026-07-29,CUST0083,Snacks,90.72,False,Afternoon
TXN00924,2026-07-29,CUST0088,Snacks,82.6,False,Afternoon
TXN00925,2026-07-29,CUST0100,Dairy,69.49,False,Afternoon
TXN00926,2026-07-29,CUST0126,Beverages,116.52,False,Evening
TXN00927,2026-07-29,CUST0129,Dairy,56.53,False,Morning
TXN00928,2026-07-29,CUST0139,Snacks,21.39,True,Evening
TXN00929,2026-07-29,CUST0147,Groceries,176.99,True,Morning
TXN00930,2026-07-29,CUST0148,Beverages,62.62,False,Evening
TXN00931,2026-07-29,CUST0153,Household,317.64,True,Evening
TXN00932,2026-07-29,CUST0157,Household,252.5,True,Morning
TXN00933,2026-07-29,CUST0158,Beverages,109.57,True,Afternoon
TXN00934,2026-07-29,CUST0166,Dairy,98.01,True,Evening
TXN00935,2026-07-29,CUST0170,Household,279.0,False,Afternoon
TXN00936,2026-07-29,CUST0171,Household,156.7,True,Evening
TXN00937,2026-07-29,CUST0174,Dairy,54.11,True,Evening
TXN00938,2026-07-29,CUST0177,Snacks,112.39,True,Afternoon
TXN00939,2026-07-29,CUST0203,Household,50.46,True,Evening
TXN00940,2026-07-29,CUST0209,Snacks,45.95,False,Afternoon
TXN00941,2026-07-29,CUST0215,Dairy,118.81,False,Evening
TXN00942,2026-07-29,CUST0219,Household,378.35,False,Afternoon
TXN00943,2026-07-29,CUST0230,Groceries,238.28,True,Afternoon
TXN00944,2026-07-29,CUST0234,Groceries,140.61,True,Afternoon
TXN00945,2026-07-29,CUST0236,Dairy,114.37,False,Morning
TXN00946,2026-07-29,CUST0259,Snacks,41.81,False,Afternoon
TXN00947,2026-07-29,CUST0261,Groceries,239.09,True,Evening
TXN00948,2026-07-29,CUST0265,Beverages,90.36,True,Evening
TXN00949,2026-07-29,CUST0275,Beverages,161.6,False,Evening
TXN00950,2026-07-29,CUST0279,Household,255.71,False,Morning
TXN00951,2026-07-29,CUST0289,Beverages,84.47,True,Afternoon
TXN00952,2026-07-29,CUST0293,Beverages,76.42,False,Morning
TXN00953,2026-07-29,CUST0296,Snacks,59.85,True,Morning
TXN00954,2026-07-29,CUST0307,Dairy,52.98,True,Afternoon
TXN00955,2026-07-29,CUST0308,Beverages,190.29,True,Afternoon
TXN00956,2026-07-29,CUST0309,Snacks,115.24,False,Morning
TXN00957,2026-07-29,CUST0313,Snacks,32.15,False,Afternoon
TXN00958,2026-07-29,CUST0317,Household,75.55,False,Afternoon
TXN00959,2026-07-29,CUST0318,Dairy,80.87,False,Morning
TXN00960,2026-07-29,CUST0321,Household,248.38,False,Evening
TXN00961,2026-07-29,CUST0322,Dairy,101.07,False,Evening
TXN00962,2026-07-29,CUST0326,Household,304.04,True,Evening
TXN00963,2026-07-29,CUST0329,Groceries,287.94,True,Evening
TXN00964,2026-07-29,CUST0331,Household,35.97,False,Evening
TXN00965,2026-07-29,CUST0338,Snacks,39.08,False,Afternoon
TXN00966,2026-07-29,CUST0343,Snacks,91.61,False,Evening
TXN00967,2026-07-29,CUST0345,Dairy,48.38,False,Afternoon
TXN00968,2026-07-29,CUST0346,Beverages,52.26,True,Afternoon
TXN00969,2026-07-29,CUST0354,Dairy,47.94,True,Afternoon
TXN00970,2026-07-29,CUST0355,Dairy,78.41,False,Afternoon
TXN00971,2026-07-29,CUST0358,Dairy,68.97,False,Morning
TXN00972,2026-07-29,CUST0366,Dairy,166.17,True,Evening
TXN00973,2026-07-29,CUST0371,Dairy,34.74,False,Afternoon
TXN00974,2026-07-29,CUST0383,Beverages,88.98,True,Morning
TXN00975,2026-07-29,CUST0388,Dairy,102.36,True,Afternoon
TXN00976,2026-07-29,CUST0389,Groceries,270.39,True,Evening
TXN00977,2026-07-29,CUST0413,Groceries,298.97,True,Evening
TXN00978,2026-07-29,CUST0415,Household,209.02,True,Afternoon
TXN00979,2026-07-29,CUST0420,Beverages,70.99,True,Morning
TXN00980,2026-07-29,CUST0426,Snacks,99.73,True,Evening
TXN00981,2026-07-29,CUST0432,Snacks,59.78,True,Evening
TXN00982,2026-07-29,CUST0439,Snacks,47.24,False,Afternoon
TXN00983,2026-07-29,CUST0442,Beverages,56.96,True,Afternoon
TXN00984,2026-07-29,CUST0445,Dairy,144.15,True,Morning
TXN00985,2026-07-29,CUST0451,Beverages,88.46,True,Evening
TXN00986,2026-07-29,CUST0455,Dairy,121.59,False,Morning
TXN00987,2026-07-29,CUST0463,Groceries,337.31,False,Afternoon
TXN00988,2026-07-29,CUST0470,Snacks,15.04,False,Afternoon
TXN00989,2026-07-29,CUST0488,Snacks,22.41,False,Afternoon
TXN00990,2026-07-29,CUST0492,Beverages,190.26,False,Evening
TXN00991,2026-07-29,CUST0493,Household,82.69,False,Morning
TXN00992,2026-07-29,CUST0512,Snacks,26.85,True,Afternoon
TXN00993,2026-07-29,CUST0519,Beverages,192.95,False,Evening
TXN00994,2026-07-29,CUST0526,Groceries,308.2,True,Afternoon
TXN00995,2026-07-29,CUST0534,Groceries,261.06,False,Morning
TXN00996,2026-07-29,CUST0548,Groceries,223.01,False,Morning
TXN00997,2026-07-29,CUST0570,Beverages,56.63,False,Afternoon
TXN00998,2026-07-29,CUST0575,Household,344.29,True,Morning
TXN00999,2026-07-29,CUST0581,Household,288.67,True,Afternoon
TXN01000,2026-07-29,CUST0583,Beverages,159.89,False,Evening
TXN01001,2026-07-29,CUST0602,Household,104.8,True,Morning
TXN01002,2026-07-29,CUST0607,Dairy,71.64,True,Afternoon
TXN01003,2026-07-29,CUST0616,Groceries,260.62,False,Morning
TXN01004,2026-07-29,CUST0619,Snacks,70.95,False,Afternoon
TXN01005,2026-07-30,CUST0002,Snacks,79.41,False,Morning
TXN01006,2026-07-30,CUST0010,Dairy,153.32,False,Evening
TXN01007,2026-07-30,CUST0014,Groceries,132.01,False,Evening
TXN01008,2026-07-30,CUST0021,Beverages,126.66,False,Morning
TXN01009,2026-07-30,CUST0041,Beverages,148.96,True,Afternoon
TXN01010,2026-07-30,CUST0057,Household,236.83,False,Morning
TXN01011,2026-07-30,CUST0061,Snacks,21.87,False,Morning
TXN01012,2026-07-30,CUST0071,Household,144.64,True,Afternoon
TXN01013,2026-07-30,CUST0086,Groceries,204.23,True,Evening
TXN01014,2026-07-30,CUST0095,Groceries,69.19,False,Morning
TXN01015,2026-07-30,CUST0105,Household,355.25,False,Evening
TXN01016,2026-07-30,CUST0107,Household,104.22,True,Afternoon
TXN01017,2026-07-30,CUST0111,Snacks,17.14,True,Afternoon
TXN01018,2026-07-30,CUST0113,Snacks,25.03,True,Afternoon
TXN01019,2026-07-30,CUST0115,Snacks,55.4,True,Evening
TXN01020,2026-07-30,CUST0122,Dairy,176.12,False,Afternoon
TXN01021,2026-07-30,CUST0123,Dairy,115.95,False,Morning
TXN01022,2026-07-30,CUST0128,Dairy,150.3,True,Evening
TXN01023,2026-07-30,CUST0133,Snacks,113.18,True,Afternoon
TXN01024,2026-07-30,CUST0136,Groceries,194.27,True,Evening
TXN01025,2026-07-30,CUST0144,Beverages,36.46,True,Afternoon
TXN01026,2026-07-30,CUST0145,Household,99.69,False,Afternoon
TXN01027,2026-07-30,CUST0163,Snacks,29.22,True,Morning
TXN01028,2026-07-30,CUST0177,Groceries,98.3,True,Afternoon
TXN01029,2026-07-30,CUST0181,Snacks,92.62,True,Evening
TXN01030,2026-07-30,CUST0182,Snacks,55.41,False,Morning
TXN01031,2026-07-30,CUST0192,Dairy,35.78,False,Afternoon
TXN01032,2026-07-30,CUST0196,Dairy,99.24,False,Morning
TXN01033,2026-07-30,CUST0199,Household,106.23,True,Evening
TXN01034,2026-07-30,CUST0201,Dairy,125.54,False,Morning
TXN01035,2026-07-30,CUST0209,Beverages,68.08,False,Afternoon
TXN01036,2026-07-30,CUST0216,Snacks,57.97,False,Afternoon
TXN01037,2026-07-30,CUST0217,Household,169.54,True,Evening
TXN01038,2026-07-30,CUST0221,Household,45.47,True,Morning
TXN01039,2026-07-30,CUST0225,Dairy,164.35,True,Afternoon
TXN01040,2026-07-30,CUST0236,Groceries,162.42,False,Morning
TXN01041,2026-07-30,CUST0238,Groceries,211.97,True,Morning
TXN01042,2026-07-30,CUST0242,Dairy,26.09,False,Morning
TXN01043,2026-07-30,CUST0257,Groceries,334.06,False,Morning
TXN01044,2026-07-30,CUST0262,Groceries,161.31,True,Evening
TXN01045,2026-07-30,CUST0265,Dairy,73.74,True,Evening
TXN01046,2026-07-30,CUST0266,Household,55.67,True,Morning
TXN01047,2026-07-30,CUST0269,Snacks,20.95,True,Afternoon
TXN01048,2026-07-30,CUST0277,Dairy,20.94,False,Afternoon
TXN01049,2026-07-30,CUST0278,Groceries,292.25,False,Evening
TXN01050,2026-07-30,CUST0280,Dairy,141.95,True,Afternoon
TXN01051,2026-07-30,CUST0282,Household,376.77,True,Morning
TXN01052,2026-07-30,CUST0293,Beverages,178.9,False,Morning
TXN01053,2026-07-30,CUST0300,Groceries,173.84,False,Evening
TXN01054,2026-07-30,CUST0302,Household,292.95,True,Afternoon
TXN01055,2026-07-30,CUST0317,Dairy,134.01,True,Afternoon
TXN01056,2026-07-30,CUST0342,Dairy,81.76,True,Afternoon
TXN01057,2026-07-30,CUST0346,Household,242.78,True,Afternoon
TXN01058,2026-07-30,CUST0347,Snacks,64.2,False,Morning
TXN01059,2026-07-30,CUST0349,Household,147.0,False,Afternoon
TXN01060,2026-07-30,CUST0356,Groceries,325.25,True,Evening
TXN01061,2026-07-30,CUST0364,Beverages,184.12,False,Morning
TXN01062,2026-07-30,CUST0385,Household,65.92,False,Evening
TXN01063,2026-07-30,CUST0386,Household,204.94,True,Morning
TXN01064,2026-07-30,CUST0394,Household,380.24,True,Evening
TXN01065,2026-07-30,CUST0398,Dairy,119.84,True,Morning
TXN01066,2026-07-30,CUST0400,Dairy,173.85,False,Afternoon
TXN01067,2026-07-30,CUST0407,Beverages,98.1,True,Afternoon
TXN01068,2026-07-30,CUST0420,Household,273.98,True,Morning
TXN01069,2026-07-30,CUST0421,Beverages,26.87,False,Morning
TXN01070,2026-07-30,CUST0424,Household,170.61,False,Afternoon
TXN01071,2026-07-30,CUST0425,Snacks,88.17,True,Afternoon
TXN01072,2026-07-30,CUST0438,Snacks,105.46,True,Morning
TXN01073,2026-07-30,CUST0439,Dairy,149.0,False,Afternoon
TXN01074,2026-07-30,CUST0440,Groceries,94.9,True,Evening
TXN01075,2026-07-30,CUST0444,Groceries,268.32,True,Evening
TXN01076,2026-07-30,CUST0454,Dairy,51.92,False,Morning
TXN01077,2026-07-30,CUST0456,Groceries,262.66,True,Evening
TXN01078,2026-07-30,CUST0459,Groceries,159.94,True,Afternoon
TXN01079,2026-07-30,CUST0460,Dairy,133.32,True,Afternoon
TXN01080,2026-07-30,CUST0485,Snacks,101.57,True,Morning
TXN01081,2026-07-30,CUST0491,Groceries,193.12,False,Afternoon
TXN01082,2026-07-30,CUST0492,Household,59.58,False,Evening
TXN01083,2026-07-30,CUST0495,Groceries,138.7,False,Evening
TXN01084,2026-07-30,CUST0512,Snacks,58.02,True,Afternoon
TXN01085,2026-07-30,CUST0519,Household,185.25,False,Evening
TXN01086,2026-07-30,CUST0520,Dairy,146.12,True,Afternoon
TXN01087,2026-07-30,CUST0527,Dairy,54.72,False,Afternoon
TXN01088,2026-07-30,CUST0528,Household,85.46,True,Evening
TXN01089,2026-07-30,CUST0529,Household,88.58,True,Evening
TXN01090,2026-07-30,CUST0532,Beverages,151.65,False,Morning
TXN01091,2026-07-30,CUST0535,Groceries,149.54,False,Afternoon
TXN01092,2026-07-30,CUST0536,Snacks,89.13,False,Afternoon
TXN01093,2026-07-30,CUST0538,Beverages,190.08,True,Evening
TXN01094,2026-07-30,CUST0540,Snacks,81.31,True,Evening
TXN01095,2026-07-30,CUST0549,Beverages,194.83,True,Evening
TXN01096,2026-07-30,CUST0564,Snacks,97.07,True,Evening
TXN01097,2026-07-30,CUST0575,Snacks,23.54,True,Morning
TXN01098,2026-07-30,CUST0584,Groceries,186.86,False,Afternoon
TXN01099,2026-07-30,CUST0586,Snacks,101.61,False,Afternoon
TXN01100,2026-07-30,CUST0588,Snacks,115.45,True,Morning
TXN01101,2026-07-30,CUST0591,Dairy,173.24,False,Evening
TXN01102,2026-07-30,CUST0593,Groceries,268.0,False,Evening
TXN01103,2026-07-30,CUST0594,Beverages,74.43,True,Evening
TXN01104,2026-07-30,CUST0597,Snacks,36.45,True,Evening
TXN01105,2026-07-30,CUST0598,Household,59.12,True,Afternoon
TXN01106,2026-07-30,CUST0600,Household,235.45,True,Morning
TXN01107,2026-07-30,CUST0602,Snacks,62.87,True,Morning
TXN01108,2026-07-30,CUST0607,Groceries,309.0,True,Afternoon
TXN01109,2026-07-30,CUST0617,Snacks,49.02,False,Morning
TXN01110,2026-07-30,CUST0619,Beverages,34.78,False,Afternoon
TXN01111,2026-07-31,CUST0001,Groceries,327.35,True,Evening
TXN01112,2026-07-31,CUST0002,Dairy,170.42,False,Morning
TXN01113,2026-07-31,CUST0014,Groceries,292.45,True,Evening
TXN01114,2026-07-31,CUST0015,Snacks,38.88,False,Afternoon
TXN01115,2026-07-31,CUST0018,Dairy,96.59,True,Evening
TXN01116,2026-07-31,CUST0029,Household,233.51,False,Afternoon
TXN01117,2026-07-31,CUST0030,Beverages,31.3,True,Evening
TXN01118,2026-07-31,CUST0033,Snacks,68.46,True,Evening
TXN01119,2026-07-31,CUST0035,Groceries,323.71,True,Morning
TXN01120,2026-07-31,CUST0039,Dairy,140.67,False,Morning
TXN01121,2026-07-31,CUST0041,Snacks,56.23,True,Afternoon
TXN01122,2026-07-31,CUST0047,Groceries,52.91,False,Evening
TXN01123,2026-07-31,CUST0051,Beverages,153.75,True,Evening
TXN01124,2026-07-31,CUST0053,Beverages,168.13,True,Afternoon
TXN01125,2026-07-31,CUST0054,Dairy,110.7,False,Afternoon
TXN01126,2026-07-31,CUST0059,Dairy,157.66,True,Morning
TXN01127,2026-07-31,CUST0065,Household,207.66,False,Morning
TXN01128,2026-07-31,CUST0071,Groceries,304.33,True,Afternoon
TXN01129,2026-07-31,CUST0079,Dairy,123.32,False,Morning
TXN01130,2026-07-31,CUST0085,Groceries,133.64,False,Evening
TXN01131,2026-07-31,CUST0094,Household,94.6,False,Evening
TXN01132,2026-07-31,CUST0095,Dairy,92.84,False,Morning
TXN01133,2026-07-31,CUST0099,Beverages,108.95,False,Morning
TXN01134,2026-07-31,CUST0101,Groceries,163.24,False,Afternoon
TXN01135,2026-07-31,CUST0103,Household,337.27,False,Evening
TXN01136,2026-07-31,CUST0107,Groceries,337.42,True,Afternoon
TXN01137,2026-07-31,CUST0110,Snacks,17.56,True,Evening
TXN01138,2026-07-31,CUST0114,Groceries,310.79,False,Morning
TXN01139,2026-07-31,CUST0121,Snacks,24.28,True,Morning
TXN01140,2026-07-31,CUST0141,Snacks,107.9,False,Afternoon
TXN01141,2026-07-31,CUST0147,Groceries,146.47,False,Morning
TXN01142,2026-07-31,CUST0149,Snacks,71.72,True,Afternoon
TXN01143,2026-07-31,CUST0152,Dairy,151.95,True,Evening
TXN01144,2026-07-31,CUST0172,Snacks,93.73,False,Evening
TXN01145,2026-07-31,CUST0177,Dairy,134.59,True,Afternoon
TXN01146,2026-07-31,CUST0186,Groceries,334.98,True,Afternoon
TXN01147,2026-07-31,CUST0187,Snacks,27.71,False,Evening
TXN01148,2026-07-31,CUST0199,Household,259.13,False,Evening
TXN01149,2026-07-31,CUST0220,Snacks,72.09,True,Evening
TXN01150,2026-07-31,CUST0228,Snacks,73.03,True,Evening
TXN01151,2026-07-31,CUST0231,Dairy,114.95,True,Evening
TXN01152,2026-07-31,CUST0232,Beverages,102.78,True,Evening
TXN01153,2026-07-31,CUST0238,Beverages,45.59,True,Morning
TXN01154,2026-07-31,CUST0242,Beverages,83.0,False,Morning
TXN01155,2026-07-31,CUST0248,Dairy,143.59,False,Morning
TXN01156,2026-07-31,CUST0249,Dairy,55.75,True,Evening
TXN01157,2026-07-31,CUST0256,Dairy,138.46,False,Evening
TXN01158,2026-07-31,CUST0262,Beverages,182.1,True,Evening
TXN01159,2026-07-31,CUST0265,Household,236.19,True,Evening
TXN01160,2026-07-31,CUST0275,Beverages,57.69,False,Evening
TXN01161,2026-07-31,CUST0284,Groceries,112.0,True,Afternoon
TXN01162,2026-07-31,CUST0285,Household,34.14,False,Afternoon
TXN01163,2026-07-31,CUST0286,Groceries,74.95,True,Afternoon
TXN01164,2026-07-31,CUST0288,Dairy,71.12,True,Afternoon
TXN01165,2026-07-31,CUST0290,Household,206.96,True,Evening
TXN01166,2026-07-31,CUST0295,Dairy,157.26,False,Evening
TXN01167,2026-07-31,CUST0300,Dairy,59.53,False,Evening
TXN01168,2026-07-31,CUST0310,Snacks,56.03,True,Afternoon
TXN01169,2026-07-31,CUST0313,Beverages,191.14,True,Afternoon
TXN01170,2026-07-31,CUST0320,Beverages,30.41,False,Morning
TXN01171,2026-07-31,CUST0321,Groceries,258.39,False,Evening
TXN01172,2026-07-31,CUST0324,Snacks,56.29,True,Morning
TXN01173,2026-07-31,CUST0342,Household,390.83,True,Afternoon
TXN01174,2026-07-31,CUST0344,Snacks,113.09,False,Morning
TXN01175,2026-07-31,CUST0359,Beverages,180.85,True,Morning
TXN01176,2026-07-31,CUST0375,Household,168.75,False,Morning
TXN01177,2026-07-31,CUST0383,Household,330.85,False,Morning
TXN01178,2026-07-31,CUST0384,Dairy,149.92,True,Afternoon
TXN01179,2026-07-31,CUST0398,Groceries,152.01,True,Morning
TXN01180,2026-07-31,CUST0399,Groceries,125.98,True,Evening
TXN01181,2026-07-31,CUST0407,Snacks,117.57,True,Afternoon
TXN01182,2026-07-31,CUST0416,Beverages,80.43,False,Morning
TXN01183,2026-07-31,CUST0420,Beverages,28.05,True,Morning
TXN01184,2026-07-31,CUST0425,Dairy,155.26,True,Afternoon
TXN01185,2026-07-31,CUST0427,Dairy,166.82,True,Afternoon
TXN01186,2026-07-31,CUST0428,Snacks,60.7,False,Evening
TXN01187,2026-07-31,CUST0436,Household,344.72,False,Evening
TXN01188,2026-07-31,CUST0438,Snacks,36.54,True,Morning
TXN01189,2026-07-31,CUST0442,Beverages,132.74,True,Afternoon
TXN01190,2026-07-31,CUST0458,Beverages,67.71,False,Morning
TXN01191,2026-07-31,CUST0483,Dairy,34.78,True,Morning
TXN01192,2026-07-31,CUST0485,Snacks,62.58,True,Morning
TXN01193,2026-07-31,CUST0493,Groceries,217.51,False,Morning
TXN01194,2026-07-31,CUST0502,Dairy,116.42,False,Morning
TXN01195,2026-07-31,CUST0503,Groceries,123.4,False,Morning
TXN01196,2026-07-31,CUST0511,Groceries,140.9,True,Morning
TXN01197,2026-07-31,CUST0530,Household,80.28,True,Morning
TXN01198,2026-07-31,CUST0548,Groceries,104.14,False,Morning
TXN01199,2026-07-31,CUST0558,Household,316.78,True,Evening
TXN01200,2026-07-31,CUST0565,Dairy,164.59,True,Afternoon
TXN01201,2026-07-31,CUST0569,Dairy,86.53,True,Afternoon
TXN01202,2026-07-31,CUST0574,Household,366.48,True,Afternoon
TXN01203,2026-07-31,CUST0580,Household,55.07,True,Morning
TXN01204,2026-07-31,CUST0583,Groceries,85.24,False,Evening
TXN01205,2026-07-31,CUST0586,Dairy,120.91,False,Afternoon
TXN01206,2026-07-31,CUST0605,Household,152.16,True,Evening
TXN01207,2026-07-31,CUST0608,Dairy,34.91,False,Evening
TXN01208,2026-07-31,CUST0611,Snacks,16.27,True,Evening
TXN01209,2026-07-31,CUST0619,Groceries,90.65,False,Afternoon
TXN01210,2026-07-31,CUST0620,Household,321.19,True,Morning
TXN01211,2026-08-01,CUST0002,Household,72.27,False,Morning
TXN01212,2026-08-01,CUST0024,Household,130.71,False,Evening
TXN01213,2026-08-01,CUST0035,Dairy,94.3,True,Morning
TXN01214,2026-08-01,CUST0043,Household,380.94,True,Evening
TXN01215,2026-08-01,CUST0046,Household,331.57,False,Evening
TXN01216,2026-08-01,CUST0047,Household,391.99,False,Evening
TXN01217,2026-08-01,CUST0065,Groceries,86.51,False,Morning
TXN01218,2026-08-01,CUST0071,Groceries,40.65,True,Afternoon
TXN01219,2026-08-01,CUST0072,Snacks,86.27,False,Evening
TXN01220,2026-08-01,CUST0076,Dairy,162.86,True,Afternoon
TXN01221,2026-08-01,CUST0077,Beverages,39.41,False,Evening
TXN01222,2026-08-01,CUST0078,Groceries,294.64,False,Morning
TXN01223,2026-08-01,CUST0079,Dairy,163.53,True,Morning
TXN01224,2026-08-01,CUST0086,Household,254.28,True,Evening
TXN01225,2026-08-01,CUST0089,Beverages,64.16,False,Evening
TXN01226,2026-08-01,CUST0093,Household,329.8,True,Afternoon
TXN01227,2026-08-01,CUST0105,Groceries,58.21,False,Evening
TXN01228,2026-08-01,CUST0107,Household,76.66,True,Afternoon
TXN01229,2026-08-01,CUST0125,Snacks,55.9,False,Evening
TXN01230,2026-08-01,CUST0139,Dairy,172.69,True,Evening
TXN01231,2026-08-01,CUST0142,Dairy,58.4,False,Afternoon
TXN01232,2026-08-01,CUST0153,Household,315.48,False,Evening
TXN01233,2026-08-01,CUST0167,Beverages,120.75,True,Evening
TXN01234,2026-08-01,CUST0169,Snacks,16.88,True,Afternoon
TXN01235,2026-08-01,CUST0171,Household,373.75,False,Evening
TXN01236,2026-08-01,CUST0179,Dairy,126.95,False,Morning
TXN01237,2026-08-01,CUST0182,Dairy,26.49,False,Morning
TXN01238,2026-08-01,CUST0199,Beverages,62.35,True,Evening
TXN01239,2026-08-01,CUST0201,Dairy,168.1,False,Morning
TXN01240,2026-08-01,CUST0206,Household,59.48,False,Afternoon
TXN01241,2026-08-01,CUST0209,Dairy,168.97,False,Afternoon
TXN01242,2026-08-01,CUST0211,Snacks,85.54,True,Afternoon
TXN01243,2026-08-01,CUST0213,Dairy,77.83,False,Morning
TXN01244,2026-08-01,CUST0219,Dairy,159.72,False,Afternoon
TXN01245,2026-08-01,CUST0221,Dairy,30.56,True,Morning
TXN01246,2026-08-01,CUST0235,Dairy,82.06,True,Morning
TXN01247,2026-08-01,CUST0247,Snacks,18.13,False,Afternoon
TXN01248,2026-08-01,CUST0254,Beverages,136.56,False,Evening
TXN01249,2026-08-01,CUST0257,Dairy,153.52,False,Morning
TXN01250,2026-08-01,CUST0265,Dairy,20.6,True,Evening
TXN01251,2026-08-01,CUST0277,Dairy,95.75,False,Afternoon
TXN01252,2026-08-01,CUST0281,Groceries,283.71,True,Evening
TXN01253,2026-08-01,CUST0285,Groceries,57.02,False,Afternoon
TXN01254,2026-08-01,CUST0294,Beverages,88.66,False,Afternoon
TXN01255,2026-08-01,CUST0298,Snacks,49.41,False,Morning
TXN01256,2026-08-01,CUST0305,Snacks,95.64,False,Afternoon
TXN01257,2026-08-01,CUST0307,Beverages,62.15,True,Afternoon
TXN01258,2026-08-01,CUST0323,Household,64.4,False,Afternoon
TXN01259,2026-08-01,CUST0326,Groceries,334.18,True,Evening
TXN01260,2026-08-01,CUST0327,Household,45.73,False,Evening
TXN01261,2026-08-01,CUST0330,Dairy,114.54,True,Evening
TXN01262,2026-08-01,CUST0332,Dairy,49.62,False,Afternoon
TXN01263,2026-08-01,CUST0334,Groceries,185.8,True,Morning
TXN01264,2026-08-01,CUST0363,Groceries,165.72,False,Afternoon
TXN01265,2026-08-01,CUST0364,Snacks,87.59,False,Morning
TXN01266,2026-08-01,CUST0373,Groceries,252.06,False,Morning
TXN01267,2026-08-01,CUST0374,Dairy,64.25,True,Evening
TXN01268,2026-08-01,CUST0375,Dairy,134.76,False,Morning
TXN01269,2026-08-01,CUST0377,Groceries,145.82,False,Morning
TXN01270,2026-08-01,CUST0379,Groceries,309.33,False,Afternoon
TXN01271,2026-08-01,CUST0385,Dairy,53.09,False,Evening
TXN01272,2026-08-01,CUST0400,Groceries,313.21,False,Afternoon
TXN01273,2026-08-01,CUST0401,Snacks,33.59,True,Morning
TXN01274,2026-08-01,CUST0426,Beverages,164.91,True,Evening
TXN01275,2026-08-01,CUST0427,Beverages,192.5,True,Afternoon
TXN01276,2026-08-01,CUST0439,Groceries,141.49,False,Afternoon
TXN01277,2026-08-01,CUST0443,Dairy,49.98,False,Afternoon
TXN01278,2026-08-01,CUST0449,Household,277.84,False,Morning
TXN01279,2026-08-01,CUST0471,Beverages,102.22,True,Afternoon
TXN01280,2026-08-01,CUST0485,Snacks,98.07,True,Morning
TXN01281,2026-08-01,CUST0488,Snacks,71.81,False,Afternoon
TXN01282,2026-08-01,CUST0491,Household,332.31,True,Afternoon
TXN01283,2026-08-01,CUST0494,Beverages,65.13,True,Evening
TXN01284,2026-08-01,CUST0495,Snacks,113.14,False,Evening
TXN01285,2026-08-01,CUST0498,Groceries,344.02,False,Evening
TXN01286,2026-08-01,CUST0504,Dairy,51.34,True,Morning
TXN01287,2026-08-01,CUST0510,Dairy,78.66,True,Morning
TXN01288,2026-08-01,CUST0516,Household,32.82,True,Evening
TXN01289,2026-08-01,CUST0520,Dairy,53.89,True,Afternoon
TXN01290,2026-08-01,CUST0521,Dairy,131.95,False,Evening
TXN01291,2026-08-01,CUST0536,Household,187.21,False,Afternoon
TXN01292,2026-08-01,CUST0544,Household,139.35,True,Morning
TXN01293,2026-08-01,CUST0549,Groceries,111.22,True,Evening
TXN01294,2026-08-01,CUST0556,Beverages,56.46,True,Afternoon
TXN01295,2026-08-01,CUST0559,Beverages,120.14,False,Morning
TXN01296,2026-08-01,CUST0564,Snacks,49.87,True,Evening
TXN01297,2026-08-01,CUST0565,Household,211.49,True,Afternoon
TXN01298,2026-08-01,CUST0566,Dairy,131.8,True,Afternoon
TXN01299,2026-08-01,CUST0571,Snacks,63.39,True,Afternoon
TXN01300,2026-08-01,CUST0574,Groceries,281.81,True,Afternoon
TXN01301,2026-08-01,CUST0579,Beverages,39.19,True,Morning
TXN01302,2026-08-01,CUST0585,Beverages,29.52,True,Morning
TXN01303,2026-08-01,CUST0588,Beverages,137.98,True,Morning
TXN01304,2026-08-01,CUST0598,Snacks,67.65,True,Afternoon
TXN01305,2026-08-01,CUST0603,Groceries,40.87,False,Evening
TXN01306,2026-08-01,CUST0614,Snacks,68.73,False,Evening
TXN01307,2026-08-01,CUST0616,Snacks,101.27,True,Morning
TXN01308,2026-08-01,CUST0618,Groceries,233.76,True,Afternoon
TXN01309,2026-08-01,CUST0619,Household,252.78,False,Afternoon
TXN01310,2026-08-02,CUST0010,Groceries,327.72,True,Evening
TXN01311,2026-08-02,CUST0024,Dairy,104.53,True,Evening
TXN01312,2026-08-02,CUST0026,Groceries,83.87,True,Evening
TXN01313,2026-08-02,CUST0034,Household,309.9,True,Morning
TXN01314,2026-08-02,CUST0038,Snacks,23.63,False,Evening
TXN01315,2026-08-02,CUST0048,Household,321.8,True,Afternoon
TXN01316,2026-08-02,CUST0051,Dairy,173.47,False,Evening
TXN01317,2026-08-02,CUST0052,Groceries,185.65,False,Morning
TXN01318,2026-08-02,CUST0060,Dairy,136.92,False,Evening
TXN01319,2026-08-02,CUST0072,Groceries,347.87,False,Evening
TXN01320,2026-08-02,CUST0075,Snacks,35.4,True,Evening
TXN01321,2026-08-02,CUST0087,Groceries,228.0,True,Afternoon
TXN01322,2026-08-02,CUST0111,Dairy,53.39,True,Afternoon
TXN01323,2026-08-02,CUST0119,Household,153.53,True,Evening
TXN01324,2026-08-02,CUST0133,Beverages,37.41,True,Afternoon
TXN01325,2026-08-02,CUST0145,Dairy,170.66,False,Afternoon
TXN01326,2026-08-02,CUST0148,Household,131.76,False,Evening
TXN01327,2026-08-02,CUST0152,Snacks,28.66,True,Evening
TXN01328,2026-08-02,CUST0154,Snacks,81.2,False,Morning
TXN01329,2026-08-02,CUST0161,Groceries,76.12,False,Evening
TXN01330,2026-08-02,CUST0164,Groceries,332.59,False,Morning
TXN01331,2026-08-02,CUST0166,Dairy,77.81,True,Evening
TXN01332,2026-08-02,CUST0172,Dairy,35.99,False,Evening
TXN01333,2026-08-02,CUST0174,Snacks,52.36,True,Evening
TXN01334,2026-08-02,CUST0201,Snacks,79.52,False,Morning
TXN01335,2026-08-02,CUST0202,Groceries,246.78,False,Evening
TXN01336,2026-08-02,CUST0206,Snacks,119.29,False,Afternoon
TXN01337,2026-08-02,CUST0234,Snacks,75.82,True,Afternoon
TXN01338,2026-08-02,CUST0236,Beverages,43.02,False,Morning
TXN01339,2026-08-02,CUST0237,Beverages,180.28,True,Morning
TXN01340,2026-08-02,CUST0242,Dairy,67.11,False,Morning
TXN01341,2026-08-02,CUST0256,Household,94.35,False,Evening
TXN01342,2026-08-02,CUST0257,Beverages,190.03,False,Morning
TXN01343,2026-08-02,CUST0275,Dairy,164.36,False,Evening
TXN01344,2026-08-02,CUST0278,Dairy,85.0,False,Evening
TXN01345,2026-08-02,CUST0281,Snacks,24.82,True,Evening
TXN01346,2026-08-02,CUST0286,Beverages,109.34,True,Afternoon
TXN01347,2026-08-02,CUST0289,Dairy,149.16,True,Afternoon
TXN01348,2026-08-02,CUST0292,Dairy,144.35,True,Morning
TXN01349,2026-08-02,CUST0293,Beverages,164.35,False,Morning
TXN01350,2026-08-02,CUST0297,Groceries,298.08,False,Afternoon
TXN01351,2026-08-02,CUST0298,Dairy,20.16,False,Morning
TXN01352,2026-08-02,CUST0305,Household,216.44,False,Afternoon
TXN01353,2026-08-02,CUST0312,Groceries,156.31,True,Afternoon
TXN01354,2026-08-02,CUST0314,Beverages,37.8,False,Evening
TXN01355,2026-08-02,CUST0316,Household,316.25,False,Evening
TXN01356,2026-08-02,CUST0323,Snacks,38.15,False,Afternoon
TXN01357,2026-08-02,CUST0325,Household,193.04,False,Morning
TXN01358,2026-08-02,CUST0334,Dairy,75.13,True,Morning
TXN01359,2026-08-02,CUST0344,Snacks,17.39,False,Morning
TXN01360,2026-08-02,CUST0349,Household,115.88,False,Afternoon
TXN01361,2026-08-02,CUST0354,Snacks,111.16,True,Afternoon
TXN01362,2026-08-02,CUST0362,Dairy,20.07,True,Morning
TXN01363,2026-08-02,CUST0377,Dairy,158.33,False,Morning
TXN01364,2026-08-02,CUST0379,Household,138.79,False,Afternoon
TXN01365,2026-08-02,CUST0380,Groceries,173.66,False,Morning
TXN01366,2026-08-02,CUST0401,Dairy,61.78,False,Morning
TXN01367,2026-08-02,CUST0429,Household,289.04,True,Afternoon
TXN01368,2026-08-02,CUST0437,Beverages,50.14,True,Evening
TXN01369,2026-08-02,CUST0438,Dairy,120.67,True,Morning
TXN01370,2026-08-02,CUST0439,Household,281.14,False,Afternoon
TXN01371,2026-08-02,CUST0441,Snacks,71.6,True,Evening
TXN01372,2026-08-02,CUST0442,Snacks,57.52,True,Afternoon
TXN01373,2026-08-02,CUST0452,Beverages,118.5,False,Afternoon
TXN01374,2026-08-02,CUST0460,Groceries,303.77,True,Afternoon
TXN01375,2026-08-02,CUST0483,Household,63.92,False,Morning
TXN01376,2026-08-02,CUST0490,Beverages,104.1,True,Morning
TXN01377,2026-08-02,CUST0491,Beverages,36.11,True,Afternoon
TXN01378,2026-08-02,CUST0496,Beverages,125.55,True,Morning
TXN01379,2026-08-02,CUST0500,Beverages,125.94,True,Evening
TXN01380,2026-08-02,CUST0505,Dairy,129.17,True,Morning
TXN01381,2026-08-02,CUST0516,Groceries,92.06,True,Evening
TXN01382,2026-08-02,CUST0521,Beverages,93.81,False,Evening
TXN01383,2026-08-02,CUST0523,Snacks,101.78,True,Morning
TXN01384,2026-08-02,CUST0524,Dairy,121.43,True,Evening
TXN01385,2026-08-02,CUST0531,Beverages,188.54,False,Morning
TXN01386,2026-08-02,CUST0533,Groceries,252.19,False,Evening
TXN01387,2026-08-02,CUST0535,Snacks,90.85,False,Afternoon
TXN01388,2026-08-02,CUST0537,Snacks,55.85,False,Afternoon
TXN01389,2026-08-02,CUST0538,Beverages,63.79,True,Evening
TXN01390,2026-08-02,CUST0542,Beverages,43.59,False,Morning
TXN01391,2026-08-02,CUST0545,Household,222.01,False,Evening
TXN01392,2026-08-02,CUST0549,Snacks,94.38,True,Evening
TXN01393,2026-08-02,CUST0552,Snacks,80.95,True,Morning
TXN01394,2026-08-02,CUST0560,Beverages,170.78,True,Evening
TXN01395,2026-08-02,CUST0566,Snacks,62.64,True,Afternoon
TXN01396,2026-08-02,CUST0568,Dairy,78.58,False,Evening
TXN01397,2026-08-02,CUST0577,Beverages,71.51,False,Afternoon
TXN01398,2026-08-02,CUST0581,Groceries,50.91,True,Afternoon
TXN01399,2026-08-02,CUST0585,Beverages,116.65,True,Morning
TXN01400,2026-08-02,CUST0589,Snacks,28.63,False,Afternoon
TXN01401,2026-08-02,CUST0594,Dairy,169.63,True,Evening
TXN01402,2026-08-03,CUST0007,Groceries,313.57,True,Evening
TXN01403,2026-08-03,CUST0014,Groceries,287.79,True,Evening
TXN01404,2026-08-03,CUST0015,Groceries,140.43,False,Afternoon
TXN01405,2026-08-03,CUST0029,Dairy,87.69,False,Afternoon
TXN01406,2026-08-03,CUST0043,Dairy,148.86,True,Evening
TXN01407,2026-08-03,CUST0047,Groceries,79.15,False,Evening
TXN01408,2026-08-03,CUST0053,Groceries,314.5,True,Afternoon
TXN01409,2026-08-03,CUST0056,Beverages,106.06,True,Afternoon
TXN01410,2026-08-03,CUST0057,Household,179.49,False,Morning
TXN01411,2026-08-03,CUST0061,Snacks,65.41,False,Morning
TXN01412,2026-08-03,CUST0081,Household,385.33,True,Morning
TXN01413,2026-08-03,CUST0087,Beverages,139.69,False,Afternoon
TXN01414,2026-08-03,CUST0106,Snacks,88.76,True,Afternoon
TXN01415,2026-08-03,CUST0117,Household,137.24,False,Morning
TXN01416,2026-08-03,CUST0126,Household,253.33,False,Evening
TXN01417,2026-08-03,CUST0129,Beverages,55.51,False,Morning
TXN01418,2026-08-03,CUST0130,Groceries,142.64,True,Afternoon
TXN01419,2026-08-03,CUST0142,Groceries,291.82,False,Afternoon
TXN01420,2026-08-03,CUST0144,Snacks,56.7,True,Afternoon
TXN01421,2026-08-03,CUST0147,Groceries,122.25,True,Morning
TXN01422,2026-08-03,CUST0163,Groceries,102.62,True,Morning
TXN01423,2026-08-03,CUST0170,Groceries,147.54,False,Afternoon
TXN01424,2026-08-03,CUST0179,Beverages,156.12,False,Morning
TXN01425,2026-08-03,CUST0181,Dairy,96.47,True,Evening
TXN01426,2026-08-03,CUST0186,Household,397.11,True,Afternoon
TXN01427,2026-08-03,CUST0194,Dairy,38.89,False,Evening
TXN01428,2026-08-03,CUST0203,Groceries,158.6,True,Evening
TXN01429,2026-08-03,CUST0205,Beverages,151.29,True,Afternoon
TXN01430,2026-08-03,CUST0211,Beverages,155.69,True,Afternoon
TXN01431,2026-08-03,CUST0213,Household,154.81,False,Morning
TXN01432,2026-08-03,CUST0220,Snacks,33.49,True,Evening
TXN01433,2026-08-03,CUST0221,Beverages,144.53,True,Morning
TXN01434,2026-08-03,CUST0224,Snacks,118.11,True,Morning
TXN01435,2026-08-03,CUST0234,Groceries,289.66,True,Afternoon
TXN01436,2026-08-03,CUST0237,Beverages,111.9,True,Morning
TXN01437,2026-08-03,CUST0238,Household,73.9,True,Morning
TXN01438,2026-08-03,CUST0246,Groceries,315.31,False,Evening
TXN01439,2026-08-03,CUST0248,Household,374.17,False,Morning
TXN01440,2026-08-03,CUST0254,Beverages,133.4,False,Evening
TXN01441,2026-08-03,CUST0257,Household,348.93,False,Morning
TXN01442,2026-08-03,CUST0258,Dairy,40.8,False,Morning
TXN01443,2026-08-03,CUST0262,Snacks,42.41,True,Evening
TXN01444,2026-08-03,CUST0270,Beverages,88.56,False,Evening
TXN01445,2026-08-03,CUST0287,Snacks,63.48,False,Evening
TXN01446,2026-08-03,CUST0288,Groceries,212.03,True,Afternoon
TXN01447,2026-08-03,CUST0291,Groceries,289.89,False,Evening
TXN01448,2026-08-03,CUST0300,Groceries,200.22,False,Evening
TXN01449,2026-08-03,CUST0305,Groceries,342.0,False,Afternoon
TXN01450,2026-08-03,CUST0309,Household,67.62,False,Morning
TXN01451,2026-08-03,CUST0310,Dairy,73.14,False,Afternoon
TXN01452,2026-08-03,CUST0316,Household,94.74,False,Evening
TXN01453,2026-08-03,CUST0318,Beverages,101.14,False,Morning
TXN01454,2026-08-03,CUST0326,Beverages,25.96,True,Evening
TXN01455,2026-08-03,CUST0329,Household,87.94,True,Evening
TXN01456,2026-08-03,CUST0337,Dairy,152.91,True,Afternoon
TXN01457,2026-08-03,CUST0339,Snacks,57.31,True,Morning
TXN01458,2026-08-03,CUST0345,Beverages,109.99,False,Afternoon
TXN01459,2026-08-03,CUST0348,Snacks,76.48,True,Evening
TXN01460,2026-08-03,CUST0356,Dairy,126.83,True,Evening
TXN01461,2026-08-03,CUST0361,Beverages,77.09,False,Evening
TXN01462,2026-08-03,CUST0379,Dairy,97.59,False,Afternoon
TXN01463,2026-08-03,CUST0387,Beverages,142.2,False,Afternoon
TXN01464,2026-08-03,CUST0393,Snacks,32.34,True,Morning
TXN01465,2026-08-03,CUST0396,Household,48.86,True,Morning
TXN01466,2026-08-03,CUST0399,Household,50.32,True,Evening
TXN01467,2026-08-03,CUST0401,Snacks,24.98,False,Morning
TXN01468,2026-08-03,CUST0429,Groceries,179.9,True,Afternoon
TXN01469,2026-08-03,CUST0437,Dairy,29.87,True,Evening
TXN01470,2026-08-03,CUST0444,Beverages,39.9,True,Evening
TXN01471,2026-08-03,CUST0445,Groceries,329.59,True,Morning
TXN01472,2026-08-03,CUST0449,Household,237.08,True,Morning
TXN01473,2026-08-03,CUST0460,Groceries,284.94,True,Afternoon
TXN01474,2026-08-03,CUST0462,Beverages,137.41,True,Evening
TXN01475,2026-08-03,CUST0486,Household,219.33,True,Morning
TXN01476,2026-08-03,CUST0488,Snacks,25.73,False,Afternoon
TXN01477,2026-08-03,CUST0489,Snacks,75.9,False,Morning
TXN01478,2026-08-03,CUST0494,Beverages,193.03,True,Evening
TXN01479,2026-08-03,CUST0499,Household,80.86,False,Morning
TXN01480,2026-08-03,CUST0508,Snacks,22.75,False,Evening
TXN01481,2026-08-03,CUST0516,Dairy,134.36,True,Evening
TXN01482,2026-08-03,CUST0522,Snacks,48.73,True,Evening
TXN01483,2026-08-03,CUST0545,Beverages,47.19,False,Evening
TXN01484,2026-08-03,CUST0556,Groceries,177.28,True,Afternoon
TXN01485,2026-08-03,CUST0558,Dairy,154.36,True,Evening
TXN01486,2026-08-03,CUST0575,Snacks,76.78,False,Morning
TXN01487,2026-08-03,CUST0577,Groceries,230.25,False,Afternoon
TXN01488,2026-08-03,CUST0588,Groceries,170.97,True,Morning
TXN01489,2026-08-03,CUST0598,Beverages,70.48,True,Afternoon
TXN01490,2026-08-03,CUST0601,Beverages,139.81,False,Morning
TXN01491,2026-08-03,CUST0607,Household,399.5,True,Afternoon
TXN01492,2026-08-03,CUST0616,Snacks,48.05,True,Morning
TXN01493,2026-08-03,CUST0620,Household,319.53,True,Morning
TXN01494,2026-08-04,CUST0005,Dairy,58.8,True,Afternoon
TXN01495,2026-08-04,CUST0014,Snacks,78.38,True,Evening
TXN01496,2026-08-04,CUST0016,Household,89.3,True,Evening
TXN01497,2026-08-04,CUST0017,Snacks,34.01,False,Morning
TXN01498,2026-08-04,CUST0024,Snacks,79.39,True,Evening
TXN01499,2026-08-04,CUST0025,Dairy,64.95,False,Afternoon
TXN01500,2026-08-04,CUST0026,Beverages,167.67,True,Evening
TXN01501,2026-08-04,CUST0030,Beverages,27.63,True,Evening
TXN01502,2026-08-04,CUST0035,Groceries,93.6,True,Morning
TXN01503,2026-08-04,CUST0039,Snacks,61.84,False,Morning
TXN01504,2026-08-04,CUST0043,Household,58.17,True,Evening
TXN01505,2026-08-04,CUST0045,Beverages,68.96,True,Morning
TXN01506,2026-08-04,CUST0056,Snacks,114.54,True,Afternoon
TXN01507,2026-08-04,CUST0057,Beverages,146.58,False,Morning
TXN01508,2026-08-04,CUST0064,Household,124.15,True,Morning
TXN01509,2026-08-04,CUST0071,Dairy,44.67,True,Afternoon
TXN01510,2026-08-04,CUST0080,Household,363.43,False,Afternoon
TXN01511,2026-08-04,CUST0086,Dairy,24.91,True,Evening
TXN01512,2026-08-04,CUST0089,Groceries,318.3,False,Evening
TXN01513,2026-08-04,CUST0091,Beverages,35.64,False,Morning
TXN01514,2026-08-04,CUST0096,Snacks,90.05,True,Afternoon
TXN01515,2026-08-04,CUST0108,Groceries,199.56,True,Afternoon
TXN01516,2026-08-04,CUST0122,Beverages,178.83,False,Afternoon
TXN01517,2026-08-04,CUST0128,Snacks,40.3,True,Evening
TXN01518,2026-08-04,CUST0129,Household,385.33,False,Morning
TXN01519,2026-08-04,CUST0147,Household,281.98,True,Morning
TXN01520,2026-08-04,CUST0165,Beverages,112.49,True,Evening
TXN01521,2026-08-04,CUST0172,Beverages,122.48,False,Evening
TXN01522,2026-08-04,CUST0174,Groceries,293.03,True,Evening
TXN01523,2026-08-04,CUST0177,Beverages,92.54,True,Afternoon
TXN01524,2026-08-04,CUST0178,Groceries,197.46,False,Afternoon
TXN01525,2026-08-04,CUST0185,Groceries,293.53,True,Afternoon
TXN01526,2026-08-04,CUST0202,Snacks,47.48,False,Evening
TXN01527,2026-08-04,CUST0207,Dairy,137.33,False,Morning
TXN01528,2026-08-04,CUST0212,Snacks,114.06,False,Afternoon
TXN01529,2026-08-04,CUST0215,Groceries,319.91,False,Evening
TXN01530,2026-08-04,CUST0216,Household,389.8,False,Afternoon
TXN01531,2026-08-04,CUST0219,Groceries,320.55,False,Afternoon
TXN01532,2026-08-04,CUST0228,Household,230.41,True,Evening
TXN01533,2026-08-04,CUST0235,Beverages,158.04,True,Morning
TXN01534,2026-08-04,CUST0238,Beverages,151.98,True,Morning
TXN01535,2026-08-04,CUST0242,Dairy,106.39,False,Morning
TXN01536,2026-08-04,CUST0252,Beverages,100.03,True,Afternoon
TXN01537,2026-08-04,CUST0256,Beverages,66.43,False,Evening
TXN01538,2026-08-04,CUST0257,Groceries,81.14,False,Morning
TXN01539,2026-08-04,CUST0265,Groceries,133.84,True,Evening
TXN01540,2026-08-04,CUST0279,Dairy,98.12,False,Morning
TXN01541,2026-08-04,CUST0281,Groceries,69.94,True,Evening
TXN01542,2026-08-04,CUST0289,Dairy,116.51,True,Afternoon
TXN01543,2026-08-04,CUST0292,Snacks,90.71,True,Morning
TXN01544,2026-08-04,CUST0294,Beverages,85.66,False,Afternoon
TXN01545,2026-08-04,CUST0300,Beverages,49.77,False,Evening
TXN01546,2026-08-04,CUST0305,Groceries,59.64,False,Afternoon
TXN01547,2026-08-04,CUST0312,Dairy,64.55,True,Afternoon
TXN01548,2026-08-04,CUST0320,Household,222.46,False,Morning
TXN01549,2026-08-04,CUST0323,Snacks,90.29,False,Afternoon
TXN01550,2026-08-04,CUST0338,Beverages,90.07,False,Afternoon
TXN01551,2026-08-04,CUST0339,Dairy,155.01,True,Morning
TXN01552,2026-08-04,CUST0340,Groceries,137.64,False,Evening
TXN01553,2026-08-04,CUST0343,Snacks,38.88,False,Evening
TXN01554,2026-08-04,CUST0346,Beverages,48.83,True,Afternoon
TXN01555,2026-08-04,CUST0351,Household,124.88,True,Morning
TXN01556,2026-08-04,CUST0360,Beverages,116.33,False,Evening
TXN01557,2026-08-04,CUST0363,Household,157.51,False,Afternoon
TXN01558,2026-08-04,CUST0369,Beverages,163.78,True,Evening
TXN01559,2026-08-04,CUST0374,Groceries,51.01,True,Evening
TXN01560,2026-08-04,CUST0375,Beverages,141.2,False,Morning
TXN01561,2026-08-04,CUST0378,Snacks,37.4,False,Afternoon
TXN01562,2026-08-04,CUST0388,Snacks,117.8,True,Afternoon
TXN01563,2026-08-04,CUST0397,Snacks,116.61,False,Morning
TXN01564,2026-08-04,CUST0406,Snacks,20.57,True,Evening
TXN01565,2026-08-04,CUST0412,Household,89.0,False,Evening
TXN01566,2026-08-04,CUST0415,Groceries,207.66,True,Afternoon
TXN01567,2026-08-04,CUST0424,Groceries,349.0,False,Afternoon
TXN01568,2026-08-04,CUST0436,Groceries,165.9,False,Evening
TXN01569,2026-08-04,CUST0447,Snacks,97.42,False,Afternoon
TXN01570,2026-08-04,CUST0451,Household,311.03,True,Evening
TXN01571,2026-08-04,CUST0452,Snacks,26.65,False,Afternoon
TXN01572,2026-08-04,CUST0455,Snacks,116.49,False,Morning
TXN01573,2026-08-04,CUST0461,Snacks,19.6,True,Evening
TXN01574,2026-08-04,CUST0462,Household,290.55,True,Evening
TXN01575,2026-08-04,CUST0469,Dairy,126.63,True,Morning
TXN01576,2026-08-04,CUST0470,Household,136.5,False,Afternoon
TXN01577,2026-08-04,CUST0480,Dairy,88.55,False,Afternoon
TXN01578,2026-08-04,CUST0499,Snacks,55.73,False,Morning
TXN01579,2026-08-04,CUST0500,Household,386.59,True,Evening
TXN01580,2026-08-04,CUST0507,Beverages,92.7,False,Evening
TXN01581,2026-08-04,CUST0515,Dairy,125.95,False,Afternoon
TXN01582,2026-08-04,CUST0522,Household,199.64,True,Evening
TXN01583,2026-08-04,CUST0525,Dairy,121.26,True,Morning
TXN01584,2026-08-04,CUST0526,Dairy,177.66,True,Afternoon
TXN01585,2026-08-04,CUST0527,Household,97.95,False,Afternoon
TXN01586,2026-08-04,CUST0530,Groceries,234.6,True,Morning
TXN01587,2026-08-04,CUST0533,Dairy,69.23,False,Evening
TXN01588,2026-08-04,CUST0535,Groceries,217.11,False,Afternoon
TXN01589,2026-08-04,CUST0539,Dairy,20.9,False,Afternoon
TXN01590,2026-08-04,CUST0545,Groceries,67.4,False,Evening
TXN01591,2026-08-04,CUST0548,Groceries,127.29,False,Morning
TXN01592,2026-08-04,CUST0564,Groceries,111.59,True,Evening
TXN01593,2026-08-04,CUST0568,Dairy,93.21,False,Evening
TXN01594,2026-08-04,CUST0570,Snacks,63.5,False,Afternoon
TXN01595,2026-08-04,CUST0572,Beverages,47.06,False,Afternoon
TXN01596,2026-08-04,CUST0573,Snacks,103.39,False,Afternoon
TXN01597,2026-08-04,CUST0576,Dairy,89.03,False,Evening
TXN01598,2026-08-04,CUST0577,Beverages,151.97,False,Afternoon
TXN01599,2026-08-04,CUST0593,Beverages,179.13,False,Evening
TXN01600,2026-08-04,CUST0612,Beverages,108.93,False,Afternoon
TXN01601,2026-08-05,CUST0003,Dairy,108.19,False,Afternoon
TXN01602,2026-08-05,CUST0010,Snacks,24.31,True,Evening
TXN01603,2026-08-05,CUST0017,Snacks,75.61,False,Morning
TXN01604,2026-08-05,CUST0023,Dairy,176.59,False,Evening
TXN01605,2026-08-05,CUST0026,Dairy,40.89,True,Evening
TXN01606,2026-08-05,CUST0030,Snacks,90.37,True,Evening
TXN01607,2026-08-05,CUST0033,Snacks,108.07,True,Evening
TXN01608,2026-08-05,CUST0035,Groceries,146.77,True,Morning
TXN01609,2026-08-05,CUST0041,Beverages,64.24,True,Afternoon
TXN01610,2026-08-05,CUST0045,Groceries,185.6,True,Morning
TXN01611,2026-08-05,CUST0051,Groceries,121.74,True,Evening
TXN01612,2026-08-05,CUST0054,Household,175.0,False,Afternoon
TXN01613,2026-08-05,CUST0056,Dairy,170.22,True,Afternoon
TXN01614,2026-08-05,CUST0057,Groceries,153.74,False,Morning
TXN01615,2026-08-05,CUST0069,Beverages,165.73,True,Evening
TXN01616,2026-08-05,CUST0075,Household,174.86,True,Evening
TXN01617,2026-08-05,CUST0083,Dairy,40.72,False,Afternoon
TXN01618,2026-08-05,CUST0085,Groceries,67.42,False,Evening
TXN01619,2026-08-05,CUST0096,Beverages,173.78,True,Afternoon
TXN01620,2026-08-05,CUST0105,Dairy,135.9,False,Evening
TXN01621,2026-08-05,CUST0127,Dairy,32.41,False,Afternoon
TXN01622,2026-08-05,CUST0132,Snacks,53.83,False,Evening
TXN01623,2026-08-05,CUST0158,Dairy,164.95,True,Afternoon
TXN01624,2026-08-05,CUST0161,Groceries,217.53,False,Evening
TXN01625,2026-08-05,CUST0166,Snacks,34.46,True,Evening
TXN01626,2026-08-05,CUST0167,Snacks,75.45,True,Evening
TXN01627,2026-08-05,CUST0174,Snacks,96.58,True,Evening
TXN01628,2026-08-05,CUST0177,Snacks,20.53,True,Afternoon
TXN01629,2026-08-05,CUST0184,Snacks,108.04,False,Evening
TXN01630,2026-08-05,CUST0194,Groceries,193.66,False,Evening
TXN01631,2026-08-05,CUST0197,Groceries,64.61,True,Afternoon
TXN01632,2026-08-05,CUST0202,Snacks,92.61,False,Evening
TXN01633,2026-08-05,CUST0203,Beverages,164.56,True,Evening
TXN01634,2026-08-05,CUST0207,Household,101.78,False,Morning
TXN01635,2026-08-05,CUST0216,Household,201.24,False,Afternoon
TXN01636,2026-08-05,CUST0217,Household,178.11,True,Evening
TXN01637,2026-08-05,CUST0220,Groceries,240.17,True,Evening
TXN01638,2026-08-05,CUST0231,Groceries,325.44,True,Evening
TXN01639,2026-08-05,CUST0234,Dairy,71.17,True,Afternoon
TXN01640,2026-08-05,CUST0236,Groceries,227.31,False,Morning
TXN01641,2026-08-05,CUST0247,Groceries,101.42,False,Afternoon
TXN01642,2026-08-05,CUST0252,Groceries,226.29,True,Afternoon
TXN01643,2026-08-05,CUST0262,Dairy,43.74,True,Evening
TXN01644,2026-08-05,CUST0269,Snacks,53.18,True,Afternoon
TXN01645,2026-08-05,CUST0280,Groceries,210.88,True,Afternoon
TXN01646,2026-08-05,CUST0289,Groceries,192.33,True,Afternoon
TXN01647,2026-08-05,CUST0290,Beverages,63.9,False,Evening
TXN01648,2026-08-05,CUST0293,Groceries,338.73,False,Morning
TXN01649,2026-08-05,CUST0302,Household,308.89,True,Afternoon
TXN01650,2026-08-05,CUST0303,Dairy,177.14,False,Evening
TXN01651,2026-08-05,CUST0305,Dairy,167.14,False,Afternoon
TXN01652,2026-08-05,CUST0326,Groceries,319.07,True,Evening
TXN01653,2026-08-05,CUST0331,Groceries,204.79,False,Evening
TXN01654,2026-08-05,CUST0344,Groceries,108.12,False,Morning
TXN01655,2026-08-05,CUST0347,Snacks,84.72,False,Morning
TXN01656,2026-08-05,CUST0352,Snacks,98.03,False,Afternoon
TXN01657,2026-08-05,CUST0353,Snacks,41.4,True,Evening
TXN01658,2026-08-05,CUST0354,Groceries,154.17,True,Afternoon
TXN01659,2026-08-05,CUST0356,Beverages,159.12,True,Evening
TXN01660,2026-08-05,CUST0371,Dairy,89.54,True,Afternoon
TXN01661,2026-08-05,CUST0372,Beverages,176.7,True,Morning
TXN01662,2026-08-05,CUST0375,Groceries,331.65,False,Morning
TXN01663,2026-08-05,CUST0387,Household,360.48,False,Afternoon
TXN01664,2026-08-05,CUST0391,Household,271.25,True,Evening
TXN01665,2026-08-05,CUST0392,Snacks,88.02,False,Afternoon
TXN01666,2026-08-05,CUST0415,Groceries,221.69,True,Afternoon
TXN01667,2026-08-05,CUST0416,Snacks,66.06,False,Morning
TXN01668,2026-08-05,CUST0424,Household,388.22,False,Afternoon
TXN01669,2026-08-05,CUST0436,Snacks,59.8,False,Evening
TXN01670,2026-08-05,CUST0440,Dairy,76.48,True,Evening
TXN01671,2026-08-05,CUST0442,Household,390.77,True,Afternoon
TXN01672,2026-08-05,CUST0449,Household,112.41,True,Morning
TXN01673,2026-08-05,CUST0455,Dairy,94.03,False,Morning
TXN01674,2026-08-05,CUST0459,Snacks,79.48,False,Afternoon
TXN01675,2026-08-05,CUST0496,Groceries,223.93,True,Morning
TXN01676,2026-08-05,CUST0497,Household,297.71,True,Afternoon
TXN01677,2026-08-05,CUST0510,Dairy,38.42,True,Morning
TXN01678,2026-08-05,CUST0511,Snacks,46.64,True,Morning
TXN01679,2026-08-05,CUST0520,Groceries,53.3,True,Afternoon
TXN01680,2026-08-05,CUST0524,Beverages,64.1,True,Evening
TXN01681,2026-08-05,CUST0525,Snacks,26.2,True,Morning
TXN01682,2026-08-05,CUST0526,Household,153.33,True,Afternoon
TXN01683,2026-08-05,CUST0534,Household,389.22,False,Morning
TXN01684,2026-08-05,CUST0535,Beverages,131.66,False,Afternoon
TXN01685,2026-08-05,CUST0543,Dairy,169.53,False,Afternoon
TXN01686,2026-08-05,CUST0545,Dairy,67.46,False,Evening
TXN01687,2026-08-05,CUST0548,Dairy,25.36,False,Morning
TXN01688,2026-08-05,CUST0553,Groceries,45.8,False,Afternoon
TXN01689,2026-08-05,CUST0563,Snacks,89.63,False,Afternoon
TXN01690,2026-08-05,CUST0569,Groceries,240.46,False,Afternoon
TXN01691,2026-08-05,CUST0573,Groceries,133.65,False,Afternoon
TXN01692,2026-08-05,CUST0575,Dairy,105.85,True,Morning
TXN01693,2026-08-05,CUST0577,Dairy,150.41,False,Afternoon
TXN01694,2026-08-05,CUST0581,Snacks,91.63,True,Afternoon
TXN01695,2026-08-05,CUST0583,Dairy,103.25,False,Evening
TXN01696,2026-08-05,CUST0584,Dairy,21.49,False,Afternoon
TXN01697,2026-08-05,CUST0585,Snacks,57.13,False,Morning
TXN01698,2026-08-05,CUST0589,Snacks,57.87,False,Afternoon
TXN01699,2026-08-05,CUST0592,Household,319.83,True,Morning
TXN01700,2026-08-05,CUST0602,Snacks,37.11,True,Morning
TXN01701,2026-08-05,CUST0614,Snacks,63.14,False,Evening
TXN01702,2026-08-05,CUST0619,Household,295.55,False,Afternoon
TXN01703,2026-08-06,CUST0002,Groceries,313.13,False,Morning
TXN01704,2026-08-06,CUST0011,Household,267.61,False,Morning
TXN01705,2026-08-06,CUST0015,Beverages,188.75,False,Afternoon
TXN01706,2026-08-06,CUST0025,Beverages,177.64,True,Afternoon
TXN01707,2026-08-06,CUST0026,Beverages,32.02,False,Evening
TXN01708,2026-08-06,CUST0034,Dairy,97.67,True,Morning
TXN01709,2026-08-06,CUST0037,Dairy,35.96,True,Afternoon
TXN01710,2026-08-06,CUST0039,Household,387.42,False,Morning
TXN01711,2026-08-06,CUST0040,Snacks,118.16,True,Morning
TXN01712,2026-08-06,CUST0043,Groceries,180.87,True,Evening
TXN01713,2026-08-06,CUST0046,Dairy,115.72,False,Evening
TXN01714,2026-08-06,CUST0056,Dairy,42.74,True,Afternoon
TXN01715,2026-08-06,CUST0061,Snacks,105.0,False,Morning
TXN01716,2026-08-06,CUST0073,Beverages,167.88,True,Morning
TXN01717,2026-08-06,CUST0083,Household,37.7,False,Afternoon
TXN01718,2026-08-06,CUST0110,Household,59.8,True,Evening
TXN01719,2026-08-06,CUST0112,Beverages,48.42,False,Evening
TXN01720,2026-08-06,CUST0116,Snacks,27.29,False,Evening
TXN01721,2026-08-06,CUST0121,Beverages,80.61,True,Morning
TXN01722,2026-08-06,CUST0127,Household,93.77,False,Afternoon
TXN01723,2026-08-06,CUST0133,Snacks,80.47,True,Afternoon
TXN01724,2026-08-06,CUST0136,Groceries,109.14,True,Evening
TXN01725,2026-08-06,CUST0138,Beverages,118.53,False,Morning
TXN01726,2026-08-06,CUST0141,Groceries,94.8,False,Afternoon
TXN01727,2026-08-06,CUST0142,Dairy,145.14,False,Afternoon
TXN01728,2026-08-06,CUST0154,Beverages,44.2,False,Morning
TXN01729,2026-08-06,CUST0162,Household,95.73,False,Morning
TXN01730,2026-08-06,CUST0178,Snacks,84.14,False,Afternoon
TXN01731,2026-08-06,CUST0179,Dairy,134.38,False,Morning
TXN01732,2026-08-06,CUST0181,Groceries,99.93,True,Evening
TXN01733,2026-08-06,CUST0183,Dairy,117.88,False,Evening
TXN01734,2026-08-06,CUST0186,Household,376.93,False,Afternoon
TXN01735,2026-08-06,CUST0199,Dairy,102.19,True,Evening
TXN01736,2026-08-06,CUST0201,Dairy,160.03,False,Morning
TXN01737,2026-08-06,CUST0203,Dairy,133.0,True,Evening
TXN01738,2026-08-06,CUST0206,Snacks,35.31,False,Afternoon
TXN01739,2026-08-06,CUST0209,Groceries,141.26,False,Afternoon
TXN01740,2026-08-06,CUST0210,Dairy,161.81,False,Evening
TXN01741,2026-08-06,CUST0213,Snacks,73.08,False,Morning
TXN01742,2026-08-06,CUST0214,Household,341.71,False,Morning
TXN01743,2026-08-06,CUST0219,Household,227.57,False,Afternoon
TXN01744,2026-08-06,CUST0225,Beverages,198.77,True,Afternoon
TXN01745,2026-08-06,CUST0231,Household,180.78,True,Evening
TXN01746,2026-08-06,CUST0249,Dairy,134.7,True,Evening
TXN01747,2026-08-06,CUST0267,Snacks,101.68,False,Afternoon
TXN01748,2026-08-06,CUST0275,Dairy,94.73,False,Evening
TXN01749,2026-08-06,CUST0280,Beverages,98.32,True,Afternoon
TXN01750,2026-08-06,CUST0285,Groceries,347.11,False,Afternoon
TXN01751,2026-08-06,CUST0287,Household,169.44,False,Evening
TXN01752,2026-08-06,CUST0295,Household,105.53,False,Evening
TXN01753,2026-08-06,CUST0299,Snacks,38.47,True,Morning
TXN01754,2026-08-06,CUST0309,Beverages,97.1,False,Morning
TXN01755,2026-08-06,CUST0312,Household,242.41,True,Afternoon
TXN01756,2026-08-06,CUST0313,Groceries,211.51,True,Afternoon
TXN01757,2026-08-06,CUST0321,Beverages,58.87,False,Evening
TXN01758,2026-08-06,CUST0330,Beverages,118.88,True,Evening
TXN01759,2026-08-06,CUST0334,Snacks,48.18,True,Morning
TXN01760,2026-08-06,CUST0340,Groceries,90.85,False,Evening
TXN01761,2026-08-06,CUST0341,Household,44.46,False,Morning
TXN01762,2026-08-06,CUST0345,Beverages,56.35,False,Afternoon
TXN01763,2026-08-06,CUST0350,Beverages,125.3,True,Afternoon
TXN01764,2026-08-06,CUST0352,Household,142.89,False,Afternoon
TXN01765,2026-08-06,CUST0363,Household,321.67,False,Afternoon
TXN01766,2026-08-06,CUST0365,Dairy,27.35,False,Morning
TXN01767,2026-08-06,CUST0369,Beverages,87.28,True,Evening
TXN01768,2026-08-06,CUST0388,Groceries,49.68,True,Afternoon
TXN01769,2026-08-06,CUST0389,Snacks,108.3,True,Evening
TXN01770,2026-08-06,CUST0396,Household,131.48,True,Morning
TXN01771,2026-08-06,CUST0401,Groceries,157.13,True,Morning
TXN01772,2026-08-06,CUST0412,Groceries,142.85,False,Evening
TXN01773,2026-08-06,CUST0417,Household,143.7,False,Morning
TXN01774,2026-08-06,CUST0424,Dairy,105.5,False,Afternoon
TXN01775,2026-08-06,CUST0427,Dairy,66.0,True,Afternoon
TXN01776,2026-08-06,CUST0428,Dairy,132.24,False,Evening
TXN01777,2026-08-06,CUST0431,Dairy,83.1,False,Afternoon
TXN01778,2026-08-06,CUST0435,Household,117.63,True,Afternoon
TXN01779,2026-08-06,CUST0436,Household,213.02,False,Evening
TXN01780,2026-08-06,CUST0448,Snacks,29.69,False,Afternoon
TXN01781,2026-08-06,CUST0451,Beverages,82.35,True,Evening
TXN01782,2026-08-06,CUST0452,Groceries,56.97,False,Afternoon
TXN01783,2026-08-06,CUST0463,Dairy,67.61,False,Afternoon
TXN01784,2026-08-06,CUST0470,Beverages,77.55,False,Afternoon
TXN01785,2026-08-06,CUST0483,Groceries,253.4,True,Morning
TXN01786,2026-08-06,CUST0488,Household,217.23,False,Afternoon
TXN01787,2026-08-06,CUST0493,Beverages,108.16,False,Morning
TXN01788,2026-08-06,CUST0494,Beverages,101.09,True,Evening
TXN01789,2026-08-06,CUST0495,Dairy,39.56,False,Evening
TXN01790,2026-08-06,CUST0499,Snacks,91.54,False,Morning
TXN01791,2026-08-06,CUST0503,Beverages,176.11,False,Morning
TXN01792,2026-08-06,CUST0519,Beverages,125.73,False,Evening
TXN01793,2026-08-06,CUST0538,Groceries,207.49,True,Evening
TXN01794,2026-08-06,CUST0564,Dairy,31.43,True,Evening
TXN01795,2026-08-06,CUST0570,Dairy,67.88,False,Afternoon
TXN01796,2026-08-06,CUST0575,Groceries,327.13,True,Morning
TXN01797,2026-08-06,CUST0585,Household,393.36,True,Morning
TXN01798,2026-08-06,CUST0587,Groceries,105.08,False,Morning
TXN01799,2026-08-06,CUST0591,Groceries,219.22,False,Evening
TXN01800,2026-08-06,CUST0595,Snacks,75.53,False,Morning
TXN01801,2026-08-06,CUST0597,Beverages,139.92,True,Evening
TXN01802,2026-08-06,CUST0605,Household,372.11,True,Evening
TXN01803,2026-08-06,CUST0608,Snacks,93.17,False,Evening
TXN01804,2026-08-06,CUST0610,Household,385.64,False,Afternoon
TXN01805,2026-08-06,CUST0611,Snacks,35.49,True,Evening
TXN01806,2026-08-06,CUST0612,Groceries,77.78,False,Afternoon
TXN01807,2026-08-06,CUST0615,Beverages,46.99,False,Afternoon
TXN01808,2026-08-07,CUST0011,Dairy,67.89,False,Morning
TXN01809,2026-08-07,CUST0014,Snacks,112.93,True,Evening
TXN01810,2026-08-07,CUST0018,Household,59.18,True,Evening
TXN01811,2026-08-07,CUST0041,Snacks,97.93,True,Afternoon
TXN01812,2026-08-07,CUST0050,Groceries,305.13,True,Afternoon
TXN01813,2026-08-07,CUST0054,Dairy,67.2,False,Afternoon
TXN01814,2026-08-07,CUST0061,Groceries,233.27,False,Morning
TXN01815,2026-08-07,CUST0071,Snacks,116.15,True,Afternoon
TXN01816,2026-08-07,CUST0076,Dairy,97.86,True,Afternoon
TXN01817,2026-08-07,CUST0077,Beverages,177.66,False,Evening
TXN01818,2026-08-07,CUST0081,Beverages,65.24,True,Morning
TXN01819,2026-08-07,CUST0083,Household,242.8,False,Afternoon
TXN01820,2026-08-07,CUST0084,Household,178.79,False,Evening
TXN01821,2026-08-07,CUST0110,Household,328.24,False,Evening
TXN01822,2026-08-07,CUST0118,Snacks,114.45,True,Evening
TXN01823,2026-08-07,CUST0122,Household,193.98,False,Afternoon
TXN01824,2026-08-07,CUST0137,Household,388.65,True,Evening
TXN01825,2026-08-07,CUST0139,Snacks,97.69,False,Evening
TXN01826,2026-08-07,CUST0141,Dairy,157.98,False,Afternoon
TXN01827,2026-08-07,CUST0144,Snacks,62.27,True,Afternoon
TXN01828,2026-08-07,CUST0147,Household,285.1,True,Morning
TXN01829,2026-08-07,CUST0158,Dairy,43.07,True,Afternoon
TXN01830,2026-08-07,CUST0160,Beverages,108.07,False,Evening
TXN01831,2026-08-07,CUST0165,Dairy,79.71,False,Evening
TXN01832,2026-08-07,CUST0168,Groceries,122.15,True,Afternoon
TXN01833,2026-08-07,CUST0170,Household,66.88,False,Afternoon
TXN01834,2026-08-07,CUST0173,Snacks,55.17,False,Afternoon
TXN01835,2026-08-07,CUST0178,Household,196.0,False,Afternoon
TXN01836,2026-08-07,CUST0183,Snacks,96.84,False,Evening
TXN01837,2026-08-07,CUST0192,Household,206.04,False,Afternoon
TXN01838,2026-08-07,CUST0194,Household,120.06,False,Evening
TXN01839,2026-08-07,CUST0198,Household,109.99,False,Evening
TXN01840,2026-08-07,CUST0203,Groceries,73.84,True,Evening
TXN01841,2026-08-07,CUST0205,Beverages,107.71,True,Afternoon
TXN01842,2026-08-07,CUST0207,Groceries,47.74,False,Morning
TXN01843,2026-08-07,CUST0215,Dairy,107.55,False,Evening
TXN01844,2026-08-07,CUST0217,Groceries,180.98,True,Evening
TXN01845,2026-08-07,CUST0220,Dairy,141.53,True,Evening
TXN01846,2026-08-07,CUST0226,Snacks,34.01,False,Morning
TXN01847,2026-08-07,CUST0229,Groceries,220.84,True,Afternoon
TXN01848,2026-08-07,CUST0235,Dairy,87.31,True,Morning
TXN01849,2026-08-07,CUST0238,Household,59.19,True,Morning
TXN01850,2026-08-07,CUST0241,Dairy,63.26,True,Afternoon
TXN01851,2026-08-07,CUST0247,Groceries,139.1,False,Afternoon
TXN01852,2026-08-07,CUST0265,Household,399.68,False,Evening
TXN01853,2026-08-07,CUST0269,Dairy,90.13,True,Afternoon
TXN01854,2026-08-07,CUST0272,Groceries,192.12,False,Afternoon
TXN01855,2026-08-07,CUST0275,Snacks,19.58,False,Evening
TXN01856,2026-08-07,CUST0285,Dairy,145.67,False,Afternoon
TXN01857,2026-08-07,CUST0293,Beverages,193.96,False,Morning
TXN01858,2026-08-07,CUST0298,Groceries,349.34,False,Morning
TXN01859,2026-08-07,CUST0299,Household,283.94,True,Morning
TXN01860,2026-08-07,CUST0305,Groceries,45.63,False,Afternoon
TXN01861,2026-08-07,CUST0312,Groceries,41.04,True,Afternoon
TXN01862,2026-08-07,CUST0315,Snacks,27.51,True,Morning
TXN01863,2026-08-07,CUST0316,Groceries,159.19,False,Evening
TXN01864,2026-08-07,CUST0320,Household,104.57,False,Morning
TXN01865,2026-08-07,CUST0328,Groceries,207.95,True,Evening
TXN01866,2026-08-07,CUST0338,Beverages,167.79,False,Afternoon
TXN01867,2026-08-07,CUST0343,Groceries,264.13,False,Evening
TXN01868,2026-08-07,CUST0349,Beverages,122.18,False,Afternoon
TXN01869,2026-08-07,CUST0357,Snacks,99.52,True,Evening
TXN01870,2026-08-07,CUST0359,Dairy,64.44,True,Morning
TXN01871,2026-08-07,CUST0374,Dairy,133.01,True,Evening
TXN01872,2026-08-07,CUST0375,Beverages,51.64,False,Morning
TXN01873,2026-08-07,CUST0376,Dairy,102.13,True,Evening
TXN01874,2026-08-07,CUST0379,Household,82.07,False,Afternoon
TXN01875,2026-08-07,CUST0385,Dairy,146.35,False,Evening
TXN01876,2026-08-07,CUST0389,Dairy,75.11,True,Evening
TXN01877,2026-08-07,CUST0390,Groceries,89.44,True,Afternoon
TXN01878,2026-08-07,CUST0402,Household,72.34,False,Morning
TXN01879,2026-08-07,CUST0403,Household,252.6,True,Afternoon
TXN01880,2026-08-07,CUST0406,Dairy,109.85,True,Evening
TXN01881,2026-08-07,CUST0408,Dairy,52.08,False,Evening
TXN01882,2026-08-07,CUST0415,Snacks,114.38,True,Afternoon
TXN01883,2026-08-07,CUST0416,Household,191.03,False,Morning
TXN01884,2026-08-07,CUST0424,Snacks,83.78,False,Afternoon
TXN01885,2026-08-07,CUST0428,Snacks,55.2,False,Evening
TXN01886,2026-08-07,CUST0448,Dairy,152.17,False,Afternoon
TXN01887,2026-08-07,CUST0452,Household,343.5,False,Afternoon
TXN01888,2026-08-07,CUST0459,Groceries,336.48,True,Afternoon
TXN01889,2026-08-07,CUST0473,Groceries,289.95,False,Afternoon
TXN01890,2026-08-07,CUST0488,Snacks,98.02,False,Afternoon
TXN01891,2026-08-07,CUST0495,Household,274.17,False,Evening
TXN01892,2026-08-07,CUST0500,Beverages,111.29,True,Evening
TXN01893,2026-08-07,CUST0504,Household,116.4,True,Morning
TXN01894,2026-08-07,CUST0518,Groceries,293.13,False,Evening
TXN01895,2026-08-07,CUST0519,Dairy,150.43,False,Evening
TXN01896,2026-08-07,CUST0521,Snacks,23.64,False,Evening
TXN01897,2026-08-07,CUST0524,Household,48.85,True,Evening
TXN01898,2026-08-07,CUST0533,Groceries,102.82,False,Evening
TXN01899,2026-08-07,CUST0534,Dairy,36.81,False,Morning
TXN01900,2026-08-07,CUST0539,Groceries,290.35,False,Afternoon
TXN01901,2026-08-07,CUST0540,Groceries,105.06,False,Evening
TXN01902,2026-08-07,CUST0542,Groceries,272.57,False,Morning
TXN01903,2026-08-07,CUST0548,Groceries,314.23,False,Morning
TXN01904,2026-08-07,CUST0571,Groceries,47.02,False,Afternoon
TXN01905,2026-08-07,CUST0576,Dairy,144.7,True,Evening
TXN01906,2026-08-07,CUST0577,Dairy,94.87,False,Afternoon
TXN01907,2026-08-07,CUST0579,Groceries,211.28,True,Morning
TXN01908,2026-08-07,CUST0583,Dairy,128.3,False,Evening
TXN01909,2026-08-07,CUST0589,Dairy,97.63,False,Afternoon
TXN01910,2026-08-07,CUST0591,Household,237.07,False,Evening
TXN01911,2026-08-07,CUST0592,Groceries,96.44,True,Morning
TXN01912,2026-08-07,CUST0593,Beverages,89.11,False,Evening
TXN01913,2026-08-07,CUST0597,Snacks,85.26,True,Evening
TXN01914,2026-08-07,CUST0602,Groceries,161.12,True,Morning
TXN01915,2026-08-07,CUST0610,Household,282.43,False,Afternoon
TXN01916,2026-08-08,CUST0007,Groceries,107.45,True,Evening
TXN01917,2026-08-08,CUST0024,Groceries,268.96,True,Evening
TXN01918,2026-08-08,CUST0029,Snacks,110.72,False,Afternoon
TXN01919,2026-08-08,CUST0043,Groceries,141.01,True,Evening
TXN01920,2026-08-08,CUST0059,Beverages,159.82,False,Morning
TXN01921,2026-08-08,CUST0071,Beverages,105.83,True,Afternoon
TXN01922,2026-08-08,CUST0081,Snacks,21.79,True,Morning
TXN01923,2026-08-08,CUST0083,Beverages,106.17,False,Afternoon
TXN01924,2026-08-08,CUST0096,Dairy,162.19,True,Afternoon
TXN01925,2026-08-08,CUST0097,Snacks,67.84,True,Afternoon
TXN01926,2026-08-08,CUST0100,Beverages,55.23,False,Afternoon
TXN01927,2026-08-08,CUST0105,Household,98.8,False,Evening
TXN01928,2026-08-08,CUST0108,Household,188.59,True,Afternoon
TXN01929,2026-08-08,CUST0112,Groceries,306.5,False,Evening
TXN01930,2026-08-08,CUST0121,Beverages,100.47,True,Morning
TXN01931,2026-08-08,CUST0123,Groceries,287.17,False,Morning
TXN01932,2026-08-08,CUST0129,Snacks,96.92,False,Morning
TXN01933,2026-08-08,CUST0133,Beverages,190.13,True,Afternoon
TXN01934,2026-08-08,CUST0137,Snacks,77.6,True,Evening
TXN01935,2026-08-08,CUST0144,Household,215.07,True,Afternoon
TXN01936,2026-08-08,CUST0149,Groceries,114.78,True,Afternoon
TXN01937,2026-08-08,CUST0163,Household,337.15,True,Morning
TXN01938,2026-08-08,CUST0167,Dairy,29.15,True,Evening
TXN01939,2026-08-08,CUST0170,Snacks,102.9,False,Afternoon
TXN01940,2026-08-08,CUST0173,Dairy,170.4,False,Afternoon
TXN01941,2026-08-08,CUST0176,Beverages,174.88,False,Afternoon
TXN01942,2026-08-08,CUST0177,Groceries,318.53,True,Afternoon
TXN01943,2026-08-08,CUST0181,Snacks,34.36,True,Evening
TXN01944,2026-08-08,CUST0185,Groceries,179.68,True,Afternoon
TXN01945,2026-08-08,CUST0197,Dairy,86.12,True,Afternoon
TXN01946,2026-08-08,CUST0211,Household,309.81,True,Afternoon
TXN01947,2026-08-08,CUST0212,Snacks,79.66,True,Afternoon
TXN01948,2026-08-08,CUST0216,Beverages,64.35,False,Afternoon
TXN01949,2026-08-08,CUST0220,Groceries,89.62,True,Evening
TXN01950,2026-08-08,CUST0227,Household,295.85,False,Afternoon
TXN01951,2026-08-08,CUST0235,Household,127.97,True,Morning
TXN01952,2026-08-08,CUST0237,Groceries,196.76,True,Morning
TXN01953,2026-08-08,CUST0239,Household,397.68,False,Morning
TXN01954,2026-08-08,CUST0242,Groceries,209.15,False,Morning
TXN01955,2026-08-08,CUST0247,Groceries,91.43,False,Afternoon
TXN01956,2026-08-08,CUST0254,Snacks,71.93,False,Evening
TXN01957,2026-08-08,CUST0257,Dairy,75.76,False,Morning
TXN01958,2026-08-08,CUST0258,Dairy,47.73,False,Morning
TXN01959,2026-08-08,CUST0262,Snacks,110.12,True,Evening
TXN01960,2026-08-08,CUST0265,Dairy,178.29,True,Evening
TXN01961,2026-08-08,CUST0268,Household,244.93,True,Afternoon
TXN01962,2026-08-08,CUST0280,Beverages,29.66,True,Afternoon
TXN01963,2026-08-08,CUST0284,Snacks,94.03,True,Afternoon
TXN01964,2026-08-08,CUST0286,Snacks,93.89,True,Afternoon
TXN01965,2026-08-08,CUST0294,Household,200.12,False,Afternoon
TXN01966,2026-08-08,CUST0297,Groceries,159.02,False,Afternoon
TXN01967,2026-08-08,CUST0305,Dairy,48.93,False,Afternoon
TXN01968,2026-08-08,CUST0315,Beverages,135.17,True,Morning
TXN01969,2026-08-08,CUST0318,Groceries,316.01,False,Morning
TXN01970,2026-08-08,CUST0322,Beverages,128.79,False,Evening
TXN01971,2026-08-08,CUST0327,Groceries,99.23,False,Evening
TXN01972,2026-08-08,CUST0329,Dairy,157.61,True,Evening
TXN01973,2026-08-08,CUST0342,Household,254.02,True,Afternoon
TXN01974,2026-08-08,CUST0345,Groceries,195.53,False,Afternoon
TXN01975,2026-08-08,CUST0352,Dairy,137.75,False,Afternoon
TXN01976,2026-08-08,CUST0360,Dairy,160.9,False,Evening
TXN01977,2026-08-08,CUST0365,Beverages,189.98,False,Morning
TXN01978,2026-08-08,CUST0366,Household,295.07,True,Evening
TXN01979,2026-08-08,CUST0381,Dairy,22.88,True,Morning
TXN01980,2026-08-08,CUST0383,Beverages,161.31,True,Morning
TXN01981,2026-08-08,CUST0394,Groceries,205.32,True,Evening
TXN01982,2026-08-08,CUST0406,Dairy,146.87,True,Evening
TXN01983,2026-08-08,CUST0425,Groceries,187.94,True,Afternoon
TXN01984,2026-08-08,CUST0426,Dairy,118.32,True,Evening
TXN01985,2026-08-08,CUST0432,Dairy,67.66,True,Evening
TXN01986,2026-08-08,CUST0433,Beverages,63.88,False,Afternoon
TXN01987,2026-08-08,CUST0437,Beverages,50.12,True,Evening
TXN01988,2026-08-08,CUST0438,Household,133.97,True,Morning
TXN01989,2026-08-08,CUST0444,Snacks,37.93,True,Evening
TXN01990,2026-08-08,CUST0446,Beverages,81.97,False,Evening
TXN01991,2026-08-08,CUST0448,Household,63.35,False,Afternoon
TXN01992,2026-08-08,CUST0455,Household,72.43,False,Morning
TXN01993,2026-08-08,CUST0488,Beverages,102.24,False,Afternoon
TXN01994,2026-08-08,CUST0493,Snacks,88.22,False,Morning
TXN01995,2026-08-08,CUST0494,Dairy,65.92,True,Evening
TXN01996,2026-08-08,CUST0497,Household,92.24,True,Afternoon
TXN01997,2026-08-08,CUST0500,Household,241.86,True,Evening
TXN01998,2026-08-08,CUST0502,Snacks,106.79,False,Morning
TXN01999,2026-08-08,CUST0507,Beverages,124.37,False,Evening
TXN02000,2026-08-08,CUST0510,Household,301.56,True,Morning
TXN02001,2026-08-08,CUST0513,Snacks,38.85,False,Morning
TXN02002,2026-08-08,CUST0519,Snacks,39.62,False,Evening
TXN02003,2026-08-08,CUST0523,Dairy,96.31,True,Morning
TXN02004,2026-08-08,CUST0525,Household,343.18,True,Morning
TXN02005,2026-08-08,CUST0549,Snacks,107.64,True,Evening
TXN02006,2026-08-08,CUST0553,Groceries,86.24,False,Afternoon
TXN02007,2026-08-08,CUST0560,Household,270.43,True,Evening
TXN02008,2026-08-08,CUST0566,Groceries,110.65,True,Afternoon
TXN02009,2026-08-08,CUST0570,Household,208.73,False,Afternoon
TXN02010,2026-08-08,CUST0572,Household,204.27,True,Afternoon
TXN02011,2026-08-08,CUST0575,Dairy,87.3,True,Morning
TXN02012,2026-08-08,CUST0579,Groceries,279.04,True,Morning
TXN02013,2026-08-08,CUST0582,Snacks,86.01,False,Morning
TXN02014,2026-08-08,CUST0584,Household,308.03,False,Afternoon
TXN02015,2026-08-08,CUST0588,Beverages,146.38,True,Morning
TXN02016,2026-08-08,CUST0596,Snacks,74.96,False,Afternoon
TXN02017,2026-08-08,CUST0598,Household,51.71,True,Afternoon
TXN02018,2026-08-08,CUST0605,Household,106.2,True,Evening
TXN02019,2026-08-08,CUST0608,Groceries,187.12,False,Evening
TXN02020,2026-08-08,CUST0614,Beverages,167.87,False,Evening
TXN02021,2026-08-09,CUST0005,Household,334.27,True,Afternoon
TXN02022,2026-08-09,CUST0009,Beverages,118.72,False,Afternoon
TXN02023,2026-08-09,CUST0019,Snacks,96.38,False,Afternoon
TXN02024,2026-08-09,CUST0022,Household,251.56,False,Evening
TXN02025,2026-08-09,CUST0023,Snacks,101.05,False,Evening
TXN02026,2026-08-09,CUST0025,Snacks,119.6,True,Afternoon
TXN02027,2026-08-09,CUST0033,Dairy,145.25,True,Evening
TXN02028,2026-08-09,CUST0035,Beverages,44.54,True,Morning
TXN02029,2026-08-09,CUST0037,Household,382.92,True,Afternoon
TXN02030,2026-08-09,CUST0039,Beverages,126.48,False,Morning
TXN02031,2026-08-09,CUST0052,Household,316.64,False,Morning
TXN02032,2026-08-09,CUST0053,Groceries,330.44,False,Afternoon
TXN02033,2026-08-09,CUST0057,Groceries,199.09,False,Morning
TXN02034,2026-08-09,CUST0065,Household,233.6,False,Morning
TXN02035,2026-08-09,CUST0073,Dairy,102.61,True,Morning
TXN02036,2026-08-09,CUST0076,Household,263.6,True,Afternoon
TXN02037,2026-08-09,CUST0078,Beverages,144.95,False,Morning
TXN02038,2026-08-09,CUST0085,Beverages,30.79,False,Evening
TXN02039,2026-08-09,CUST0086,Groceries,114.43,True,Evening
TXN02040,2026-08-09,CUST0087,Dairy,179.08,True,Afternoon
TXN02041,2026-08-09,CUST0100,Dairy,21.75,False,Afternoon
TXN02042,2026-08-09,CUST0105,Snacks,37.57,False,Evening
TXN02043,2026-08-09,CUST0112,Beverages,184.16,False,Evening
TXN02044,2026-08-09,CUST0120,Snacks,40.44,False,Afternoon
TXN02045,2026-08-09,CUST0135,Dairy,159.79,True,Afternoon
TXN02046,2026-08-09,CUST0139,Snacks,106.8,True,Evening
TXN02047,2026-08-09,CUST0145,Dairy,173.72,False,Afternoon
TXN02048,2026-08-09,CUST0147,Household,328.51,True,Morning
TXN02049,2026-08-09,CUST0158,Groceries,334.91,True,Afternoon
TXN02050,2026-08-09,CUST0163,Household,184.27,True,Morning
TXN02051,2026-08-09,CUST0167,Snacks,54.58,False,Evening
TXN02052,2026-08-09,CUST0171,Beverages,163.45,True,Evening
TXN02053,2026-08-09,CUST0183,Groceries,116.59,False,Evening
TXN02054,2026-08-09,CUST0185,Snacks,109.0,True,Afternoon
TXN02055,2026-08-09,CUST0186,Dairy,116.5,True,Afternoon
TXN02056,2026-08-09,CUST0191,Groceries,318.01,False,Morning
TXN02057,2026-08-09,CUST0193,Household,374.08,False,Evening
TXN02058,2026-08-09,CUST0194,Beverages,151.77,False,Evening
TXN02059,2026-08-09,CUST0200,Snacks,91.76,True,Afternoon
TXN02060,2026-08-09,CUST0201,Groceries,45.17,False,Morning
TXN02061,2026-08-09,CUST0208,Beverages,119.53,True,Evening
TXN02062,2026-08-09,CUST0211,Dairy,67.5,True,Afternoon
TXN02063,2026-08-09,CUST0214,Beverages,56.96,False,Morning
TXN02064,2026-08-09,CUST0232,Snacks,57.24,True,Evening
TXN02065,2026-08-09,CUST0233,Household,273.79,False,Evening
TXN02066,2026-08-09,CUST0238,Beverages,100.36,True,Morning
TXN02067,2026-08-09,CUST0257,Groceries,193.82,False,Morning
TXN02068,2026-08-09,CUST0260,Snacks,21.52,True,Morning
TXN02069,2026-08-09,CUST0263,Groceries,85.45,True,Afternoon
TXN02070,2026-08-09,CUST0267,Dairy,102.5,False,Afternoon
TXN02071,2026-08-09,CUST0270,Dairy,149.66,True,Evening
TXN02072,2026-08-09,CUST0277,Beverages,97.8,False,Afternoon
TXN02073,2026-08-09,CUST0278,Dairy,70.43,False,Evening
TXN02074,2026-08-09,CUST0279,Groceries,254.47,False,Morning
TXN02075,2026-08-09,CUST0290,Dairy,173.76,True,Evening
TXN02076,2026-08-09,CUST0296,Groceries,213.09,True,Morning
TXN02077,2026-08-09,CUST0297,Snacks,72.18,False,Afternoon
TXN02078,2026-08-09,CUST0298,Groceries,139.5,False,Morning
TXN02079,2026-08-09,CUST0307,Household,333.87,True,Afternoon
TXN02080,2026-08-09,CUST0321,Groceries,289.32,False,Evening
TXN02081,2026-08-09,CUST0322,Dairy,114.17,False,Evening
TXN02082,2026-08-09,CUST0324,Groceries,113.95,True,Morning
TXN02083,2026-08-09,CUST0333,Household,149.03,False,Evening
TXN02084,2026-08-09,CUST0340,Dairy,135.58,False,Evening
TXN02085,2026-08-09,CUST0343,Dairy,116.78,False,Evening
TXN02086,2026-08-09,CUST0346,Beverages,182.5,True,Afternoon
TXN02087,2026-08-09,CUST0353,Dairy,26.56,True,Evening
TXN02088,2026-08-09,CUST0354,Beverages,41.21,True,Afternoon
TXN02089,2026-08-09,CUST0359,Dairy,128.92,False,Morning
TXN02090,2026-08-09,CUST0362,Beverages,73.24,True,Morning
TXN02091,2026-08-09,CUST0363,Dairy,148.05,False,Afternoon
TXN02092,2026-08-09,CUST0366,Household,41.97,False,Evening
TXN02093,2026-08-09,CUST0369,Groceries,137.2,True,Evening
TXN02094,2026-08-09,CUST0371,Household,382.23,True,Afternoon
TXN02095,2026-08-09,CUST0379,Dairy,32.79,False,Afternoon
TXN02096,2026-08-09,CUST0391,Household,96.53,True,Evening
TXN02097,2026-08-09,CUST0394,Dairy,176.2,True,Evening
TXN02098,2026-08-09,CUST0398,Household,330.79,False,Morning
TXN02099,2026-08-09,CUST0399,Household,221.27,True,Evening
TXN02100,2026-08-09,CUST0401,Dairy,26.64,True,Morning
TXN02101,2026-08-09,CUST0403,Groceries,80.07,True,Afternoon
TXN02102,2026-08-09,CUST0410,Dairy,113.86,True,Morning
TXN02103,2026-08-09,CUST0412,Dairy,122.26,False,Evening
TXN02104,2026-08-09,CUST0424,Dairy,175.07,False,Afternoon
TXN02105,2026-08-09,CUST0425,Beverages,150.41,True,Afternoon
TXN02106,2026-08-09,CUST0426,Household,159.06,True,Evening
TXN02107,2026-08-09,CUST0433,Snacks,45.01,False,Afternoon
TXN02108,2026-08-09,CUST0439,Beverages,27.85,False,Afternoon
TXN02109,2026-08-09,CUST0445,Snacks,95.02,True,Morning
TXN02110,2026-08-09,CUST0455,Household,67.94,False,Morning
TXN02111,2026-08-09,CUST0457,Beverages,99.04,True,Afternoon
TXN02112,2026-08-09,CUST0460,Household,363.67,True,Afternoon
TXN02113,2026-08-09,CUST0461,Snacks,98.98,True,Evening
TXN02114,2026-08-09,CUST0463,Snacks,115.26,False,Afternoon
TXN02115,2026-08-09,CUST0465,Dairy,128.7,False,Morning
TXN02116,2026-08-09,CUST0485,Snacks,87.91,False,Morning
TXN02117,2026-08-09,CUST0487,Household,75.55,False,Morning
TXN02118,2026-08-09,CUST0488,Beverages,136.51,False,Afternoon
TXN02119,2026-08-09,CUST0497,Dairy,51.17,True,Afternoon
TXN02120,2026-08-09,CUST0503,Household,48.2,False,Morning
TXN02121,2026-08-09,CUST0512,Groceries,214.74,True,Afternoon
TXN02122,2026-08-09,CUST0516,Dairy,130.43,True,Evening
TXN02123,2026-08-09,CUST0519,Beverages,199.7,False,Evening
TXN02124,2026-08-09,CUST0524,Dairy,142.09,True,Evening
TXN02125,2026-08-09,CUST0530,Dairy,90.29,False,Morning
TXN02126,2026-08-09,CUST0536,Dairy,58.13,False,Afternoon
TXN02127,2026-08-09,CUST0537,Beverages,41.44,True,Afternoon
TXN02128,2026-08-09,CUST0538,Household,258.23,True,Evening
TXN02129,2026-08-09,CUST0542,Snacks,66.94,False,Morning
TXN02130,2026-08-09,CUST0543,Beverages,116.92,False,Afternoon
TXN02131,2026-08-09,CUST0545,Household,152.62,False,Evening
TXN02132,2026-08-09,CUST0550,Household,51.3,False,Morning
TXN02133,2026-08-09,CUST0554,Beverages,192.89,True,Evening
TXN02134,2026-08-09,CUST0555,Household,321.78,False,Evening
TXN02135,2026-08-09,CUST0558,Household,397.37,True,Evening
TXN02136,2026-08-09,CUST0559,Dairy,98.84,False,Morning
TXN02137,2026-08-09,CUST0561,Groceries,168.39,True,Morning
TXN02138,2026-08-09,CUST0563,Household,178.67,False,Afternoon
TXN02139,2026-08-09,CUST0568,Snacks,20.5,False,Evening
TXN02140,2026-08-09,CUST0570,Beverages,79.81,False,Afternoon
TXN02141,2026-08-09,CUST0573,Snacks,23.91,False,Afternoon
TXN02142,2026-08-09,CUST0592,Groceries,115.98,True,Morning
TXN02143,2026-08-09,CUST0602,Beverages,103.37,True,Morning
TXN02144,2026-08-09,CUST0605,Dairy,176.95,True,Evening
TXN02145,2026-08-09,CUST0616,Beverages,180.53,True,Morning
TXN02146,2026-08-09,CUST0617,Snacks,77.71,False,Morning
TXN02147,2026-08-09,CUST0619,Household,316.78,False,Afternoon
TXN02148,2026-08-10,CUST0001,Dairy,139.25,False,Evening
TXN02149,2026-08-10,CUST0005,Beverages,127.5,False,Afternoon
TXN02150,2026-08-10,CUST0014,Groceries,96.56,True,Evening
TXN02151,2026-08-10,CUST0018,Dairy,150.66,False,Evening
TXN02152,2026-08-10,CUST0029,Beverages,160.51,False,Afternoon
TXN02153,2026-08-10,CUST0041,Groceries,346.11,True,Afternoon
TXN02154,2026-08-10,CUST0051,Snacks,69.11,True,Evening
TXN02155,2026-08-10,CUST0058,Beverages,175.16,True,Morning
TXN02156,2026-08-10,CUST0059,Groceries,55.72,True,Morning
TXN02157,2026-08-10,CUST0061,Groceries,159.1,False,Morning
TXN02158,2026-08-10,CUST0077,Dairy,60.76,False,Evening
TXN02159,2026-08-10,CUST0079,Groceries,159.79,True,Morning
TXN02160,2026-08-10,CUST0085,Groceries,168.56,False,Evening
TXN02161,2026-08-10,CUST0088,Snacks,105.47,False,Afternoon
TXN02162,2026-08-10,CUST0096,Beverages,96.14,True,Afternoon
TXN02163,2026-08-10,CUST0102,Groceries,180.32,False,Evening
TXN02164,2026-08-10,CUST0105,Beverages,77.2,False,Evening
TXN02165,2026-08-10,CUST0107,Dairy,102.03,True,Afternoon
TXN02166,2026-08-10,CUST0111,Beverages,153.78,True,Afternoon
TXN02167,2026-08-10,CUST0127,Snacks,50.35,False,Afternoon
TXN02168,2026-08-10,CUST0128,Snacks,26.5,True,Evening
TXN02169,2026-08-10,CUST0140,Snacks,67.32,False,Afternoon
TXN02170,2026-08-10,CUST0144,Snacks,76.37,True,Afternoon
TXN02171,2026-08-10,CUST0148,Beverages,68.92,False,Evening
TXN02172,2026-08-10,CUST0149,Groceries,288.44,False,Afternoon
TXN02173,2026-08-10,CUST0153,Beverages,74.06,True,Evening
TXN02174,2026-08-10,CUST0154,Dairy,155.1,False,Morning
TXN02175,2026-08-10,CUST0166,Household,302.99,False,Evening
TXN02176,2026-08-10,CUST0172,Beverages,81.0,False,Evening
TXN02177,2026-08-10,CUST0179,Dairy,46.93,False,Morning
TXN02178,2026-08-10,CUST0181,Snacks,90.87,True,Evening
TXN02179,2026-08-10,CUST0191,Household,97.26,False,Morning
TXN02180,2026-08-10,CUST0211,Household,373.3,True,Afternoon
TXN02181,2026-08-10,CUST0213,Household,74.05,False,Morning
TXN02182,2026-08-10,CUST0216,Dairy,161.42,False,Afternoon
TXN02183,2026-08-10,CUST0220,Household,147.05,True,Evening
TXN02184,2026-08-10,CUST0236,Beverages,119.64,False,Morning
TXN02185,2026-08-10,CUST0256,Groceries,306.99,False,Evening
TXN02186,2026-08-10,CUST0260,Beverages,94.85,True,Morning
TXN02187,2026-08-10,CUST0264,Snacks,92.51,True,Morning
TXN02188,2026-08-10,CUST0276,Household,32.61,True,Afternoon
TXN02189,2026-08-10,CUST0281,Beverages,48.09,True,Evening
TXN02190,2026-08-10,CUST0294,Snacks,19.65,False,Afternoon
TXN02191,2026-08-10,CUST0302,Snacks,87.5,True,Afternoon
TXN02192,2026-08-10,CUST0305,Dairy,154.38,False,Afternoon
TXN02193,2026-08-10,CUST0324,Snacks,118.09,True,Morning
TXN02194,2026-08-10,CUST0326,Groceries,135.66,True,Evening
TXN02195,2026-08-10,CUST0327,Groceries,273.29,False,Evening
TXN02196,2026-08-10,CUST0332,Beverages,198.33,True,Afternoon
TXN02197,2026-08-10,CUST0337,Groceries,220.66,True,Afternoon
TXN02198,2026-08-10,CUST0342,Snacks,99.45,True,Afternoon
TXN02199,2026-08-10,CUST0356,Dairy,170.02,True,Evening
TXN02200,2026-08-10,CUST0360,Groceries,150.07,False,Evening
TXN02201,2026-08-10,CUST0364,Dairy,126.01,False,Morning
TXN02202,2026-08-10,CUST0369,Groceries,82.38,True,Evening
TXN02203,2026-08-10,CUST0374,Dairy,56.26,True,Evening
TXN02204,2026-08-10,CUST0401,Groceries,177.01,True,Morning
TXN02205,2026-08-10,CUST0420,Household,330.02,True,Morning
TXN02206,2026-08-10,CUST0429,Groceries,291.69,True,Afternoon
TXN02207,2026-08-10,CUST0433,Beverages,92.28,False,Afternoon
TXN02208,2026-08-10,CUST0435,Dairy,86.5,True,Afternoon
TXN02209,2026-08-10,CUST0436,Household,396.28,False,Evening
TXN02210,2026-08-10,CUST0439,Snacks,93.39,False,Afternoon
TXN02211,2026-08-10,CUST0444,Dairy,41.38,True,Evening
TXN02212,2026-08-10,CUST0448,Dairy,136.03,False,Afternoon
TXN02213,2026-08-10,CUST0454,Household,349.77,False,Morning
TXN02214,2026-08-10,CUST0461,Dairy,53.81,True,Evening
TXN02215,2026-08-10,CUST0470,Beverages,92.15,False,Afternoon
TXN02216,2026-08-10,CUST0483,Household,168.98,True,Morning
TXN02217,2026-08-10,CUST0486,Dairy,168.37,False,Morning
TXN02218,2026-08-10,CUST0489,Dairy,138.87,False,Morning
TXN02219,2026-08-10,CUST0491,Dairy,153.08,True,Afternoon
TXN02220,2026-08-10,CUST0497,Beverages,184.36,True,Afternoon
TXN02221,2026-08-10,CUST0498,Household,309.36,False,Evening
TXN02222,2026-08-10,CUST0500,Snacks,43.98,True,Evening
TXN02223,2026-08-10,CUST0507,Beverages,105.15,False,Evening
TXN02224,2026-08-10,CUST0511,Groceries,129.75,True,Morning
TXN02225,2026-08-10,CUST0520,Groceries,264.16,True,Afternoon
TXN02226,2026-08-10,CUST0523,Groceries,140.62,False,Morning
TXN02227,2026-08-10,CUST0527,Groceries,333.04,False,Afternoon
TXN02228,2026-08-10,CUST0528,Beverages,38.58,True,Evening
TXN02229,2026-08-10,CUST0529,Household,263.42,True,Evening
TXN02230,2026-08-10,CUST0533,Beverages,139.05,False,Evening
TXN02231,2026-08-10,CUST0534,Household,334.13,False,Morning
TXN02232,2026-08-10,CUST0538,Snacks,33.82,True,Evening
TXN02233,2026-08-10,CUST0539,Groceries,56.37,False,Afternoon
TXN02234,2026-08-10,CUST0540,Dairy,173.43,True,Evening
TXN02235,2026-08-10,CUST0545,Snacks,111.13,False,Evening
TXN02236,2026-08-10,CUST0548,Snacks,97.77,False,Morning
TXN02237,2026-08-10,CUST0549,Household,207.75,True,Evening
TXN02238,2026-08-10,CUST0550,Snacks,92.55,True,Morning
TXN02239,2026-08-10,CUST0551,Household,187.03,False,Afternoon
TXN02240,2026-08-10,CUST0555,Dairy,64.46,False,Evening
TXN02241,2026-08-10,CUST0556,Snacks,39.37,False,Afternoon
TXN02242,2026-08-10,CUST0559,Household,81.74,False,Morning
TXN02243,2026-08-10,CUST0560,Beverages,157.56,True,Evening
TXN02244,2026-08-10,CUST0561,Dairy,60.96,True,Morning
TXN02245,2026-08-10,CUST0565,Dairy,102.72,False,Afternoon
TXN02246,2026-08-10,CUST0566,Dairy,45.33,True,Afternoon
TXN02247,2026-08-10,CUST0571,Snacks,34.5,True,Afternoon
TXN02248,2026-08-10,CUST0579,Dairy,139.27,True,Morning
TXN02249,2026-08-10,CUST0591,Household,337.24,False,Evening
TXN02250,2026-08-10,CUST0594,Dairy,179.56,False,Evening
TXN02251,2026-08-10,CUST0598,Household,312.69,True,Afternoon
TXN02252,2026-08-10,CUST0612,Household,317.66,False,Afternoon
TXN02253,2026-08-11,CUST0014,Groceries,145.01,True,Evening
TXN02254,2026-08-11,CUST0019,Beverages,187.96,False,Afternoon
TXN02255,2026-08-11,CUST0021,Snacks,58.14,False,Morning
TXN02256,2026-08-11,CUST0027,Beverages,50.75,False,Evening
TXN02257,2026-08-11,CUST0039,Household,361.87,False,Morning
TXN02258,2026-08-11,CUST0041,Household,62.7,True,Afternoon
TXN02259,2026-08-11,CUST0043,Dairy,80.73,True,Evening
TXN02260,2026-08-11,CUST0044,Groceries,332.33,False,Evening
TXN02261,2026-08-11,CUST0050,Dairy,81.86,True,Afternoon
TXN02262,2026-08-11,CUST0051,Dairy,176.67,False,Evening
TXN02263,2026-08-11,CUST0053,Snacks,97.21,True,Afternoon
TXN02264,2026-08-11,CUST0054,Snacks,103.02,False,Afternoon
TXN02265,2026-08-11,CUST0065,Beverages,175.6,False,Morning
TXN02266,2026-08-11,CUST0068,Household,333.64,False,Afternoon
TXN02267,2026-08-11,CUST0071,Groceries,96.27,True,Afternoon
TXN02268,2026-08-11,CUST0075,Household,197.05,True,Evening
TXN02269,2026-08-11,CUST0081,Household,69.75,True,Morning
TXN02270,2026-08-11,CUST0083,Household,317.15,False,Afternoon
TXN02271,2026-08-11,CUST0087,Groceries,100.35,True,Afternoon
TXN02272,2026-08-11,CUST0089,Household,338.3,False,Evening
TXN02273,2026-08-11,CUST0095,Beverages,120.46,False,Morning
TXN02274,2026-08-11,CUST0097,Groceries,336.05,True,Afternoon
TXN02275,2026-08-11,CUST0100,Snacks,110.41,False,Afternoon
TXN02276,2026-08-11,CUST0101,Household,33.86,False,Afternoon
TXN02277,2026-08-11,CUST0107,Snacks,83.9,False,Afternoon
TXN02278,2026-08-11,CUST0109,Beverages,123.32,True,Afternoon
TXN02279,2026-08-11,CUST0114,Groceries,311.61,False,Morning
TXN02280,2026-08-11,CUST0117,Dairy,61.25,False,Morning
TXN02281,2026-08-11,CUST0122,Groceries,104.95,False,Afternoon
TXN02282,2026-08-11,CUST0123,Household,52.71,False,Morning
TXN02283,2026-08-11,CUST0126,Beverages,42.45,False,Evening
TXN02284,2026-08-11,CUST0129,Household,66.59,False,Morning
TXN02285,2026-08-11,CUST0133,Dairy,145.23,True,Afternoon
TXN02286,2026-08-11,CUST0141,Beverages,122.24,False,Afternoon
TXN02287,2026-08-11,CUST0144,Beverages,105.39,True,Afternoon
TXN02288,2026-08-11,CUST0148,Beverages,62.3,False,Evening
TXN02289,2026-08-11,CUST0158,Household,141.62,False,Afternoon
TXN02290,2026-08-11,CUST0163,Dairy,39.04,True,Morning
TXN02291,2026-08-11,CUST0164,Dairy,33.18,False,Morning
TXN02292,2026-08-11,CUST0170,Groceries,166.02,False,Afternoon
TXN02293,2026-08-11,CUST0178,Dairy,121.28,False,Afternoon
TXN02294,2026-08-11,CUST0181,Household,245.99,True,Evening
TXN02295,2026-08-11,CUST0203,Dairy,91.72,True,Evening
TXN02296,2026-08-11,CUST0206,Snacks,57.53,False,Afternoon
TXN02297,2026-08-11,CUST0207,Household,353.37,False,Morning
TXN02298,2026-08-11,CUST0210,Snacks,26.68,False,Evening
TXN02299,2026-08-11,CUST0221,Groceries,41.06,True,Morning
TXN02300,2026-08-11,CUST0229,Dairy,21.23,True,Afternoon
TXN02301,2026-08-11,CUST0230,Groceries,77.73,True,Afternoon
TXN02302,2026-08-11,CUST0234,Dairy,108.97,True,Afternoon
TXN02303,2026-08-11,CUST0242,Snacks,24.69,False,Morning
TXN02304,2026-08-11,CUST0249,Groceries,330.16,True,Evening
TXN02305,2026-08-11,CUST0250,Snacks,35.4,False,Evening
TXN02306,2026-08-11,CUST0254,Beverages,128.61,False,Evening
TXN02307,2026-08-11,CUST0256,Household,137.03,False,Evening
TXN02308,2026-08-11,CUST0265,Beverages,28.01,True,Evening
TXN02309,2026-08-11,CUST0267,Snacks,110.55,False,Afternoon
TXN02310,2026-08-11,CUST0284,Groceries,238.88,True,Afternoon
TXN02311,2026-08-11,CUST0298,Beverages,151.94,False,Morning
TXN02312,2026-08-11,CUST0305,Snacks,73.02,False,Afternoon
TXN02313,2026-08-11,CUST0322,Beverages,165.18,False,Evening
TXN02314,2026-08-11,CUST0332,Household,147.79,True,Afternoon
TXN02315,2026-08-11,CUST0336,Beverages,182.31,True,Afternoon
TXN02316,2026-08-11,CUST0340,Household,257.91,False,Evening
TXN02317,2026-08-11,CUST0341,Beverages,173.55,False,Morning
TXN02318,2026-08-11,CUST0349,Snacks,85.91,False,Afternoon
TXN02319,2026-08-11,CUST0359,Snacks,50.91,False,Morning
TXN02320,2026-08-11,CUST0381,Dairy,155.73,True,Morning
TXN02321,2026-08-11,CUST0388,Household,175.15,False,Afternoon
TXN02322,2026-08-11,CUST0409,Dairy,177.79,True,Afternoon
TXN02323,2026-08-11,CUST0412,Dairy,113.82,False,Evening
TXN02324,2026-08-11,CUST0417,Dairy,27.21,True,Morning
TXN02325,2026-08-11,CUST0419,Dairy,122.88,False,Morning
TXN02326,2026-08-11,CUST0420,Beverages,64.5,True,Morning
TXN02327,2026-08-11,CUST0421,Groceries,40.64,False,Morning
TXN02328,2026-08-11,CUST0423,Beverages,138.41,True,Morning
TXN02329,2026-08-11,CUST0425,Snacks,54.54,True,Afternoon
TXN02330,2026-08-11,CUST0441,Dairy,33.26,True,Evening
TXN02331,2026-08-11,CUST0451,Groceries,230.63,False,Evening
TXN02332,2026-08-11,CUST0455,Groceries,247.72,False,Morning
TXN02333,2026-08-11,CUST0460,Dairy,125.41,True,Afternoon
TXN02334,2026-08-11,CUST0462,Groceries,282.96,True,Evening
TXN02335,2026-08-11,CUST0463,Snacks,65.06,False,Afternoon
TXN02336,2026-08-11,CUST0493,Dairy,117.0,False,Morning
TXN02337,2026-08-11,CUST0494,Groceries,48.96,True,Evening
TXN02338,2026-08-11,CUST0511,Household,309.34,True,Morning
TXN02339,2026-08-11,CUST0523,Snacks,85.07,True,Morning
TXN02340,2026-08-11,CUST0533,Dairy,98.06,False,Evening
TXN02341,2026-08-11,CUST0550,Beverages,75.4,True,Morning
TXN02342,2026-08-11,CUST0569,Dairy,138.35,True,Afternoon
TXN02343,2026-08-11,CUST0572,Snacks,105.98,True,Afternoon
TXN02344,2026-08-11,CUST0587,Snacks,117.11,False,Morning
TXN02345,2026-08-11,CUST0596,Beverages,117.7,False,Afternoon
TXN02346,2026-08-11,CUST0602,Dairy,50.89,True,Morning
TXN02347,2026-08-11,CUST0608,Household,210.65,False,Evening
TXN02348,2026-08-11,CUST0614,Beverages,99.61,True,Evening
TXN02349,2026-08-11,CUST0615,Dairy,161.32,False,Afternoon
TXN02350,2026-08-11,CUST0617,Groceries,316.32,False,Morning
TXN02351,2026-08-12,CUST0006,Dairy,87.66,True,Afternoon
TXN02352,2026-08-12,CUST0008,Beverages,54.12,False,Morning
TXN02353,2026-08-12,CUST0023,Snacks,111.31,False,Evening
TXN02354,2026-08-12,CUST0026,Dairy,43.29,True,Evening
TXN02355,2026-08-12,CUST0030,Groceries,295.71,False,Evening
TXN02356,2026-08-12,CUST0035,Snacks,97.64,True,Morning
TXN02357,2026-08-12,CUST0038,Groceries,107.19,False,Evening
TXN02358,2026-08-12,CUST0043,Snacks,82.0,True,Evening
TXN02359,2026-08-12,CUST0044,Dairy,30.22,False,Evening
TXN02360,2026-08-12,CUST0050,Groceries,125.08,True,Afternoon
TXN02361,2026-08-12,CUST0054,Groceries,233.58,False,Afternoon
TXN02362,2026-08-12,CUST0055,Household,221.04,True,Evening
TXN02363,2026-08-12,CUST0057,Household,233.1,False,Morning
TXN02364,2026-08-12,CUST0058,Beverages,31.51,True,Morning
TXN02365,2026-08-12,CUST0065,Groceries,175.14,False,Morning
TXN02366,2026-08-12,CUST0066,Beverages,187.37,False,Evening
TXN02367,2026-08-12,CUST0077,Dairy,45.57,False,Evening
TXN02368,2026-08-12,CUST0085,Snacks,82.58,False,Evening
TXN02369,2026-08-12,CUST0086,Snacks,59.31,True,Evening
TXN02370,2026-08-12,CUST0087,Snacks,40.93,False,Afternoon
TXN02371,2026-08-12,CUST0093,Household,274.0,True,Afternoon
TXN02372,2026-08-12,CUST0097,Snacks,71.64,True,Afternoon
TXN02373,2026-08-12,CUST0101,Dairy,21.03,False,Afternoon
TXN02374,2026-08-12,CUST0106,Household,189.1,True,Afternoon
TXN02375,2026-08-12,CUST0112,Snacks,28.21,False,Evening
TXN02376,2026-08-12,CUST0117,Beverages,106.75,False,Morning
TXN02377,2026-08-12,CUST0139,Household,271.42,False,Evening
TXN02378,2026-08-12,CUST0140,Beverages,35.76,False,Afternoon
TXN02379,2026-08-12,CUST0142,Groceries,54.9,False,Afternoon
TXN02380,2026-08-12,CUST0145,Snacks,85.89,False,Afternoon
TXN02381,2026-08-12,CUST0174,Snacks,16.69,True,Evening
TXN02382,2026-08-12,CUST0179,Household,282.4,False,Morning
TXN02383,2026-08-12,CUST0184,Groceries,219.63,False,Evening
TXN02384,2026-08-12,CUST0188,Groceries,152.17,False,Evening
TXN02385,2026-08-12,CUST0196,Snacks,18.9,False,Morning
TXN02386,2026-08-12,CUST0198,Household,292.27,False,Evening
TXN02387,2026-08-12,CUST0201,Groceries,81.71,False,Morning
TXN02388,2026-08-12,CUST0214,Household,360.94,False,Morning
TXN02389,2026-08-12,CUST0216,Beverages,95.51,False,Afternoon
TXN02390,2026-08-12,CUST0228,Dairy,34.66,False,Evening
TXN02391,2026-08-12,CUST0230,Household,186.61,True,Afternoon
TXN02392,2026-08-12,CUST0240,Groceries,253.65,True,Evening
TXN02393,2026-08-12,CUST0242,Household,275.71,False,Morning
TXN02394,2026-08-12,CUST0246,Groceries,222.66,False,Evening
TXN02395,2026-08-12,CUST0249,Dairy,99.28,True,Evening
TXN02396,2026-08-12,CUST0252,Dairy,178.14,True,Afternoon
TXN02397,2026-08-12,CUST0260,Groceries,57.63,True,Morning
TXN02398,2026-08-12,CUST0267,Snacks,104.63,False,Afternoon
TXN02399,2026-08-12,CUST0269,Beverages,137.65,False,Afternoon
TXN02400,2026-08-12,CUST0272,Beverages,179.14,False,Afternoon
TXN02401,2026-08-12,CUST0289,Dairy,127.9,True,Afternoon
TXN02402,2026-08-12,CUST0290,Beverages,78.04,True,Evening
TXN02403,2026-08-12,CUST0294,Snacks,110.69,False,Afternoon
TXN02404,2026-08-12,CUST0298,Snacks,86.49,False,Morning
TXN02405,2026-08-12,CUST0302,Beverages,100.71,False,Afternoon
TXN02406,2026-08-12,CUST0310,Household,254.37,True,Afternoon
TXN02407,2026-08-12,CUST0315,Household,188.04,True,Morning
TXN02408,2026-08-12,CUST0316,Household,207.13,False,Evening
TXN02409,2026-08-12,CUST0318,Beverages,119.97,False,Morning
TXN02410,2026-08-12,CUST0325,Household,355.27,False,Morning
TXN02411,2026-08-12,CUST0327,Household,93.6,False,Evening
TXN02412,2026-08-12,CUST0333,Dairy,91.61,False,Evening
TXN02413,2026-08-12,CUST0338,Beverages,143.3,False,Afternoon
TXN02414,2026-08-12,CUST0341,Snacks,75.98,False,Morning
TXN02415,2026-08-12,CUST0345,Snacks,80.36,False,Afternoon
TXN02416,2026-08-12,CUST0347,Snacks,117.33,False,Morning
TXN02417,2026-08-12,CUST0350,Dairy,165.94,True,Afternoon
TXN02418,2026-08-12,CUST0352,Groceries,326.53,False,Afternoon
TXN02419,2026-08-12,CUST0357,Household,151.97,True,Evening
TXN02420,2026-08-12,CUST0359,Dairy,114.44,False,Morning
TXN02421,2026-08-12,CUST0369,Snacks,96.26,True,Evening
TXN02422,2026-08-12,CUST0384,Groceries,266.64,True,Afternoon
TXN02423,2026-08-12,CUST0389,Snacks,32.95,True,Evening
TXN02424,2026-08-12,CUST0390,Beverages,85.31,False,Afternoon
TXN02425,2026-08-12,CUST0391,Dairy,85.29,True,Evening
TXN02426,2026-08-12,CUST0396,Household,266.41,True,Morning
TXN02427,2026-08-12,CUST0397,Snacks,97.48,False,Morning
TXN02428,2026-08-12,CUST0408,Snacks,66.96,False,Evening
TXN02429,2026-08-12,CUST0423,Snacks,41.58,True,Morning
TXN02430,2026-08-12,CUST0447,Household,337.05,False,Afternoon
TXN02431,2026-08-12,CUST0450,Household,204.92,False,Morning
TXN02432,2026-08-12,CUST0452,Beverages,182.69,False,Afternoon
TXN02433,2026-08-12,CUST0454,Household,315.44,False,Morning
TXN02434,2026-08-12,CUST0456,Snacks,46.58,True,Evening
TXN02435,2026-08-12,CUST0461,Groceries,276.58,True,Evening
TXN02436,2026-08-12,CUST0463,Groceries,224.72,False,Afternoon
TXN02437,2026-08-12,CUST0466,Groceries,55.85,False,Evening
TXN02438,2026-08-12,CUST0471,Groceries,256.05,True,Afternoon
TXN02439,2026-08-12,CUST0481,Beverages,186.94,True,Afternoon
TXN02440,2026-08-12,CUST0493,Dairy,74.95,False,Morning
TXN02441,2026-08-12,CUST0495,Household,250.75,False,Evening
TXN02442,2026-08-12,CUST0507,Dairy,125.09,False,Evening
TXN02443,2026-08-12,CUST0512,Household,332.33,True,Afternoon
TXN02444,2026-08-12,CUST0526,Household,391.42,True,Afternoon
TXN02445,2026-08-12,CUST0531,Snacks,51.12,False,Morning
TXN02446,2026-08-12,CUST0534,Household,288.46,False,Morning
TXN02447,2026-08-12,CUST0539,Household,103.92,False,Afternoon
TXN02448,2026-08-12,CUST0543,Groceries,247.02,False,Afternoon
TXN02449,2026-08-12,CUST0549,Household,125.21,True,Evening
TXN02450,2026-08-12,CUST0551,Snacks,70.2,False,Afternoon
TXN02451,2026-08-12,CUST0555,Beverages,133.75,False,Evening
TXN02452,2026-08-12,CUST0556,Beverages,65.96,True,Afternoon
TXN02453,2026-08-12,CUST0558,Dairy,167.67,True,Evening
TXN02454,2026-08-12,CUST0569,Household,193.06,True,Afternoon
TXN02455,2026-08-12,CUST0570,Dairy,172.36,False,Afternoon
TXN02456,2026-08-12,CUST0571,Dairy,152.45,True,Afternoon
TXN02457,2026-08-12,CUST0579,Snacks,78.82,True,Morning
TXN02458,2026-08-12,CUST0581,Dairy,108.48,True,Afternoon
TXN02459,2026-08-12,CUST0584,Snacks,95.55,False,Afternoon
TXN02460,2026-08-12,CUST0588,Snacks,45.74,True,Morning
TXN02461,2026-08-12,CUST0600,Dairy,126.32,True,Morning
TXN02462,2026-08-12,CUST0604,Dairy,129.33,True,Afternoon
TXN02463,2026-08-12,CUST0607,Snacks,99.93,False,Afternoon
TXN02464,2026-08-12,CUST0608,Dairy,101.48,False,Evening
TXN02465,2026-08-12,CUST0616,Groceries,224.05,True,Morning
TXN02466,2026-08-13,CUST0004,Dairy,110.38,False,Morning
TXN02467,2026-08-13,CUST0014,Snacks,48.37,True,Evening
TXN02468,2026-08-13,CUST0016,Household,304.69,True,Evening
TXN02469,2026-08-13,CUST0019,Dairy,139.16,False,Afternoon
TXN02470,2026-08-13,CUST0037,Dairy,58.41,True,Afternoon
TXN02471,2026-08-13,CUST0039,Dairy,152.82,False,Morning
TXN02472,2026-08-13,CUST0047,Beverages,79.34,False,Evening
TXN02473,2026-08-13,CUST0054,Beverages,154.54,False,Afternoon
TXN02474,2026-08-13,CUST0056,Household,223.5,True,Afternoon
TXN02475,2026-08-13,CUST0068,Beverages,128.69,False,Afternoon
TXN02476,2026-08-13,CUST0072,Groceries,149.61,False,Evening
TXN02477,2026-08-13,CUST0075,Groceries,339.62,False,Evening
TXN02478,2026-08-13,CUST0085,Household,32.38,False,Evening
TXN02479,2026-08-13,CUST0100,Dairy,92.56,False,Afternoon
TXN02480,2026-08-13,CUST0105,Beverages,112.58,False,Evening
TXN02481,2026-08-13,CUST0110,Household,313.02,True,Evening
TXN02482,2026-08-13,CUST0117,Beverages,108.62,False,Morning
TXN02483,2026-08-13,CUST0121,Snacks,85.06,False,Morning
TXN02484,2026-08-13,CUST0128,Groceries,62.2,True,Evening
TXN02485,2026-08-13,CUST0139,Household,126.91,True,Evening
TXN02486,2026-08-13,CUST0147,Beverages,122.78,False,Morning
TXN02487,2026-08-13,CUST0148,Snacks,71.83,False,Evening
TXN02488,2026-08-13,CUST0165,Snacks,77.82,True,Evening
TXN02489,2026-08-13,CUST0166,Snacks,20.24,True,Evening
TXN02490,2026-08-13,CUST0171,Dairy,64.92,True,Evening
TXN02491,2026-08-13,CUST0172,Groceries,206.31,False,Evening
TXN02492,2026-08-13,CUST0177,Household,153.83,True,Afternoon
TXN02493,2026-08-13,CUST0212,Groceries,92.13,True,Afternoon
TXN02494,2026-08-13,CUST0216,Household,68.24,False,Afternoon
TXN02495,2026-08-13,CUST0219,Beverages,113.75,False,Afternoon
TXN02496,2026-08-13,CUST0220,Dairy,104.09,True,Evening
TXN02497,2026-08-13,CUST0227,Dairy,122.88,False,Afternoon
TXN02498,2026-08-13,CUST0228,Groceries,172.07,True,Evening
TXN02499,2026-08-13,CUST0229,Dairy,38.39,True,Afternoon
TXN02500,2026-08-13,CUST0231,Groceries,288.72,True,Evening
TXN02501,2026-08-13,CUST0237,Beverages,171.09,True,Morning
TXN02502,2026-08-13,CUST0252,Snacks,119.92,True,Afternoon
TXN02503,2026-08-13,CUST0254,Snacks,96.61,False,Evening
TXN02504,2026-08-13,CUST0256,Snacks,22.32,False,Evening
TXN02505,2026-08-13,CUST0274,Beverages,94.15,True,Afternoon
TXN02506,2026-08-13,CUST0281,Household,110.52,True,Evening
TXN02507,2026-08-13,CUST0302,Groceries,182.88,True,Afternoon
TXN02508,2026-08-13,CUST0309,Dairy,54.53,False,Morning
TXN02509,2026-08-13,CUST0313,Dairy,39.36,True,Afternoon
TXN02510,2026-08-13,CUST0317,Dairy,124.07,True,Afternoon
TXN02511,2026-08-13,CUST0320,Beverages,116.91,False,Morning
TXN02512,2026-08-13,CUST0324,Dairy,49.57,True,Morning
TXN02513,2026-08-13,CUST0327,Beverages,42.48,False,Evening
TXN02514,2026-08-13,CUST0330,Beverages,177.71,True,Evening
TXN02515,2026-08-13,CUST0337,Beverages,78.84,True,Afternoon
TXN02516,2026-08-13,CUST0340,Beverages,99.51,False,Evening
TXN02517,2026-08-13,CUST0341,Snacks,58.74,False,Morning
TXN02518,2026-08-13,CUST0345,Household,160.07,False,Afternoon
TXN02519,2026-08-13,CUST0349,Groceries,139.17,False,Afternoon
TXN02520,2026-08-13,CUST0359,Groceries,48.42,True,Morning
TXN02521,2026-08-13,CUST0362,Beverages,128.89,True,Morning
TXN02522,2026-08-13,CUST0364,Household,171.43,False,Morning
TXN02523,2026-08-13,CUST0369,Dairy,111.18,True,Evening
TXN02524,2026-08-13,CUST0378,Beverages,163.78,False,Afternoon
TXN02525,2026-08-13,CUST0383,Groceries,157.35,True,Morning
TXN02526,2026-08-13,CUST0385,Household,100.79,False,Evening
TXN02527,2026-08-13,CUST0391,Snacks,25.77,False,Evening
TXN02528,2026-08-13,CUST0410,Snacks,32.12,True,Morning
TXN02529,2026-08-13,CUST0420,Beverages,99.71,False,Morning
TXN02530,2026-08-13,CUST0425,Household,179.8,True,Afternoon
TXN02531,2026-08-13,CUST0429,Beverages,164.68,True,Afternoon
TXN02532,2026-08-13,CUST0444,Groceries,181.85,True,Evening
TXN02533,2026-08-13,CUST0449,Snacks,80.23,False,Morning
TXN02534,2026-08-13,CUST0452,Beverages,70.62,False,Afternoon
TXN02535,2026-08-13,CUST0456,Household,207.76,True,Evening
TXN02536,2026-08-13,CUST0460,Beverages,98.92,True,Afternoon
TXN02537,2026-08-13,CUST0461,Household,275.01,True,Evening
TXN02538,2026-08-13,CUST0476,Snacks,97.06,True,Evening
TXN02539,2026-08-13,CUST0481,Snacks,109.63,True,Afternoon
TXN02540,2026-08-13,CUST0488,Groceries,301.79,False,Afternoon
TXN02541,2026-08-13,CUST0511,Beverages,86.39,True,Morning
TXN02542,2026-08-13,CUST0513,Groceries,303.55,False,Morning
TXN02543,2026-08-13,CUST0520,Snacks,82.48,True,Afternoon
TXN02544,2026-08-13,CUST0531,Dairy,139.58,False,Morning
TXN02545,2026-08-13,CUST0532,Snacks,86.4,False,Morning
TXN02546,2026-08-13,CUST0533,Beverages,70.18,False,Evening
TXN02547,2026-08-13,CUST0549,Groceries,314.63,True,Evening
TXN02548,2026-08-13,CUST0553,Household,359.37,False,Afternoon
TXN02549,2026-08-13,CUST0558,Beverages,182.8,True,Evening
TXN02550,2026-08-13,CUST0571,Snacks,104.09,True,Afternoon
TXN02551,2026-08-13,CUST0575,Dairy,96.19,True,Morning
TXN02552,2026-08-13,CUST0579,Household,185.86,True,Morning
TXN02553,2026-08-13,CUST0582,Groceries,63.57,False,Morning
TXN02554,2026-08-13,CUST0588,Groceries,239.44,True,Morning
TXN02555,2026-08-13,CUST0607,Household,189.04,True,Afternoon
TXN02556,2026-08-13,CUST0612,Household,40.69,False,Afternoon
TXN02557,2026-08-13,CUST0615,Dairy,150.39,False,Afternoon
TXN02558,2026-08-14,CUST0015,Snacks,64.39,False,Afternoon
TXN02559,2026-08-14,CUST0017,Household,219.12,False,Morning
TXN02560,2026-08-14,CUST0028,Snacks,89.76,True,Morning
TXN02561,2026-08-14,CUST0035,Dairy,130.66,True,Morning
TXN02562,2026-08-14,CUST0047,Groceries,149.91,False,Evening
TXN02563,2026-08-14,CUST0051,Household,143.79,True,Evening
TXN02564,2026-08-14,CUST0052,Beverages,171.65,False,Morning
TXN02565,2026-08-14,CUST0056,Household,140.72,True,Afternoon
TXN02566,2026-08-14,CUST0057,Dairy,72.37,False,Morning
TXN02567,2026-08-14,CUST0059,Dairy,166.61,True,Morning
TXN02568,2026-08-14,CUST0072,Groceries,340.51,False,Evening
TXN02569,2026-08-14,CUST0076,Snacks,68.98,True,Afternoon
TXN02570,2026-08-14,CUST0081,Dairy,172.14,False,Morning
TXN02571,2026-08-14,CUST0085,Beverages,130.41,False,Evening
TXN02572,2026-08-14,CUST0105,Dairy,170.79,False,Evening
TXN02573,2026-08-14,CUST0106,Dairy,69.77,True,Afternoon
TXN02574,2026-08-14,CUST0110,Groceries,347.75,False,Evening
TXN02575,2026-08-14,CUST0111,Snacks,105.95,True,Afternoon
TXN02576,2026-08-14,CUST0112,Beverages,196.86,False,Evening
TXN02577,2026-08-14,CUST0113,Dairy,36.45,True,Afternoon
TXN02578,2026-08-14,CUST0121,Groceries,199.65,True,Morning
TXN02579,2026-08-14,CUST0127,Groceries,143.03,False,Afternoon
TXN02580,2026-08-14,CUST0133,Groceries,290.62,True,Afternoon
TXN02581,2026-08-14,CUST0137,Groceries,231.16,True,Evening
TXN02582,2026-08-14,CUST0152,Beverages,42.2,True,Evening
TXN02583,2026-08-14,CUST0162,Groceries,324.49,True,Morning
TXN02584,2026-08-14,CUST0166,Beverages,136.38,True,Evening
TXN02585,2026-08-14,CUST0184,Dairy,121.03,False,Evening
TXN02586,2026-08-14,CUST0189,Beverages,65.32,True,Morning
TXN02587,2026-08-14,CUST0194,Dairy,108.2,False,Evening
TXN02588,2026-08-14,CUST0197,Groceries,54.45,True,Afternoon
TXN02589,2026-08-14,CUST0206,Beverages,86.19,False,Afternoon
TXN02590,2026-08-14,CUST0210,Beverages,179.8,False,Evening
TXN02591,2026-08-14,CUST0212,Dairy,166.16,False,Afternoon
TXN02592,2026-08-14,CUST0215,Beverages,30.02,False,Evening
TXN02593,2026-08-14,CUST0229,Groceries,236.71,False,Afternoon
TXN02594,2026-08-14,CUST0234,Groceries,319.18,True,Afternoon
TXN02595,2026-08-14,CUST0237,Beverages,122.8,True,Morning
TXN02596,2026-08-14,CUST0253,Groceries,347.61,False,Morning
TXN02597,2026-08-14,CUST0257,Snacks,65.61,False,Morning
TXN02598,2026-08-14,CUST0265,Snacks,27.73,True,Evening
TXN02599,2026-08-14,CUST0272,Beverages,75.72,False,Afternoon
TXN02600,2026-08-14,CUST0275,Household,329.29,False,Evening
TXN02601,2026-08-14,CUST0285,Groceries,294.22,False,Afternoon
TXN02602,2026-08-14,CUST0290,Beverages,69.77,True,Evening
TXN02603,2026-08-14,CUST0298,Dairy,78.81,False,Morning
TXN02604,2026-08-14,CUST0303,Dairy,134.7,False,Evening
TXN02605,2026-08-14,CUST0307,Dairy,79.76,True,Afternoon
TXN02606,2026-08-14,CUST0317,Household,133.06,True,Afternoon
TXN02607,2026-08-14,CUST0318,Snacks,92.08,False,Morning
TXN02608,2026-08-14,CUST0322,Dairy,77.19,False,Evening
TXN02609,2026-08-14,CUST0323,Household,149.28,False,Afternoon
TXN02610,2026-08-14,CUST0343,Groceries,284.87,False,Evening
TXN02611,2026-08-14,CUST0354,Household,193.02,True,Afternoon
TXN02612,2026-08-14,CUST0358,Dairy,76.15,False,Morning
TXN02613,2026-08-14,CUST0360,Groceries,162.76,False,Evening
TXN02614,2026-08-14,CUST0362,Snacks,75.44,True,Morning
TXN02615,2026-08-14,CUST0363,Snacks,30.18,False,Afternoon
TXN02616,2026-08-14,CUST0372,Beverages,159.1,True,Morning
TXN02617,2026-08-14,CUST0380,Snacks,73.12,False,Morning
TXN02618,2026-08-14,CUST0381,Snacks,106.4,True,Morning
TXN02619,2026-08-14,CUST0387,Snacks,49.26,False,Afternoon
TXN02620,2026-08-14,CUST0393,Household,209.29,True,Morning
TXN02621,2026-08-14,CUST0397,Dairy,27.69,False,Morning
TXN02622,2026-08-14,CUST0399,Snacks,80.53,True,Evening
TXN02623,2026-08-14,CUST0401,Beverages,168.68,True,Morning
TXN02624,2026-08-14,CUST0407,Groceries,312.64,False,Afternoon
TXN02625,2026-08-14,CUST0419,Dairy,81.8,False,Morning
TXN02626,2026-08-14,CUST0421,Beverages,89.89,False,Morning
TXN02627,2026-08-14,CUST0435,Beverages,36.32,True,Afternoon
TXN02628,2026-08-14,CUST0440,Snacks,78.42,True,Evening
TXN02629,2026-08-14,CUST0441,Groceries,173.13,True,Evening
TXN02630,2026-08-14,CUST0454,Groceries,152.11,False,Morning
TXN02631,2026-08-14,CUST0497,Snacks,64.17,True,Afternoon
TXN02632,2026-08-14,CUST0499,Snacks,43.39,False,Morning
TXN02633,2026-08-14,CUST0510,Snacks,116.51,True,Morning
TXN02634,2026-08-14,CUST0511,Beverages,162.51,True,Morning
TXN02635,2026-08-14,CUST0519,Beverages,160.35,False,Evening
TXN02636,2026-08-14,CUST0529,Groceries,184.15,True,Evening
TXN02637,2026-08-14,CUST0551,Household,39.4,False,Afternoon
TXN02638,2026-08-14,CUST0554,Household,158.74,True,Evening
TXN02639,2026-08-14,CUST0556,Groceries,175.88,True,Afternoon
TXN02640,2026-08-14,CUST0569,Snacks,75.72,True,Afternoon
TXN02641,2026-08-14,CUST0584,Groceries,180.88,False,Afternoon
TXN02642,2026-08-14,CUST0585,Beverages,62.52,True,Morning
TXN02643,2026-08-14,CUST0589,Dairy,117.93,False,Afternoon
TXN02644,2026-08-14,CUST0591,Beverages,106.92,False,Evening
TXN02645,2026-08-14,CUST0593,Snacks,117.44,False,Evening
TXN02646,2026-08-14,CUST0606,Groceries,245.9,False,Afternoon
TXN02647,2026-08-15,CUST0006,Beverages,176.2,True,Afternoon
TXN02648,2026-08-15,CUST0010,Dairy,173.11,True,Evening
TXN02649,2026-08-15,CUST0011,Snacks,80.8,False,Morning
TXN02650,2026-08-15,CUST0015,Groceries,221.53,False,Afternoon
TXN02651,2026-08-15,CUST0019,Snacks,100.05,False,Afternoon
TXN02652,2026-08-15,CUST0029,Snacks,44.42,False,Afternoon
TXN02653,2026-08-15,CUST0031,Groceries,287.16,False,Morning
TXN02654,2026-08-15,CUST0040,Snacks,30.16,True,Morning
TXN02655,2026-08-15,CUST0043,Beverages,62.87,True,Evening
TXN02656,2026-08-15,CUST0053,Groceries,120.92,True,Afternoon
TXN02657,2026-08-15,CUST0054,Snacks,43.03,False,Afternoon
TXN02658,2026-08-15,CUST0056,Dairy,90.87,True,Afternoon
TXN02659,2026-08-15,CUST0058,Groceries,197.53,True,Morning
TXN02660,2026-08-15,CUST0062,Beverages,26.85,True,Afternoon
TXN02661,2026-08-15,CUST0068,Beverages,90.31,False,Afternoon
TXN02662,2026-08-15,CUST0072,Household,98.65,False,Evening
TXN02663,2026-08-15,CUST0080,Household,331.15,False,Afternoon
TXN02664,2026-08-15,CUST0093,Dairy,117.48,True,Afternoon
TXN02665,2026-08-15,CUST0097,Beverages,150.88,True,Afternoon
TXN02666,2026-08-15,CUST0100,Groceries,258.6,False,Afternoon
TXN02667,2026-08-15,CUST0107,Household,397.58,True,Afternoon
TXN02668,2026-08-15,CUST0111,Snacks,111.84,True,Afternoon
TXN02669,2026-08-15,CUST0117,Groceries,83.58,False,Morning
TXN02670,2026-08-15,CUST0121,Beverages,104.71,True,Morning
TXN02671,2026-08-15,CUST0123,Beverages,65.58,False,Morning
TXN02672,2026-08-15,CUST0136,Snacks,50.5,True,Evening
TXN02673,2026-08-15,CUST0140,Dairy,137.5,False,Afternoon
TXN02674,2026-08-15,CUST0144,Beverages,67.8,True,Afternoon
TXN02675,2026-08-15,CUST0150,Dairy,74.22,True,Morning
TXN02676,2026-08-15,CUST0152,Household,60.13,True,Evening
TXN02677,2026-08-15,CUST0153,Groceries,147.07,True,Evening
TXN02678,2026-08-15,CUST0160,Groceries,338.58,False,Evening
TXN02679,2026-08-15,CUST0166,Household,172.52,True,Evening
TXN02680,2026-08-15,CUST0204,Snacks,88.6,False,Evening
TXN02681,2026-08-15,CUST0206,Groceries,207.83,False,Afternoon
TXN02682,2026-08-15,CUST0211,Groceries,181.05,True,Afternoon
TXN02683,2026-08-15,CUST0219,Groceries,190.08,False,Afternoon
TXN02684,2026-08-15,CUST0230,Household,282.76,True,Afternoon
TXN02685,2026-08-15,CUST0234,Dairy,112.8,True,Afternoon
TXN02686,2026-08-15,CUST0248,Dairy,169.04,False,Morning
TXN02687,2026-08-15,CUST0257,Dairy,111.12,False,Morning
TXN02688,2026-08-15,CUST0272,Beverages,98.4,False,Afternoon
TXN02689,2026-08-15,CUST0278,Dairy,46.23,False,Evening
TXN02690,2026-08-15,CUST0279,Dairy,28.3,False,Morning
TXN02691,2026-08-15,CUST0280,Beverages,128.14,True,Afternoon
TXN02692,2026-08-15,CUST0282,Household,331.33,True,Morning
TXN02693,2026-08-15,CUST0292,Snacks,60.95,True,Morning
TXN02694,2026-08-15,CUST0294,Snacks,24.49,False,Afternoon
TXN02695,2026-08-15,CUST0298,Household,348.75,False,Morning
TXN02696,2026-08-15,CUST0311,Dairy,77.94,False,Afternoon
TXN02697,2026-08-15,CUST0314,Dairy,175.91,False,Evening
TXN02698,2026-08-15,CUST0328,Beverages,191.42,True,Evening
TXN02699,2026-08-15,CUST0330,Household,42.65,True,Evening
TXN02700,2026-08-15,CUST0336,Beverages,160.75,True,Afternoon
TXN02701,2026-08-15,CUST0343,Groceries,118.0,False,Evening
TXN02702,2026-08-15,CUST0344,Snacks,74.58,False,Morning
TXN02703,2026-08-15,CUST0346,Groceries,186.91,True,Afternoon
TXN02704,2026-08-15,CUST0355,Groceries,257.49,False,Afternoon
TXN02705,2026-08-15,CUST0356,Household,145.52,True,Evening
TXN02706,2026-08-15,CUST0357,Groceries,85.61,True,Evening
TXN02707,2026-08-15,CUST0360,Household,163.52,False,Evening
TXN02708,2026-08-15,CUST0374,Groceries,150.21,True,Evening
TXN02709,2026-08-15,CUST0381,Beverages,184.0,True,Morning
TXN02710,2026-08-15,CUST0385,Beverages,194.33,False,Evening
TXN02711,2026-08-15,CUST0398,Dairy,84.21,True,Morning
TXN02712,2026-08-15,CUST0404,Snacks,19.65,True,Morning
TXN02713,2026-08-15,CUST0413,Beverages,52.08,True,Evening
TXN02714,2026-08-15,CUST0419,Snacks,75.41,False,Morning
TXN02715,2026-08-15,CUST0425,Beverages,193.82,True,Afternoon
TXN02716,2026-08-15,CUST0428,Household,341.66,False,Evening
TXN02717,2026-08-15,CUST0439,Snacks,111.05,False,Afternoon
TXN02718,2026-08-15,CUST0444,Dairy,75.33,True,Evening
TXN02719,2026-08-15,CUST0447,Snacks,83.58,False,Afternoon
TXN02720,2026-08-15,CUST0459,Snacks,35.74,True,Afternoon
TXN02721,2026-08-15,CUST0474,Dairy,118.14,False,Afternoon
TXN02722,2026-08-15,CUST0488,Groceries,169.87,False,Afternoon
TXN02723,2026-08-15,CUST0493,Household,286.97,False,Morning
TXN02724,2026-08-15,CUST0496,Snacks,77.36,False,Morning
TXN02725,2026-08-15,CUST0512,Dairy,83.36,False,Afternoon
TXN02726,2026-08-15,CUST0521,Beverages,164.51,False,Evening
TXN02727,2026-08-15,CUST0551,Dairy,42.92,False,Afternoon
TXN02728,2026-08-15,CUST0568,Snacks,33.48,False,Evening
TXN02729,2026-08-15,CUST0572,Groceries,267.76,True,Afternoon
TXN02730,2026-08-15,CUST0577,Dairy,129.43,False,Afternoon
TXN02731,2026-08-15,CUST0579,Snacks,104.64,True,Morning
TXN02732,2026-08-15,CUST0584,Household,236.44,False,Afternoon
TXN02733,2026-08-15,CUST0598,Dairy,87.7,True,Afternoon
TXN02734,2026-08-15,CUST0605,Household,88.19,True,Evening
TXN02735,2026-08-15,CUST0608,Groceries,78.91,False,Evening
TXN02736,2026-08-15,CUST0617,Beverages,192.3,False,Morning
TXN02737,2026-08-16,CUST0001,Snacks,114.36,True,Evening
TXN02738,2026-08-16,CUST0002,Beverages,133.61,False,Morning
TXN02739,2026-08-16,CUST0005,Snacks,39.42,True,Afternoon
TXN02740,2026-08-16,CUST0006,Household,315.16,True,Afternoon
TXN02741,2026-08-16,CUST0012,Dairy,136.68,True,Morning
TXN02742,2026-08-16,CUST0018,Household,347.58,True,Evening
TXN02743,2026-08-16,CUST0026,Snacks,58.01,True,Evening
TXN02744,2026-08-16,CUST0031,Beverages,140.0,False,Morning
TXN02745,2026-08-16,CUST0035,Groceries,182.04,False,Morning
TXN02746,2026-08-16,CUST0038,Beverages,123.42,False,Evening
TXN02747,2026-08-16,CUST0053,Groceries,324.1,True,Afternoon
TXN02748,2026-08-16,CUST0056,Dairy,115.98,True,Afternoon
TXN02749,2026-08-16,CUST0059,Beverages,61.25,True,Morning
TXN02750,2026-08-16,CUST0065,Beverages,107.8,False,Morning
TXN02751,2026-08-16,CUST0072,Snacks,80.91,False,Evening
TXN02752,2026-08-16,CUST0081,Dairy,134.33,True,Morning
TXN02753,2026-08-16,CUST0082,Beverages,44.65,True,Morning
TXN02754,2026-08-16,CUST0102,Snacks,51.4,False,Evening
TXN02755,2026-08-16,CUST0121,Beverages,164.23,True,Morning
TXN02756,2026-08-16,CUST0122,Snacks,41.14,False,Afternoon
TXN02757,2026-08-16,CUST0127,Dairy,22.6,False,Afternoon
TXN02758,2026-08-16,CUST0128,Snacks,70.57,False,Evening
TXN02759,2026-08-16,CUST0137,Household,284.38,True,Evening
TXN02760,2026-08-16,CUST0139,Household,69.86,True,Evening
TXN02761,2026-08-16,CUST0141,Groceries,84.51,False,Afternoon
TXN02762,2026-08-16,CUST0147,Groceries,349.0,True,Morning
TXN02763,2026-08-16,CUST0151,Beverages,127.58,False,Evening
TXN02764,2026-08-16,CUST0153,Household,178.54,True,Evening
TXN02765,2026-08-16,CUST0158,Dairy,147.73,True,Afternoon
TXN02766,2026-08-16,CUST0162,Beverages,38.91,True,Morning
TXN02767,2026-08-16,CUST0163,Snacks,79.94,True,Morning
TXN02768,2026-08-16,CUST0164,Snacks,26.17,False,Morning
TXN02769,2026-08-16,CUST0171,Beverages,111.89,True,Evening
TXN02770,2026-08-16,CUST0172,Beverages,164.73,False,Evening
TXN02771,2026-08-16,CUST0178,Dairy,59.97,False,Afternoon
TXN02772,2026-08-16,CUST0179,Snacks,19.09,False,Morning
TXN02773,2026-08-16,CUST0184,Snacks,23.28,False,Evening
TXN02774,2026-08-16,CUST0187,Snacks,25.74,False,Evening
TXN02775,2026-08-16,CUST0199,Dairy,98.05,True,Evening
TXN02776,2026-08-16,CUST0206,Dairy,95.78,False,Afternoon
TXN02777,2026-08-16,CUST0213,Dairy,147.88,False,Morning
TXN02778,2026-08-16,CUST0224,Groceries,299.66,True,Morning
TXN02779,2026-08-16,CUST0226,Dairy,80.84,False,Morning
TXN02780,2026-08-16,CUST0229,Snacks,97.74,True,Afternoon
TXN02781,2026-08-16,CUST0232,Groceries,47.6,True,Evening
TXN02782,2026-08-16,CUST0234,Beverages,124.38,True,Afternoon
TXN02783,2026-08-16,CUST0252,Groceries,101.38,True,Afternoon
TXN02784,2026-08-16,CUST0257,Groceries,334.12,False,Morning
TXN02785,2026-08-16,CUST0259,Dairy,45.05,False,Afternoon
TXN02786,2026-08-16,CUST0263,Snacks,62.3,True,Afternoon
TXN02787,2026-08-16,CUST0267,Household,197.7,False,Afternoon
TXN02788,2026-08-16,CUST0272,Groceries,121.43,False,Afternoon
TXN02789,2026-08-16,CUST0277,Dairy,93.24,False,Afternoon
TXN02790,2026-08-16,CUST0281,Snacks,17.87,True,Evening
TXN02791,2026-08-16,CUST0300,Household,36.26,False,Evening
TXN02792,2026-08-16,CUST0301,Household,159.72,False,Evening
TXN02793,2026-08-16,CUST0310,Beverages,130.45,True,Afternoon
TXN02794,2026-08-16,CUST0313,Dairy,83.39,True,Afternoon
TXN02795,2026-08-16,CUST0315,Household,137.52,True,Morning
TXN02796,2026-08-16,CUST0329,Groceries,325.62,True,Evening
TXN02797,2026-08-16,CUST0339,Dairy,150.54,False,Morning
TXN02798,2026-08-16,CUST0341,Groceries,177.13,False,Morning
TXN02799,2026-08-16,CUST0347,Groceries,123.1,False,Morning
TXN02800,2026-08-16,CUST0376,Household,392.58,True,Evening
TXN02801,2026-08-16,CUST0378,Beverages,108.58,False,Afternoon
TXN02802,2026-08-16,CUST0391,Beverages,168.97,True,Evening
TXN02803,2026-08-16,CUST0411,Groceries,153.24,False,Morning
TXN02804,2026-08-16,CUST0419,Dairy,74.24,False,Morning
TXN02805,2026-08-16,CUST0423,Snacks,93.76,True,Morning
TXN02806,2026-08-16,CUST0428,Snacks,84.58,False,Evening
TXN02807,2026-08-16,CUST0436,Groceries,264.53,False,Evening
TXN02808,2026-08-16,CUST0442,Groceries,142.07,True,Afternoon
TXN02809,2026-08-16,CUST0445,Groceries,282.97,True,Morning
TXN02810,2026-08-16,CUST0448,Snacks,59.53,False,Afternoon
TXN02811,2026-08-16,CUST0457,Groceries,305.18,True,Afternoon
TXN02812,2026-08-16,CUST0460,Dairy,104.94,True,Afternoon
TXN02813,2026-08-16,CUST0470,Dairy,31.77,False,Afternoon
TXN02814,2026-08-16,CUST0485,Groceries,279.35,True,Morning
TXN02815,2026-08-16,CUST0486,Dairy,23.36,True,Morning
TXN02816,2026-08-16,CUST0487,Household,334.12,True,Morning
TXN02817,2026-08-16,CUST0493,Household,126.87,False,Morning
TXN02818,2026-08-16,CUST0494,Household,254.79,True,Evening
TXN02819,2026-08-16,CUST0495,Beverages,128.43,False,Evening
TXN02820,2026-08-16,CUST0500,Beverages,141.62,True,Evening
TXN02821,2026-08-16,CUST0511,Beverages,67.07,True,Morning
TXN02822,2026-08-16,CUST0530,Groceries,63.06,True,Morning
TXN02823,2026-08-16,CUST0532,Snacks,17.55,False,Morning
TXN02824,2026-08-16,CUST0534,Beverages,112.44,False,Morning
TXN02825,2026-08-16,CUST0535,Snacks,48.31,False,Afternoon
TXN02826,2026-08-16,CUST0539,Household,288.48,False,Afternoon
TXN02827,2026-08-16,CUST0540,Household,226.34,False,Evening
TXN02828,2026-08-16,CUST0545,Snacks,115.23,False,Evening
TXN02829,2026-08-16,CUST0548,Dairy,161.81,False,Morning
TXN02830,2026-08-16,CUST0551,Dairy,50.44,False,Afternoon
TXN02831,2026-08-16,CUST0553,Groceries,94.31,False,Afternoon
TXN02832,2026-08-16,CUST0568,Dairy,60.78,False,Evening
TXN02833,2026-08-16,CUST0571,Household,279.9,False,Afternoon
TXN02834,2026-08-16,CUST0574,Beverages,99.5,False,Afternoon
TXN02835,2026-08-16,CUST0579,Beverages,76.04,True,Morning
TXN02836,2026-08-16,CUST0581,Groceries,208.34,True,Afternoon
TXN02837,2026-08-16,CUST0583,Beverages,147.4,False,Evening
TXN02838,2026-08-16,CUST0585,Snacks,119.39,True,Morning
TXN02839,2026-08-16,CUST0591,Household,282.69,False,Evening
TXN02840,2026-08-16,CUST0593,Dairy,121.87,False,Evening
TXN02841,2026-08-16,CUST0600,Dairy,21.05,True,Morning
TXN02842,2026-08-16,CUST0608,Beverages,147.18,False,Evening
TXN02843,2026-08-16,CUST0612,Beverages,152.99,False,Afternoon
TXN02844,2026-08-16,CUST0616,Snacks,107.93,True,Morning
TXN02845,2026-08-16,CUST0617,Snacks,87.31,False,Morning
TXN02846,2026-08-17,CUST0002,Groceries,43.99,False,Morning
TXN02847,2026-08-17,CUST0005,Dairy,71.56,True,Afternoon
TXN02848,2026-08-17,CUST0011,Snacks,35.74,False,Morning
TXN02849,2026-08-17,CUST0017,Beverages,30.27,False,Morning
TXN02850,2026-08-17,CUST0039,Beverages,75.29,False,Morning
TXN02851,2026-08-17,CUST0042,Snacks,91.53,False,Evening
TXN02852,2026-08-17,CUST0043,Household,140.75,True,Evening
TXN02853,2026-08-17,CUST0050,Groceries,242.8,False,Afternoon
TXN02854,2026-08-17,CUST0054,Dairy,39.55,False,Afternoon
TXN02855,2026-08-17,CUST0063,Beverages,171.55,True,Morning
TXN02856,2026-08-17,CUST0069,Snacks,67.18,True,Evening
TXN02857,2026-08-17,CUST0074,Groceries,66.95,False,Afternoon
TXN02858,2026-08-17,CUST0085,Groceries,344.78,False,Evening
TXN02859,2026-08-17,CUST0089,Snacks,99.25,False,Evening
TXN02860,2026-08-17,CUST0092,Beverages,107.41,False,Afternoon
TXN02861,2026-08-17,CUST0116,Dairy,145.64,False,Evening
TXN02862,2026-08-17,CUST0128,Household,30.21,True,Evening
TXN02863,2026-08-17,CUST0139,Dairy,52.23,True,Evening
TXN02864,2026-08-17,CUST0142,Beverages,59.26,False,Afternoon
TXN02865,2026-08-17,CUST0145,Beverages,136.23,False,Afternoon
TXN02866,2026-08-17,CUST0149,Household,133.88,False,Afternoon
TXN02867,2026-08-17,CUST0158,Groceries,236.35,False,Afternoon
TXN02868,2026-08-17,CUST0203,Household,245.17,True,Evening
TXN02869,2026-08-17,CUST0213,Household,41.47,False,Morning
TXN02870,2026-08-17,CUST0243,Dairy,29.09,True,Evening
TXN02871,2026-08-17,CUST0253,Groceries,192.5,False,Morning
TXN02872,2026-08-17,CUST0256,Dairy,51.58,False,Evening
TXN02873,2026-08-17,CUST0259,Dairy,85.41,False,Afternoon
TXN02874,2026-08-17,CUST0272,Household,118.02,False,Afternoon
TXN02875,2026-08-17,CUST0280,Dairy,59.31,True,Afternoon
TXN02876,2026-08-17,CUST0281,Household,323.12,True,Evening
TXN02877,2026-08-17,CUST0282,Dairy,133.66,True,Morning
TXN02878,2026-08-17,CUST0287,Groceries,167.43,False,Evening
TXN02879,2026-08-17,CUST0289,Household,390.52,True,Afternoon
TXN02880,2026-08-17,CUST0301,Groceries,301.25,False,Evening
TXN02881,2026-08-17,CUST0307,Beverages,138.59,True,Afternoon
TXN02882,2026-08-17,CUST0314,Snacks,53.95,False,Evening
TXN02883,2026-08-17,CUST0318,Household,108.53,False,Morning
TXN02884,2026-08-17,CUST0320,Household,210.3,False,Morning
TXN02885,2026-08-17,CUST0326,Household,347.4,True,Evening
TXN02886,2026-08-17,CUST0331,Dairy,131.08,False,Evening
TXN02887,2026-08-17,CUST0337,Household,359.22,True,Afternoon
TXN02888,2026-08-17,CUST0338,Dairy,43.95,False,Afternoon
TXN02889,2026-08-17,CUST0342,Groceries,181.95,True,Afternoon
TXN02890,2026-08-17,CUST0347,Snacks,86.21,False,Morning
TXN02891,2026-08-17,CUST0349,Beverages,173.46,False,Afternoon
TXN02892,2026-08-17,CUST0359,Dairy,140.79,True,Morning
TXN02893,2026-08-17,CUST0364,Household,319.78,False,Morning
TXN02894,2026-08-17,CUST0366,Snacks,38.55,True,Evening
TXN02895,2026-08-17,CUST0369,Groceries,318.29,True,Evening
TXN02896,2026-08-17,CUST0374,Groceries,137.82,True,Evening
TXN02897,2026-08-17,CUST0379,Beverages,188.37,False,Afternoon
TXN02898,2026-08-17,CUST0380,Dairy,44.12,False,Morning
TXN02899,2026-08-17,CUST0387,Beverages,121.85,False,Afternoon
TXN02900,2026-08-17,CUST0393,Snacks,66.56,True,Morning
TXN02901,2026-08-17,CUST0406,Beverages,106.51,True,Evening
TXN02902,2026-08-17,CUST0419,Beverages,114.94,False,Morning
TXN02903,2026-08-17,CUST0425,Beverages,48.86,True,Afternoon
TXN02904,2026-08-17,CUST0426,Household,284.2,True,Evening
TXN02905,2026-08-17,CUST0429,Groceries,40.41,True,Afternoon
TXN02906,2026-08-17,CUST0433,Household,299.6,False,Afternoon
TXN02907,2026-08-17,CUST0445,Household,245.57,True,Morning
TXN02908,2026-08-17,CUST0447,Snacks,29.02,False,Afternoon
TXN02909,2026-08-17,CUST0452,Household,322.97,False,Afternoon
TXN02910,2026-08-17,CUST0458,Household,31.02,False,Morning
TXN02911,2026-08-17,CUST0467,Household,270.08,False,Evening
TXN02912,2026-08-17,CUST0471,Dairy,55.99,False,Afternoon
TXN02913,2026-08-17,CUST0482,Beverages,186.9,False,Morning
TXN02914,2026-08-17,CUST0483,Household,48.87,True,Morning
TXN02915,2026-08-17,CUST0487,Groceries,86.07,True,Morning
TXN02916,2026-08-17,CUST0489,Dairy,132.53,False,Morning
TXN02917,2026-08-17,CUST0491,Groceries,346.82,True,Afternoon
TXN02918,2026-08-17,CUST0516,Snacks,23.75,True,Evening
TXN02919,2026-08-17,CUST0520,Snacks,24.76,True,Afternoon
TXN02920,2026-08-17,CUST0521,Household,376.85,False,Evening
TXN02921,2026-08-17,CUST0532,Household,313.84,False,Morning
TXN02922,2026-08-17,CUST0533,Beverages,81.04,False,Evening
TXN02923,2026-08-17,CUST0535,Household,141.44,False,Afternoon
TXN02924,2026-08-17,CUST0544,Groceries,105.55,True,Morning
TXN02925,2026-08-17,CUST0548,Snacks,61.64,False,Morning
TXN02926,2026-08-17,CUST0550,Beverages,126.07,True,Morning
TXN02927,2026-08-17,CUST0554,Household,302.56,True,Evening
TXN02928,2026-08-17,CUST0556,Groceries,322.42,True,Afternoon
TXN02929,2026-08-17,CUST0568,Snacks,101.81,False,Evening
TXN02930,2026-08-17,CUST0571,Household,297.59,True,Afternoon
TXN02931,2026-08-17,CUST0576,Dairy,43.65,True,Evening
TXN02932,2026-08-17,CUST0582,Snacks,46.13,False,Morning
TXN02933,2026-08-17,CUST0591,Groceries,304.7,False,Evening
TXN02934,2026-08-17,CUST0608,Snacks,60.13,False,Evening
TXN02935,2026-08-17,CUST0614,Dairy,87.81,True,Evening
TXN02936,2026-08-18,CUST0010,Beverages,187.09,True,Evening
TXN02937,2026-08-18,CUST0016,Snacks,116.07,True,Evening
TXN02938,2026-08-18,CUST0025,Dairy,154.45,True,Afternoon
TXN02939,2026-08-18,CUST0034,Snacks,58.01,True,Morning
TXN02940,2026-08-18,CUST0035,Dairy,132.2,True,Morning
TXN02941,2026-08-18,CUST0039,Household,154.06,False,Morning
TXN02942,2026-08-18,CUST0041,Snacks,116.62,True,Afternoon
TXN02943,2026-08-18,CUST0042,Dairy,91.92,False,Evening
TXN02944,2026-08-18,CUST0045,Household,385.28,True,Morning
TXN02945,2026-08-18,CUST0052,Snacks,62.94,False,Morning
TXN02946,2026-08-18,CUST0057,Groceries,105.01,False,Morning
TXN02947,2026-08-18,CUST0064,Household,183.99,True,Morning
TXN02948,2026-08-18,CUST0075,Beverages,144.12,True,Evening
TXN02949,2026-08-18,CUST0076,Dairy,166.38,True,Afternoon
TXN02950,2026-08-18,CUST0079,Snacks,102.59,True,Morning
TXN02951,2026-08-18,CUST0086,Beverages,198.28,True,Evening
TXN02952,2026-08-18,CUST0087,Dairy,27.11,True,Afternoon
TXN02953,2026-08-18,CUST0096,Dairy,166.87,True,Afternoon
TXN02954,2026-08-18,CUST0105,Beverages,147.92,False,Evening
TXN02955,2026-08-18,CUST0107,Dairy,104.67,True,Afternoon
TXN02956,2026-08-18,CUST0110,Beverages,198.94,True,Evening
TXN02957,2026-08-18,CUST0114,Groceries,166.08,False,Morning
TXN02958,2026-08-18,CUST0127,Dairy,157.4,False,Afternoon
TXN02959,2026-08-18,CUST0137,Dairy,144.15,True,Evening
TXN02960,2026-08-18,CUST0140,Snacks,100.66,False,Afternoon
TXN02961,2026-08-18,CUST0143,Dairy,146.19,True,Morning
TXN02962,2026-08-18,CUST0145,Snacks,50.46,False,Afternoon
TXN02963,2026-08-18,CUST0155,Groceries,72.24,True,Evening
TXN02964,2026-08-18,CUST0158,Beverages,98.73,True,Afternoon
TXN02965,2026-08-18,CUST0179,Beverages,130.4,False,Morning
TXN02966,2026-08-18,CUST0183,Household,359.73,False,Evening
TXN02967,2026-08-18,CUST0192,Household,38.89,False,Afternoon
TXN02968,2026-08-18,CUST0195,Dairy,171.05,False,Afternoon
TXN02969,2026-08-18,CUST0196,Dairy,112.15,False,Morning
TXN02970,2026-08-18,CUST0197,Groceries,114.81,False,Afternoon
TXN02971,2026-08-18,CUST0210,Groceries,153.45,False,Evening
TXN02972,2026-08-18,CUST0211,Household,133.68,True,Afternoon
TXN02973,2026-08-18,CUST0214,Household,211.67,False,Morning
TXN02974,2026-08-18,CUST0231,Snacks,49.04,True,Evening
TXN02975,2026-08-18,CUST0249,Groceries,332.15,True,Evening
TXN02976,2026-08-18,CUST0254,Snacks,25.11,False,Evening
TXN02977,2026-08-18,CUST0257,Snacks,102.38,False,Morning
TXN02978,2026-08-18,CUST0263,Dairy,95.77,True,Afternoon
TXN02979,2026-08-18,CUST0269,Groceries,98.45,True,Afternoon
TXN02980,2026-08-18,CUST0279,Dairy,179.79,False,Morning
TXN02981,2026-08-18,CUST0285,Groceries,295.05,False,Afternoon
TXN02982,2026-08-18,CUST0289,Household,241.52,True,Afternoon
TXN02983,2026-08-18,CUST0290,Groceries,127.52,True,Evening
TXN02984,2026-08-18,CUST0293,Dairy,164.68,False,Morning
TXN02985,2026-08-18,CUST0298,Groceries,103.22,False,Morning
TXN02986,2026-08-18,CUST0305,Dairy,116.13,False,Afternoon
TXN02987,2026-08-18,CUST0314,Groceries,86.73,False,Evening
TXN02988,2026-08-18,CUST0321,Snacks,77.17,False,Evening
TXN02989,2026-08-18,CUST0323,Beverages,116.99,False,Afternoon
TXN02990,2026-08-18,CUST0332,Beverages,43.85,True,Afternoon
TXN02991,2026-08-18,CUST0336,Snacks,56.22,True,Afternoon
TXN02992,2026-08-18,CUST0338,Household,384.87,False,Afternoon
TXN02993,2026-08-18,CUST0343,Snacks,117.25,False,Evening
TXN02994,2026-08-18,CUST0346,Household,61.48,True,Afternoon
TXN02995,2026-08-18,CUST0347,Beverages,182.83,False,Morning
TXN02996,2026-08-18,CUST0349,Beverages,163.81,False,Afternoon
TXN02997,2026-08-18,CUST0351,Groceries,74.72,True,Morning
TXN02998,2026-08-18,CUST0353,Dairy,63.59,True,Evening
TXN02999,2026-08-18,CUST0357,Beverages,108.08,True,Evening
TXN03000,2026-08-18,CUST0362,Household,86.25,True,Morning
TXN03001,2026-08-18,CUST0365,Groceries,298.93,False,Morning
TXN03002,2026-08-18,CUST0369,Groceries,137.79,True,Evening
TXN03003,2026-08-18,CUST0378,Household,351.77,False,Afternoon
TXN03004,2026-08-18,CUST0379,Snacks,77.35,False,Afternoon
TXN03005,2026-08-18,CUST0387,Dairy,54.91,False,Afternoon
TXN03006,2026-08-18,CUST0389,Groceries,270.08,True,Evening
TXN03007,2026-08-18,CUST0397,Dairy,54.59,False,Morning
TXN03008,2026-08-18,CUST0398,Groceries,287.72,True,Morning
TXN03009,2026-08-18,CUST0410,Beverages,111.26,True,Morning
TXN03010,2026-08-18,CUST0421,Groceries,317.19,False,Morning
TXN03011,2026-08-18,CUST0427,Dairy,88.54,True,Afternoon
TXN03012,2026-08-18,CUST0436,Snacks,87.96,False,Evening
TXN03013,2026-08-18,CUST0449,Household,114.35,True,Morning
TXN03014,2026-08-18,CUST0451,Household,207.89,True,Evening
TXN03015,2026-08-18,CUST0454,Groceries,74.38,False,Morning
TXN03016,2026-08-18,CUST0457,Household,95.96,True,Afternoon
TXN03017,2026-08-18,CUST0459,Household,359.9,True,Afternoon
TXN03018,2026-08-18,CUST0461,Snacks,55.6,True,Evening
TXN03019,2026-08-18,CUST0462,Household,58.17,True,Evening
TXN03020,2026-08-18,CUST0463,Groceries,282.64,False,Afternoon
TXN03021,2026-08-18,CUST0481,Snacks,107.11,True,Afternoon
TXN03022,2026-08-18,CUST0489,Groceries,303.88,False,Morning
TXN03023,2026-08-18,CUST0490,Household,268.11,True,Morning
TXN03024,2026-08-18,CUST0492,Dairy,174.99,False,Evening
TXN03025,2026-08-18,CUST0520,Groceries,61.59,True,Afternoon
TXN03026,2026-08-18,CUST0525,Snacks,100.71,True,Morning
TXN03027,2026-08-18,CUST0527,Household,330.79,False,Afternoon
TXN03028,2026-08-18,CUST0528,Household,93.91,True,Evening
TXN03029,2026-08-18,CUST0533,Dairy,115.03,False,Evening
TXN03030,2026-08-18,CUST0539,Groceries,344.1,False,Afternoon
TXN03031,2026-08-18,CUST0545,Snacks,32.7,False,Evening
TXN03032,2026-08-18,CUST0546,Groceries,74.8,False,Morning
TXN03033,2026-08-18,CUST0570,Groceries,56.44,False,Afternoon
TXN03034,2026-08-18,CUST0574,Beverages,74.68,True,Afternoon
TXN03035,2026-08-18,CUST0587,Dairy,70.14,False,Morning
TXN03036,2026-08-18,CUST0589,Beverages,60.35,False,Afternoon
TXN03037,2026-08-18,CUST0591,Beverages,166.69,False,Evening
TXN03038,2026-08-18,CUST0598,Dairy,86.33,True,Afternoon
TXN03039,2026-08-18,CUST0602,Groceries,145.91,True,Morning
TXN03040,2026-08-18,CUST0605,Beverages,176.43,False,Evening
TXN03041,2026-08-18,CUST0612,Beverages,46.14,False,Afternoon
TXN03042,2026-08-18,CUST0614,Snacks,112.97,True,Evening
TXN03043,2026-08-19,CUST0015,Household,400.0,False,Afternoon
TXN03044,2026-08-19,CUST0027,Groceries,88.62,False,Evening
TXN03045,2026-08-19,CUST0031,Dairy,140.79,False,Morning
TXN03046,2026-08-19,CUST0038,Beverages,100.32,False,Evening
TXN03047,2026-08-19,CUST0052,Groceries,98.56,False,Morning
TXN03048,2026-08-19,CUST0058,Groceries,291.33,True,Morning
TXN03049,2026-08-19,CUST0068,Household,326.2,False,Afternoon
TXN03050,2026-08-19,CUST0076,Household,211.93,True,Afternoon
TXN03051,2026-08-19,CUST0088,Household,176.21,False,Afternoon
TXN03052,2026-08-19,CUST0093,Beverages,72.5,True,Afternoon
TXN03053,2026-08-19,CUST0097,Snacks,95.29,True,Afternoon
TXN03054,2026-08-19,CUST0098,Household,390.74,False,Morning
TXN03055,2026-08-19,CUST0102,Household,275.42,False,Evening
TXN03056,2026-08-19,CUST0111,Household,308.79,True,Afternoon
TXN03057,2026-08-19,CUST0113,Household,114.03,True,Afternoon
TXN03058,2026-08-19,CUST0116,Household,177.89,False,Evening
TXN03059,2026-08-19,CUST0124,Snacks,103.26,False,Afternoon
TXN03060,2026-08-19,CUST0130,Household,190.76,True,Afternoon
TXN03061,2026-08-19,CUST0153,Beverages,79.63,True,Evening
TXN03062,2026-08-19,CUST0170,Household,359.62,False,Afternoon
TXN03063,2026-08-19,CUST0172,Household,111.07,False,Evening
TXN03064,2026-08-19,CUST0179,Household,241.41,False,Morning
TXN03065,2026-08-19,CUST0181,Household,139.44,True,Evening
TXN03066,2026-08-19,CUST0202,Dairy,104.19,False,Evening
TXN03067,2026-08-19,CUST0214,Snacks,17.4,False,Morning
TXN03068,2026-08-19,CUST0215,Beverages,114.22,False,Evening
TXN03069,2026-08-19,CUST0221,Groceries,79.61,True,Morning
TXN03070,2026-08-19,CUST0242,Beverages,83.62,False,Morning
TXN03071,2026-08-19,CUST0252,Household,114.31,True,Afternoon
TXN03072,2026-08-19,CUST0256,Beverages,85.88,False,Evening
TXN03073,2026-08-19,CUST0262,Household,51.54,True,Evening
TXN03074,2026-08-19,CUST0263,Dairy,138.13,True,Afternoon
TXN03075,2026-08-19,CUST0275,Dairy,47.2,False,Evening
TXN03076,2026-08-19,CUST0280,Groceries,172.09,True,Afternoon
TXN03077,2026-08-19,CUST0283,Groceries,133.73,True,Morning
TXN03078,2026-08-19,CUST0286,Household,106.91,True,Afternoon
TXN03079,2026-08-19,CUST0287,Snacks,46.94,False,Evening
TXN03080,2026-08-19,CUST0300,Beverages,142.41,False,Evening
TXN03081,2026-08-19,CUST0310,Snacks,93.88,True,Afternoon
TXN03082,2026-08-19,CUST0317,Dairy,106.33,True,Afternoon
TXN03083,2026-08-19,CUST0334,Beverages,186.41,True,Morning
TXN03084,2026-08-19,CUST0339,Household,218.0,True,Morning
TXN03085,2026-08-19,CUST0343,Dairy,27.21,False,Evening
TXN03086,2026-08-19,CUST0359,Groceries,252.67,True,Morning
TXN03087,2026-08-19,CUST0362,Beverages,120.53,True,Morning
TXN03088,2026-08-19,CUST0369,Household,178.87,True,Evening
TXN03089,2026-08-19,CUST0376,Groceries,291.87,True,Evening
TXN03090,2026-08-19,CUST0389,Snacks,27.88,True,Evening
TXN03091,2026-08-19,CUST0391,Dairy,155.21,True,Evening
TXN03092,2026-08-19,CUST0399,Beverages,84.28,True,Evening
TXN03093,2026-08-19,CUST0400,Beverages,27.02,False,Afternoon
TXN03094,2026-08-19,CUST0403,Snacks,100.12,True,Afternoon
TXN03095,2026-08-19,CUST0418,Snacks,50.28,False,Morning
TXN03096,2026-08-19,CUST0426,Household,324.13,True,Evening
TXN03097,2026-08-19,CUST0441,Groceries,226.05,True,Evening
TXN03098,2026-08-19,CUST0445,Dairy,64.71,True,Morning
TXN03099,2026-08-19,CUST0447,Snacks,19.34,False,Afternoon
TXN03100,2026-08-19,CUST0448,Dairy,96.48,False,Afternoon
TXN03101,2026-08-19,CUST0457,Household,69.3,True,Afternoon
TXN03102,2026-08-19,CUST0475,Groceries,208.03,False,Afternoon
TXN03103,2026-08-19,CUST0485,Dairy,71.93,True,Morning
TXN03104,2026-08-19,CUST0490,Dairy,55.39,True,Morning
TXN03105,2026-08-19,CUST0498,Groceries,313.26,False,Evening
TXN03106,2026-08-19,CUST0507,Dairy,140.73,False,Evening
TXN03107,2026-08-19,CUST0510,Groceries,165.53,True,Morning
TXN03108,2026-08-19,CUST0511,Beverages,159.52,True,Morning
TXN03109,2026-08-19,CUST0519,Groceries,289.38,False,Evening
TXN03110,2026-08-19,CUST0526,Household,34.28,True,Afternoon
TXN03111,2026-08-19,CUST0532,Household,127.04,False,Morning
TXN03112,2026-08-19,CUST0540,Snacks,29.87,False,Evening
TXN03113,2026-08-19,CUST0542,Beverages,140.14,False,Morning
TXN03114,2026-08-19,CUST0550,Beverages,75.34,True,Morning
TXN03115,2026-08-19,CUST0555,Household,377.12,False,Evening
TXN03116,2026-08-19,CUST0566,Household,77.91,True,Afternoon
TXN03117,2026-08-19,CUST0568,Household,173.17,False,Evening
TXN03118,2026-08-19,CUST0583,Snacks,54.74,False,Evening
TXN03119,2026-08-19,CUST0588,Snacks,101.3,True,Morning
TXN03120,2026-08-19,CUST0589,Groceries,262.21,False,Afternoon
TXN03121,2026-08-19,CUST0591,Dairy,173.76,False,Evening
TXN03122,2026-08-19,CUST0596,Snacks,93.24,False,Afternoon
TXN03123,2026-08-19,CUST0602,Groceries,145.24,True,Morning
TXN03124,2026-08-19,CUST0608,Groceries,199.66,False,Evening
TXN03125,2026-08-19,CUST0615,Dairy,40.3,False,Afternoon
TXN03126,2026-08-19,CUST0617,Beverages,39.91,False,Morning
TXN03127,2026-08-20,CUST0009,Beverages,187.09,False,Afternoon
TXN03128,2026-08-20,CUST0014,Household,354.1,True,Evening
TXN03129,2026-08-20,CUST0018,Dairy,35.47,True,Evening
TXN03130,2026-08-20,CUST0021,Household,260.4,False,Morning
TXN03131,2026-08-20,CUST0025,Groceries,242.47,False,Afternoon
TXN03132,2026-08-20,CUST0043,Dairy,142.76,True,Evening
TXN03133,2026-08-20,CUST0046,Household,334.87,False,Evening
TXN03134,2026-08-20,CUST0047,Snacks,46.02,False,Evening
TXN03135,2026-08-20,CUST0050,Groceries,60.96,True,Afternoon
TXN03136,2026-08-20,CUST0053,Groceries,142.65,False,Afternoon
TXN03137,2026-08-20,CUST0060,Snacks,61.34,False,Evening
TXN03138,2026-08-20,CUST0064,Dairy,106.45,False,Morning
TXN03139,2026-08-20,CUST0075,Household,235.51,True,Evening
TXN03140,2026-08-20,CUST0076,Dairy,83.38,True,Afternoon
TXN03141,2026-08-20,CUST0081,Snacks,38.09,True,Morning
TXN03142,2026-08-20,CUST0122,Beverages,116.61,False,Afternoon
TXN03143,2026-08-20,CUST0123,Household,219.34,False,Morning
TXN03144,2026-08-20,CUST0124,Dairy,38.5,False,Afternoon
TXN03145,2026-08-20,CUST0126,Beverages,69.65,False,Evening
TXN03146,2026-08-20,CUST0129,Dairy,98.57,False,Morning
TXN03147,2026-08-20,CUST0133,Groceries,89.66,True,Afternoon
TXN03148,2026-08-20,CUST0140,Groceries,343.97,False,Afternoon
TXN03149,2026-08-20,CUST0157,Household,169.72,True,Morning
TXN03150,2026-08-20,CUST0158,Beverages,174.19,True,Afternoon
TXN03151,2026-08-20,CUST0172,Snacks,89.37,False,Evening
TXN03152,2026-08-20,CUST0174,Groceries,320.96,True,Evening
TXN03153,2026-08-20,CUST0180,Household,178.33,False,Afternoon
TXN03154,2026-08-20,CUST0182,Snacks,72.02,False,Morning
TXN03155,2026-08-20,CUST0184,Dairy,60.38,False,Evening
TXN03156,2026-08-20,CUST0186,Snacks,69.71,True,Afternoon
TXN03157,2026-08-20,CUST0195,Snacks,34.04,False,Afternoon
TXN03158,2026-08-20,CUST0196,Household,307.26,False,Morning
TXN03159,2026-08-20,CUST0207,Household,298.85,False,Morning
TXN03160,2026-08-20,CUST0216,Dairy,99.94,False,Afternoon
TXN03161,2026-08-20,CUST0219,Household,101.57,False,Afternoon
TXN03162,2026-08-20,CUST0231,Snacks,24.38,True,Evening
TXN03163,2026-08-20,CUST0245,Household,344.32,True,Evening
TXN03164,2026-08-20,CUST0247,Groceries,65.42,False,Afternoon
TXN03165,2026-08-20,CUST0251,Snacks,34.26,True,Morning
TXN03166,2026-08-20,CUST0254,Groceries,121.08,False,Evening
TXN03167,2026-08-20,CUST0256,Groceries,307.84,False,Evening
TXN03168,2026-08-20,CUST0265,Beverages,124.87,True,Evening
TXN03169,2026-08-20,CUST0279,Dairy,141.87,False,Morning
TXN03170,2026-08-20,CUST0292,Snacks,53.0,True,Morning
TXN03171,2026-08-20,CUST0294,Household,202.75,False,Afternoon
TXN03172,2026-08-20,CUST0295,Snacks,47.37,False,Evening
TXN03173,2026-08-20,CUST0301,Household,31.7,False,Evening
TXN03174,2026-08-20,CUST0310,Beverages,85.03,True,Afternoon
TXN03175,2026-08-20,CUST0321,Household,131.31,False,Evening
TXN03176,2026-08-20,CUST0323,Household,104.28,False,Afternoon
TXN03177,2026-08-20,CUST0341,Snacks,103.41,False,Morning
TXN03178,2026-08-20,CUST0349,Groceries,280.14,False,Afternoon
TXN03179,2026-08-20,CUST0353,Snacks,86.32,True,Evening
TXN03180,2026-08-20,CUST0359,Household,327.75,True,Morning
TXN03181,2026-08-20,CUST0364,Dairy,105.14,False,Morning
TXN03182,2026-08-20,CUST0365,Beverages,90.08,False,Morning
TXN03183,2026-08-20,CUST0369,Household,252.31,True,Evening
TXN03184,2026-08-20,CUST0371,Snacks,100.2,True,Afternoon
TXN03185,2026-08-20,CUST0376,Groceries,263.73,True,Evening
TXN03186,2026-08-20,CUST0380,Groceries,54.23,False,Morning
TXN03187,2026-08-20,CUST0388,Snacks,112.08,True,Afternoon
TXN03188,2026-08-20,CUST0400,Beverages,133.38,False,Afternoon
TXN03189,2026-08-20,CUST0403,Groceries,259.7,True,Afternoon
TXN03190,2026-08-20,CUST0406,Groceries,46.56,True,Evening
TXN03191,2026-08-20,CUST0412,Snacks,117.56,False,Evening
TXN03192,2026-08-20,CUST0423,Snacks,61.95,True,Morning
TXN03193,2026-08-20,CUST0427,Snacks,17.41,True,Afternoon
TXN03194,2026-08-20,CUST0432,Household,40.73,True,Evening
TXN03195,2026-08-20,CUST0436,Groceries,237.32,False,Evening
TXN03196,2026-08-20,CUST0447,Household,200.84,False,Afternoon
TXN03197,2026-08-20,CUST0459,Beverages,161.24,True,Afternoon
TXN03198,2026-08-20,CUST0487,Snacks,107.15,True,Morning
TXN03199,2026-08-20,CUST0491,Household,235.01,True,Afternoon
TXN03200,2026-08-20,CUST0511,Dairy,175.47,True,Morning
TXN03201,2026-08-20,CUST0514,Snacks,31.22,False,Morning
TXN03202,2026-08-20,CUST0519,Groceries,318.67,False,Evening
TXN03203,2026-08-20,CUST0524,Beverages,168.94,True,Evening
TXN03204,2026-08-20,CUST0529,Dairy,24.7,True,Evening
TXN03205,2026-08-20,CUST0534,Dairy,129.22,False,Morning
TXN03206,2026-08-20,CUST0535,Dairy,24.12,False,Afternoon
TXN03207,2026-08-20,CUST0536,Beverages,87.52,False,Afternoon
TXN03208,2026-08-20,CUST0537,Snacks,15.46,True,Afternoon
TXN03209,2026-08-20,CUST0538,Beverages,49.51,True,Evening
TXN03210,2026-08-20,CUST0542,Groceries,133.3,False,Morning
TXN03211,2026-08-20,CUST0545,Dairy,165.61,False,Evening
TXN03212,2026-08-20,CUST0556,Beverages,189.71,True,Afternoon
TXN03213,2026-08-20,CUST0564,Dairy,157.53,True,Evening
TXN03214,2026-08-20,CUST0566,Snacks,104.45,True,Afternoon
TXN03215,2026-08-20,CUST0568,Snacks,34.39,False,Evening
TXN03216,2026-08-20,CUST0575,Snacks,77.13,True,Morning
TXN03217,2026-08-20,CUST0577,Household,299.33,False,Afternoon
TXN03218,2026-08-20,CUST0595,Snacks,45.25,False,Morning
TXN03219,2026-08-20,CUST0597,Snacks,17.81,False,Evening
TXN03220,2026-08-20,CUST0604,Snacks,68.37,True,Afternoon
TXN03221,2026-08-20,CUST0605,Dairy,126.25,True,Evening
TXN03222,2026-08-20,CUST0616,Dairy,102.29,True,Morning
TXN03223,2026-08-21,CUST0002,Household,52.99,False,Morning
TXN03224,2026-08-21,CUST0014,Household,79.05,True,Evening
TXN03225,2026-08-21,CUST0018,Snacks,53.22,True,Evening
TXN03226,2026-08-21,CUST0025,Snacks,28.01,True,Afternoon
TXN03227,2026-08-21,CUST0027,Dairy,128.73,False,Evening
TXN03228,2026-08-21,CUST0029,Groceries,331.99,False,Afternoon
TXN03229,2026-08-21,CUST0033,Groceries,193.9,False,Evening
TXN03230,2026-08-21,CUST0035,Snacks,115.84,True,Morning
TXN03231,2026-08-21,CUST0043,Groceries,171.43,True,Evening
TXN03232,2026-08-21,CUST0045,Snacks,98.4,False,Morning
TXN03233,2026-08-21,CUST0050,Beverages,87.32,True,Afternoon
TXN03234,2026-08-21,CUST0053,Beverages,98.04,True,Afternoon
TXN03235,2026-08-21,CUST0056,Snacks,86.45,True,Afternoon
TXN03236,2026-08-21,CUST0064,Beverages,144.29,True,Morning
TXN03237,2026-08-21,CUST0065,Household,43.34,False,Morning
TXN03238,2026-08-21,CUST0073,Snacks,97.96,True,Morning
TXN03239,2026-08-21,CUST0075,Snacks,103.33,True,Evening
TXN03240,2026-08-21,CUST0076,Snacks,20.09,True,Afternoon
TXN03241,2026-08-21,CUST0077,Dairy,133.22,False,Evening
TXN03242,2026-08-21,CUST0081,Groceries,246.36,True,Morning
TXN03243,2026-08-21,CUST0087,Beverages,132.61,True,Afternoon
TXN03244,2026-08-21,CUST0098,Groceries,208.54,False,Morning
TXN03245,2026-08-21,CUST0101,Dairy,138.86,False,Afternoon
TXN03246,2026-08-21,CUST0108,Household,269.85,True,Afternoon
TXN03247,2026-08-21,CUST0110,Household,251.73,True,Evening
TXN03248,2026-08-21,CUST0136,Beverages,73.85,False,Evening
TXN03249,2026-08-21,CUST0140,Beverages,189.28,False,Afternoon
TXN03250,2026-08-21,CUST0149,Beverages,56.86,True,Afternoon
TXN03251,2026-08-21,CUST0158,Groceries,110.23,True,Afternoon
TXN03252,2026-08-21,CUST0172,Snacks,97.66,False,Evening
TXN03253,2026-08-21,CUST0201,Household,69.73,False,Morning
TXN03254,2026-08-21,CUST0206,Groceries,130.47,False,Afternoon
TXN03255,2026-08-21,CUST0207,Beverages,100.48,False,Morning
TXN03256,2026-08-21,CUST0211,Dairy,72.13,True,Afternoon
TXN03257,2026-08-21,CUST0212,Beverages,85.83,False,Afternoon
TXN03258,2026-08-21,CUST0213,Snacks,57.93,False,Morning
TXN03259,2026-08-21,CUST0230,Household,278.5,True,Afternoon
TXN03260,2026-08-21,CUST0231,Snacks,28.53,True,Evening
TXN03261,2026-08-21,CUST0240,Dairy,40.31,True,Evening
TXN03262,2026-08-21,CUST0252,Dairy,76.22,True,Afternoon
TXN03263,2026-08-21,CUST0254,Snacks,37.63,False,Evening
TXN03264,2026-08-21,CUST0257,Snacks,113.93,False,Morning
TXN03265,2026-08-21,CUST0258,Household,207.28,False,Morning
TXN03266,2026-08-21,CUST0262,Groceries,43.36,True,Evening
TXN03267,2026-08-21,CUST0265,Beverages,127.84,True,Evening
TXN03268,2026-08-21,CUST0267,Household,70.79,False,Afternoon
TXN03269,2026-08-21,CUST0271,Dairy,33.23,False,Morning
TXN03270,2026-08-21,CUST0272,Snacks,41.14,False,Afternoon
TXN03271,2026-08-21,CUST0277,Dairy,52.2,False,Afternoon
TXN03272,2026-08-21,CUST0278,Household,388.17,False,Evening
TXN03273,2026-08-21,CUST0280,Dairy,60.09,True,Afternoon
TXN03274,2026-08-21,CUST0289,Snacks,26.84,True,Afternoon
TXN03275,2026-08-21,CUST0296,Beverages,25.48,True,Morning
TXN03276,2026-08-21,CUST0297,Groceries,341.16,False,Afternoon
TXN03277,2026-08-21,CUST0298,Beverages,40.98,False,Morning
TXN03278,2026-08-21,CUST0322,Groceries,258.94,False,Evening
TXN03279,2026-08-21,CUST0324,Dairy,83.35,True,Morning
TXN03280,2026-08-21,CUST0331,Groceries,134.42,False,Evening
TXN03281,2026-08-21,CUST0334,Snacks,72.16,True,Morning
TXN03282,2026-08-21,CUST0336,Dairy,50.46,True,Afternoon
TXN03283,2026-08-21,CUST0340,Dairy,21.04,False,Evening
TXN03284,2026-08-21,CUST0344,Groceries,40.9,False,Morning
TXN03285,2026-08-21,CUST0347,Snacks,39.5,False,Morning
TXN03286,2026-08-21,CUST0349,Dairy,35.34,False,Afternoon
TXN03287,2026-08-21,CUST0354,Dairy,74.56,True,Afternoon
TXN03288,2026-08-21,CUST0371,Beverages,41.52,False,Afternoon
TXN03289,2026-08-21,CUST0375,Groceries,344.12,False,Morning
TXN03290,2026-08-21,CUST0400,Snacks,74.95,False,Afternoon
TXN03291,2026-08-21,CUST0403,Household,345.42,False,Afternoon
TXN03292,2026-08-21,CUST0405,Snacks,56.16,True,Evening
TXN03293,2026-08-21,CUST0412,Dairy,85.71,False,Evening
TXN03294,2026-08-21,CUST0419,Beverages,101.32,False,Morning
TXN03295,2026-08-21,CUST0421,Groceries,48.18,False,Morning
TXN03296,2026-08-21,CUST0427,Snacks,103.65,True,Afternoon
TXN03297,2026-08-21,CUST0430,Dairy,179.15,False,Evening
TXN03298,2026-08-21,CUST0433,Groceries,146.86,False,Afternoon
TXN03299,2026-08-21,CUST0441,Beverages,106.23,True,Evening
TXN03300,2026-08-21,CUST0444,Beverages,83.77,True,Evening
TXN03301,2026-08-21,CUST0456,Beverages,168.05,True,Evening
TXN03302,2026-08-21,CUST0472,Snacks,26.11,True,Afternoon
TXN03303,2026-08-21,CUST0494,Dairy,79.65,True,Evening
TXN03304,2026-08-21,CUST0497,Dairy,143.68,True,Afternoon
TXN03305,2026-08-21,CUST0499,Household,360.06,False,Morning
TXN03306,2026-08-21,CUST0508,Snacks,40.09,True,Evening
TXN03307,2026-08-21,CUST0513,Household,226.24,False,Morning
TXN03308,2026-08-21,CUST0520,Dairy,28.52,True,Afternoon
TXN03309,2026-08-21,CUST0525,Dairy,109.36,True,Morning
TXN03310,2026-08-21,CUST0532,Dairy,41.99,False,Morning
TXN03311,2026-08-21,CUST0538,Dairy,110.83,True,Evening
TXN03312,2026-08-21,CUST0550,Snacks,36.4,False,Morning
TXN03313,2026-08-21,CUST0554,Dairy,100.46,True,Evening
TXN03314,2026-08-21,CUST0555,Snacks,66.97,False,Evening
TXN03315,2026-08-21,CUST0556,Beverages,49.63,False,Afternoon
TXN03316,2026-08-21,CUST0561,Beverages,147.82,True,Morning
TXN03317,2026-08-21,CUST0564,Beverages,69.9,True,Evening
TXN03318,2026-08-21,CUST0565,Beverages,91.07,True,Afternoon
TXN03319,2026-08-21,CUST0567,Beverages,118.99,True,Evening
TXN03320,2026-08-21,CUST0575,Groceries,44.85,True,Morning
TXN03321,2026-08-21,CUST0582,Groceries,73.11,False,Morning
TXN03322,2026-08-21,CUST0584,Beverages,178.53,False,Afternoon
TXN03323,2026-08-21,CUST0589,Dairy,142.03,False,Afternoon
TXN03324,2026-08-21,CUST0598,Groceries,140.73,True,Afternoon
TXN03325,2026-08-21,CUST0602,Groceries,309.9,True,Morning
TXN03326,2026-08-21,CUST0612,Dairy,173.84,False,Afternoon
TXN03327,2026-08-22,CUST0001,Groceries,272.73,True,Evening
TXN03328,2026-08-22,CUST0005,Beverages,187.04,True,Afternoon
TXN03329,2026-08-22,CUST0010,Dairy,168.21,True,Evening
TXN03330,2026-08-22,CUST0015,Dairy,73.97,False,Afternoon
TXN03331,2026-08-22,CUST0020,Dairy,46.47,False,Evening
TXN03332,2026-08-22,CUST0025,Beverages,84.05,True,Afternoon
TXN03333,2026-08-22,CUST0030,Dairy,127.86,True,Evening
TXN03334,2026-08-22,CUST0033,Snacks,117.96,True,Evening
TXN03335,2026-08-22,CUST0039,Beverages,42.31,False,Morning
TXN03336,2026-08-22,CUST0043,Snacks,33.66,True,Evening
TXN03337,2026-08-22,CUST0045,Beverages,175.99,True,Morning
TXN03338,2026-08-22,CUST0046,Snacks,31.8,False,Evening
TXN03339,2026-08-22,CUST0053,Beverages,193.26,True,Afternoon
TXN03340,2026-08-22,CUST0056,Groceries,128.2,True,Afternoon
TXN03341,2026-08-22,CUST0058,Groceries,296.94,True,Morning
TXN03342,2026-08-22,CUST0059,Household,141.73,True,Morning
TXN03343,2026-08-22,CUST0072,Dairy,170.32,False,Evening
TXN03344,2026-08-22,CUST0079,Household,145.5,True,Morning
TXN03345,2026-08-22,CUST0081,Snacks,35.1,True,Morning
TXN03346,2026-08-22,CUST0085,Groceries,200.39,False,Evening
TXN03347,2026-08-22,CUST0087,Snacks,57.28,True,Afternoon
TXN03348,2026-08-22,CUST0094,Dairy,43.61,False,Evening
TXN03349,2026-08-22,CUST0098,Household,206.35,False,Morning
TXN03350,2026-08-22,CUST0102,Dairy,70.1,False,Evening
TXN03351,2026-08-22,CUST0106,Beverages,99.18,True,Afternoon
TXN03352,2026-08-22,CUST0109,Dairy,119.05,True,Afternoon
TXN03353,2026-08-22,CUST0126,Snacks,33.74,False,Evening
TXN03354,2026-08-22,CUST0129,Dairy,131.83,False,Morning
TXN03355,2026-08-22,CUST0165,Household,269.8,False,Evening
TXN03356,2026-08-22,CUST0193,Groceries,292.68,False,Evening
TXN03357,2026-08-22,CUST0196,Household,168.73,False,Morning
TXN03358,2026-08-22,CUST0210,Groceries,113.68,False,Evening
TXN03359,2026-08-22,CUST0220,Snacks,76.18,True,Evening
TXN03360,2026-08-22,CUST0221,Dairy,133.28,True,Morning
TXN03361,2026-08-22,CUST0231,Household,214.22,True,Evening
TXN03362,2026-08-22,CUST0241,Groceries,192.28,True,Afternoon
TXN03363,2026-08-22,CUST0256,Beverages,44.61,False,Evening
TXN03364,2026-08-22,CUST0272,Dairy,90.6,False,Afternoon
TXN03365,2026-08-22,CUST0278,Groceries,134.8,False,Evening
TXN03366,2026-08-22,CUST0280,Groceries,318.28,False,Afternoon
TXN03367,2026-08-22,CUST0290,Dairy,150.25,True,Evening
TXN03368,2026-08-22,CUST0292,Household,140.2,False,Morning
TXN03369,2026-08-22,CUST0300,Groceries,178.8,False,Evening
TXN03370,2026-08-22,CUST0301,Snacks,117.11,False,Evening
TXN03371,2026-08-22,CUST0302,Beverages,107.35,True,Afternoon
TXN03372,2026-08-22,CUST0310,Dairy,174.02,True,Afternoon
TXN03373,2026-08-22,CUST0316,Groceries,167.52,False,Evening
TXN03374,2026-08-22,CUST0317,Groceries,289.48,True,Afternoon
TXN03375,2026-08-22,CUST0321,Groceries,112.67,False,Evening
TXN03376,2026-08-22,CUST0326,Household,311.14,False,Evening
TXN03377,2026-08-22,CUST0334,Groceries,191.63,True,Morning
TXN03378,2026-08-22,CUST0349,Household,201.95,False,Afternoon
TXN03379,2026-08-22,CUST0361,Snacks,27.28,False,Evening
TXN03380,2026-08-22,CUST0374,Beverages,140.03,True,Evening
TXN03381,2026-08-22,CUST0376,Groceries,147.83,True,Evening
TXN03382,2026-08-22,CUST0379,Beverages,43.56,False,Afternoon
TXN03383,2026-08-22,CUST0388,Dairy,113.36,True,Afternoon
TXN03384,2026-08-22,CUST0391,Household,114.32,True,Evening
TXN03385,2026-08-22,CUST0399,Beverages,139.93,True,Evening
TXN03386,2026-08-22,CUST0409,Beverages,148.94,True,Afternoon
TXN03387,2026-08-22,CUST0419,Groceries,276.31,False,Morning
TXN03388,2026-08-22,CUST0420,Groceries,181.21,True,Morning
TXN03389,2026-08-22,CUST0423,Beverages,79.31,True,Morning
TXN03390,2026-08-22,CUST0424,Groceries,282.51,False,Afternoon
TXN03391,2026-08-22,CUST0426,Household,165.81,True,Evening
TXN03392,2026-08-22,CUST0431,Snacks,72.95,False,Afternoon
TXN03393,2026-08-22,CUST0433,Household,125.13,False,Afternoon
TXN03394,2026-08-22,CUST0436,Snacks,46.56,False,Evening
TXN03395,2026-08-22,CUST0442,Groceries,343.7,True,Afternoon
TXN03396,2026-08-22,CUST0444,Dairy,45.12,True,Evening
TXN03397,2026-08-22,CUST0445,Snacks,84.26,True,Morning
TXN03398,2026-08-22,CUST0448,Household,273.98,False,Afternoon
TXN03399,2026-08-22,CUST0456,Dairy,122.25,True,Evening
TXN03400,2026-08-22,CUST0486,Snacks,77.44,True,Morning
TXN03401,2026-08-22,CUST0488,Snacks,40.41,False,Afternoon
TXN03402,2026-08-22,CUST0492,Household,328.24,False,Evening
TXN03403,2026-08-22,CUST0494,Snacks,37.05,True,Evening
TXN03404,2026-08-22,CUST0495,Dairy,52.88,False,Evening
TXN03405,2026-08-22,CUST0496,Snacks,42.07,True,Morning
TXN03406,2026-08-22,CUST0497,Groceries,238.42,True,Afternoon
TXN03407,2026-08-22,CUST0498,Groceries,116.83,False,Evening
TXN03408,2026-08-22,CUST0502,Dairy,48.25,False,Morning
TXN03409,2026-08-22,CUST0525,Groceries,205.52,True,Morning
TXN03410,2026-08-22,CUST0527,Snacks,71.21,False,Afternoon
TXN03411,2026-08-22,CUST0532,Groceries,123.61,False,Morning
TXN03412,2026-08-22,CUST0537,Dairy,41.37,True,Afternoon
TXN03413,2026-08-22,CUST0542,Snacks,106.97,False,Morning
TXN03414,2026-08-22,CUST0543,Beverages,30.3,False,Afternoon
TXN03415,2026-08-22,CUST0544,Household,146.98,True,Morning
TXN03416,2026-08-22,CUST0555,Dairy,64.88,False,Evening
TXN03417,2026-08-22,CUST0564,Household,134.46,True,Evening
TXN03418,2026-08-22,CUST0569,Snacks,72.37,True,Afternoon
TXN03419,2026-08-22,CUST0584,Groceries,314.65,False,Afternoon
TXN03420,2026-08-22,CUST0592,Household,52.37,True,Morning
TXN03421,2026-08-22,CUST0600,Dairy,77.69,False,Morning
TXN03422,2026-08-22,CUST0604,Household,316.33,True,Afternoon
TXN03423,2026-08-22,CUST0619,Dairy,88.38,False,Afternoon
TXN03424,2026-08-23,CUST0014,Dairy,136.1,True,Evening
TXN03425,2026-08-23,CUST0025,Dairy,115.95,True,Afternoon
TXN03426,2026-08-23,CUST0029,Household,369.71,False,Afternoon
TXN03427,2026-08-23,CUST0031,Snacks,117.74,False,Morning
TXN03428,2026-08-23,CUST0039,Groceries,339.1,False,Morning
TXN03429,2026-08-23,CUST0046,Snacks,86.31,False,Evening
TXN03430,2026-08-23,CUST0059,Snacks,37.79,True,Morning
TXN03431,2026-08-23,CUST0072,Groceries,82.77,False,Evening
TXN03432,2026-08-23,CUST0073,Household,309.94,True,Morning
TXN03433,2026-08-23,CUST0086,Snacks,65.02,True,Evening
TXN03434,2026-08-23,CUST0087,Dairy,20.69,True,Afternoon
TXN03435,2026-08-23,CUST0088,Beverages,104.31,False,Afternoon
TXN03436,2026-08-23,CUST0089,Beverages,197.93,False,Evening
TXN03437,2026-08-23,CUST0096,Dairy,117.97,False,Afternoon
TXN03438,2026-08-23,CUST0110,Dairy,85.92,True,Evening
TXN03439,2026-08-23,CUST0111,Groceries,186.34,True,Afternoon
TXN03440,2026-08-23,CUST0114,Dairy,171.0,False,Morning
TXN03441,2026-08-23,CUST0119,Beverages,199.29,True,Evening
TXN03442,2026-08-23,CUST0122,Dairy,32.06,False,Afternoon
TXN03443,2026-08-23,CUST0129,Snacks,61.78,False,Morning
TXN03444,2026-08-23,CUST0140,Snacks,16.24,False,Afternoon
TXN03445,2026-08-23,CUST0145,Household,219.9,False,Afternoon
TXN03446,2026-08-23,CUST0154,Snacks,75.38,False,Morning
TXN03447,2026-08-23,CUST0165,Household,383.51,True,Evening
TXN03448,2026-08-23,CUST0169,Dairy,124.21,True,Afternoon
TXN03449,2026-08-23,CUST0181,Beverages,183.24,True,Evening
TXN03450,2026-08-23,CUST0202,Household,268.88,False,Evening
TXN03451,2026-08-23,CUST0215,Dairy,64.6,False,Evening
TXN03452,2026-08-23,CUST0216,Groceries,173.66,False,Afternoon
TXN03453,2026-08-23,CUST0227,Groceries,189.57,False,Afternoon
TXN03454,2026-08-23,CUST0230,Beverages,171.65,True,Afternoon
TXN03455,2026-08-23,CUST0247,Household,359.68,False,Afternoon
TXN03456,2026-08-23,CUST0252,Snacks,63.07,True,Afternoon
TXN03457,2026-08-23,CUST0258,Household,170.84,False,Morning
TXN03458,2026-08-23,CUST0259,Beverages,162.28,False,Afternoon
TXN03459,2026-08-23,CUST0269,Snacks,22.68,False,Afternoon
TXN03460,2026-08-23,CUST0288,Snacks,113.56,True,Afternoon
TXN03461,2026-08-23,CUST0292,Groceries,283.02,True,Morning
TXN03462,2026-08-23,CUST0293,Household,396.98,False,Morning
TXN03463,2026-08-23,CUST0320,Dairy,98.25,False,Morning
TXN03464,2026-08-23,CUST0323,Groceries,265.0,False,Afternoon
TXN03465,2026-08-23,CUST0326,Dairy,133.41,True,Evening
TXN03466,2026-08-23,CUST0327,Dairy,41.82,False,Evening
TXN03467,2026-08-23,CUST0334,Snacks,74.13,True,Morning
TXN03468,2026-08-23,CUST0337,Dairy,125.89,True,Afternoon
TXN03469,2026-08-23,CUST0356,Groceries,164.58,True,Evening
TXN03470,2026-08-23,CUST0371,Snacks,28.2,True,Afternoon
TXN03471,2026-08-23,CUST0379,Snacks,21.51,False,Afternoon
TXN03472,2026-08-23,CUST0383,Beverages,112.72,False,Morning
TXN03473,2026-08-23,CUST0387,Household,58.49,False,Afternoon
TXN03474,2026-08-23,CUST0390,Beverages,54.78,True,Afternoon
TXN03475,2026-08-23,CUST0396,Household,326.15,True,Morning
TXN03476,2026-08-23,CUST0399,Groceries,116.18,True,Evening
TXN03477,2026-08-23,CUST0400,Dairy,28.9,False,Afternoon
TXN03478,2026-08-23,CUST0401,Dairy,179.97,True,Morning
TXN03479,2026-08-23,CUST0406,Beverages,71.0,True,Evening
TXN03480,2026-08-23,CUST0412,Snacks,52.33,False,Evening
TXN03481,2026-08-23,CUST0426,Beverages,104.85,False,Evening
TXN03482,2026-08-23,CUST0435,Beverages,149.61,True,Afternoon
TXN03483,2026-08-23,CUST0442,Household,364.46,True,Afternoon
TXN03484,2026-08-23,CUST0465,Household,238.9,False,Morning
TXN03485,2026-08-23,CUST0468,Groceries,80.65,False,Afternoon
TXN03486,2026-08-23,CUST0471,Groceries,250.7,False,Afternoon
TXN03487,2026-08-23,CUST0476,Beverages,192.14,True,Evening
TXN03488,2026-08-23,CUST0491,Groceries,69.09,True,Afternoon
TXN03489,2026-08-23,CUST0495,Snacks,18.83,False,Evening
TXN03490,2026-08-23,CUST0496,Dairy,137.09,True,Morning
TXN03491,2026-08-23,CUST0499,Snacks,16.52,False,Morning
TXN03492,2026-08-23,CUST0500,Household,146.14,False,Evening
TXN03493,2026-08-23,CUST0511,Snacks,53.75,True,Morning
TXN03494,2026-08-23,CUST0513,Dairy,170.67,False,Morning
TXN03495,2026-08-23,CUST0520,Snacks,15.41,False,Afternoon
TXN03496,2026-08-23,CUST0521,Groceries,321.26,False,Evening
TXN03497,2026-08-23,CUST0522,Household,65.59,True,Evening
TXN03498,2026-08-23,CUST0527,Household,205.64,False,Afternoon
TXN03499,2026-08-23,CUST0539,Household,376.92,False,Afternoon
TXN03500,2026-08-23,CUST0540,Household,180.33,True,Evening
TXN03501,2026-08-23,CUST0543,Beverages,155.37,False,Afternoon
TXN03502,2026-08-23,CUST0548,Groceries,147.18,False,Morning
TXN03503,2026-08-23,CUST0550,Snacks,102.2,True,Morning
TXN03504,2026-08-23,CUST0553,Beverages,174.57,False,Afternoon
TXN03505,2026-08-23,CUST0561,Beverages,37.23,True,Morning
TXN03506,2026-08-23,CUST0577,Groceries,170.64,False,Afternoon
TXN03507,2026-08-23,CUST0580,Household,346.86,True,Morning
TXN03508,2026-08-23,CUST0582,Groceries,262.31,False,Morning
TXN03509,2026-08-23,CUST0584,Snacks,107.04,False,Afternoon
TXN03510,2026-08-23,CUST0587,Dairy,139.8,False,Morning
TXN03511,2026-08-23,CUST0592,Groceries,235.78,True,Morning
TXN03512,2026-08-23,CUST0593,Household,177.25,False,Evening
TXN03513,2026-08-23,CUST0597,Beverages,182.93,False,Evening
TXN03514,2026-08-23,CUST0601,Dairy,50.14,False,Morning
TXN03515,2026-08-23,CUST0604,Beverages,32.59,True,Afternoon
TXN03516,2026-08-23,CUST0607,Beverages,152.9,True,Afternoon
TXN03517,2026-08-23,CUST0618,Snacks,43.79,True,Afternoon
TXN03518,2026-08-23,CUST0619,Dairy,133.88,False,Afternoon
TXN03519,2026-08-24,CUST0011,Groceries,184.32,False,Morning
TXN03520,2026-08-24,CUST0015,Beverages,89.13,False,Afternoon
TXN03521,2026-08-24,CUST0026,Dairy,132.85,True,Evening
TXN03522,2026-08-24,CUST0033,Beverages,52.96,False,Evening
TXN03523,2026-08-24,CUST0034,Groceries,267.03,True,Morning
TXN03524,2026-08-24,CUST0040,Household,176.7,True,Morning
TXN03525,2026-08-24,CUST0041,Dairy,169.71,True,Afternoon
TXN03526,2026-08-24,CUST0050,Beverages,161.35,True,Afternoon
TXN03527,2026-08-24,CUST0054,Dairy,46.59,False,Afternoon
TXN03528,2026-08-24,CUST0056,Snacks,74.62,True,Afternoon
TXN03529,2026-08-24,CUST0058,Household,280.44,True,Morning
TXN03530,2026-08-24,CUST0061,Beverages,106.87,False,Morning
TXN03531,2026-08-24,CUST0068,Household,217.14,False,Afternoon
TXN03532,2026-08-24,CUST0077,Beverages,135.91,False,Evening
TXN03533,2026-08-24,CUST0080,Snacks,110.07,False,Afternoon
TXN03534,2026-08-24,CUST0081,Snacks,50.22,True,Morning
TXN03535,2026-08-24,CUST0089,Dairy,72.38,False,Evening
TXN03536,2026-08-24,CUST0111,Groceries,330.58,True,Afternoon
TXN03537,2026-08-24,CUST0126,Snacks,78.43,False,Evening
TXN03538,2026-08-24,CUST0139,Snacks,43.67,True,Evening
TXN03539,2026-08-24,CUST0148,Household,185.71,False,Evening
TXN03540,2026-08-24,CUST0149,Dairy,123.26,True,Afternoon
TXN03541,2026-08-24,CUST0161,Household,109.57,False,Evening
TXN03542,2026-08-24,CUST0164,Dairy,58.47,False,Morning
TXN03543,2026-08-24,CUST0165,Dairy,54.6,False,Evening
TXN03544,2026-08-24,CUST0172,Beverages,56.05,False,Evening
TXN03545,2026-08-24,CUST0174,Dairy,39.55,True,Evening
TXN03546,2026-08-24,CUST0178,Snacks,78.46,False,Afternoon
TXN03547,2026-08-24,CUST0181,Household,209.8,True,Evening
TXN03548,2026-08-24,CUST0184,Groceries,253.98,False,Evening
TXN03549,2026-08-24,CUST0194,Snacks,104.24,False,Evening
TXN03550,2026-08-24,CUST0197,Beverages,184.19,True,Afternoon
TXN03551,2026-08-24,CUST0199,Snacks,90.47,True,Evening
TXN03552,2026-08-24,CUST0201,Groceries,318.35,False,Morning
TXN03553,2026-08-24,CUST0209,Beverages,66.55,False,Afternoon
TXN03554,2026-08-24,CUST0212,Beverages,188.29,True,Afternoon
TXN03555,2026-08-24,CUST0215,Dairy,46.84,False,Evening
TXN03556,2026-08-24,CUST0218,Beverages,177.33,True,Morning
TXN03557,2026-08-24,CUST0220,Dairy,42.21,True,Evening
TXN03558,2026-08-24,CUST0226,Dairy,34.12,False,Morning
TXN03559,2026-08-24,CUST0227,Household,202.91,False,Afternoon
TXN03560,2026-08-24,CUST0235,Groceries,164.28,True,Morning
TXN03561,2026-08-24,CUST0236,Household,395.27,False,Morning
TXN03562,2026-08-24,CUST0242,Snacks,25.06,False,Morning
TXN03563,2026-08-24,CUST0249,Groceries,230.59,True,Evening
TXN03564,2026-08-24,CUST0258,Beverages,116.33,False,Morning
TXN03565,2026-08-24,CUST0260,Snacks,17.88,True,Morning
TXN03566,2026-08-24,CUST0285,Household,364.02,False,Afternoon
TXN03567,2026-08-24,CUST0292,Groceries,76.52,True,Morning
TXN03568,2026-08-24,CUST0294,Snacks,26.33,False,Afternoon
TXN03569,2026-08-24,CUST0297,Groceries,172.43,False,Afternoon
TXN03570,2026-08-24,CUST0298,Household,227.64,False,Morning
TXN03571,2026-08-24,CUST0299,Beverages,129.39,True,Morning
TXN03572,2026-08-24,CUST0300,Groceries,164.38,False,Evening
TXN03573,2026-08-24,CUST0301,Household,266.07,False,Evening
TXN03574,2026-08-24,CUST0305,Groceries,182.88,False,Afternoon
TXN03575,2026-08-24,CUST0314,Groceries,90.69,False,Evening
TXN03576,2026-08-24,CUST0320,Snacks,72.02,False,Morning
TXN03577,2026-08-24,CUST0321,Dairy,106.79,False,Evening
TXN03578,2026-08-24,CUST0323,Groceries,323.31,False,Afternoon
TXN03579,2026-08-24,CUST0324,Snacks,101.2,True,Morning
TXN03580,2026-08-24,CUST0334,Household,44.43,True,Morning
TXN03581,2026-08-24,CUST0342,Dairy,126.48,True,Afternoon
TXN03582,2026-08-24,CUST0357,Snacks,70.03,True,Evening
TXN03583,2026-08-24,CUST0363,Beverages,178.37,False,Afternoon
TXN03584,2026-08-24,CUST0364,Snacks,88.56,False,Morning
TXN03585,2026-08-24,CUST0369,Beverages,67.47,True,Evening
TXN03586,2026-08-24,CUST0398,Household,263.38,True,Morning
TXN03587,2026-08-24,CUST0399,Household,101.94,True,Evening
TXN03588,2026-08-24,CUST0400,Snacks,87.57,False,Afternoon
TXN03589,2026-08-24,CUST0401,Snacks,56.83,True,Morning
TXN03590,2026-08-24,CUST0406,Dairy,147.95,True,Evening
TXN03591,2026-08-24,CUST0421,Groceries,184.83,False,Morning
TXN03592,2026-08-24,CUST0429,Beverages,118.01,True,Afternoon
TXN03593,2026-08-24,CUST0435,Beverages,44.47,False,Afternoon
TXN03594,2026-08-24,CUST0439,Snacks,84.37,False,Afternoon
TXN03595,2026-08-24,CUST0444,Household,299.52,True,Evening
TXN03596,2026-08-24,CUST0451,Dairy,156.65,True,Evening
TXN03597,2026-08-24,CUST0456,Beverages,63.54,True,Evening
TXN03598,2026-08-24,CUST0466,Groceries,47.97,False,Evening
TXN03599,2026-08-24,CUST0483,Household,302.46,True,Morning
TXN03600,2026-08-24,CUST0485,Beverages,134.66,True,Morning
TXN03601,2026-08-24,CUST0488,Dairy,147.84,False,Afternoon
TXN03602,2026-08-24,CUST0495,Groceries,303.35,False,Evening
TXN03603,2026-08-24,CUST0497,Beverages,26.57,True,Afternoon
TXN03604,2026-08-24,CUST0498,Groceries,83.03,False,Evening
TXN03605,2026-08-24,CUST0500,Groceries,40.51,True,Evening
TXN03606,2026-08-24,CUST0511,Dairy,29.61,True,Morning
TXN03607,2026-08-24,CUST0512,Beverages,120.9,True,Afternoon
TXN03608,2026-08-24,CUST0513,Household,258.84,False,Morning
TXN03609,2026-08-24,CUST0520,Groceries,240.67,True,Afternoon
TXN03610,2026-08-24,CUST0524,Household,112.45,True,Evening
TXN03611,2026-08-24,CUST0531,Snacks,92.69,False,Morning
TXN03612,2026-08-24,CUST0542,Dairy,24.59,False,Morning
TXN03613,2026-08-24,CUST0549,Household,190.78,True,Evening
TXN03614,2026-08-24,CUST0553,Snacks,91.63,False,Afternoon
TXN03615,2026-08-24,CUST0559,Dairy,74.56,False,Morning
TXN03616,2026-08-24,CUST0569,Beverages,98.35,True,Afternoon
TXN03617,2026-08-24,CUST0575,Dairy,33.93,True,Morning
TXN03618,2026-08-24,CUST0582,Groceries,311.7,False,Morning
TXN03619,2026-08-24,CUST0583,Snacks,51.25,False,Evening
TXN03620,2026-08-24,CUST0591,Snacks,82.3,False,Evening
TXN03621,2026-08-24,CUST0596,Household,297.41,False,Afternoon
TXN03622,2026-08-24,CUST0619,Household,328.01,False,Afternoon
TXN03623,2026-08-25,CUST0005,Snacks,74.07,True,Afternoon
TXN03624,2026-08-25,CUST0015,Groceries,294.18,False,Afternoon
TXN03625,2026-08-25,CUST0018,Groceries,58.24,True,Evening
TXN03626,2026-08-25,CUST0019,Beverages,150.04,False,Afternoon
TXN03627,2026-08-25,CUST0040,Groceries,198.45,True,Morning
TXN03628,2026-08-25,CUST0045,Beverages,112.18,True,Morning
TXN03629,2026-08-25,CUST0052,Dairy,130.65,False,Morning
TXN03630,2026-08-25,CUST0053,Groceries,260.69,True,Afternoon
TXN03631,2026-08-25,CUST0057,Dairy,52.37,False,Morning
TXN03632,2026-08-25,CUST0076,Dairy,129.46,True,Afternoon
TXN03633,2026-08-25,CUST0093,Beverages,44.39,True,Afternoon
TXN03634,2026-08-25,CUST0098,Groceries,83.31,False,Morning
TXN03635,2026-08-25,CUST0103,Beverages,153.03,False,Evening
TXN03636,2026-08-25,CUST0106,Groceries,103.79,True,Afternoon
TXN03637,2026-08-25,CUST0112,Groceries,84.41,False,Evening
TXN03638,2026-08-25,CUST0119,Groceries,271.37,True,Evening
TXN03639,2026-08-25,CUST0122,Household,384.9,False,Afternoon
TXN03640,2026-08-25,CUST0133,Beverages,82.26,True,Afternoon
TXN03641,2026-08-25,CUST0136,Dairy,138.48,True,Evening
TXN03642,2026-08-25,CUST0141,Beverages,56.63,False,Afternoon
TXN03643,2026-08-25,CUST0168,Groceries,340.25,True,Afternoon
TXN03644,2026-08-25,CUST0177,Groceries,195.65,True,Afternoon
TXN03645,2026-08-25,CUST0181,Snacks,54.45,False,Evening
TXN03646,2026-08-25,CUST0186,Snacks,109.89,True,Afternoon
TXN03647,2026-08-25,CUST0194,Household,119.29,False,Evening
TXN03648,2026-08-25,CUST0198,Groceries,108.68,False,Evening
TXN03649,2026-08-25,CUST0202,Groceries,159.46,False,Evening
TXN03650,2026-08-25,CUST0220,Household,222.8,True,Evening
TXN03651,2026-08-25,CUST0227,Household,183.4,False,Afternoon
TXN03652,2026-08-25,CUST0236,Beverages,179.46,False,Morning
TXN03653,2026-08-25,CUST0252,Dairy,122.6,True,Afternoon
TXN03654,2026-08-25,CUST0267,Household,373.99,False,Afternoon
TXN03655,2026-08-25,CUST0269,Groceries,120.56,True,Afternoon
TXN03656,2026-08-25,CUST0272,Snacks,100.44,False,Afternoon
TXN03657,2026-08-25,CUST0275,Groceries,331.8,False,Evening
TXN03658,2026-08-25,CUST0280,Household,174.47,False,Afternoon
TXN03659,2026-08-25,CUST0292,Dairy,47.8,True,Morning
TXN03660,2026-08-25,CUST0293,Household,204.07,False,Morning
TXN03661,2026-08-25,CUST0299,Beverages,116.15,True,Morning
TXN03662,2026-08-25,CUST0300,Snacks,107.39,False,Evening
TXN03663,2026-08-25,CUST0303,Dairy,95.0,False,Evening
TXN03664,2026-08-25,CUST0304,Dairy,69.37,False,Evening
TXN03665,2026-08-25,CUST0316,Beverages,145.84,False,Evening
TXN03666,2026-08-25,CUST0317,Dairy,153.57,True,Afternoon
TXN03667,2026-08-25,CUST0331,Groceries,69.11,False,Evening
TXN03668,2026-08-25,CUST0334,Household,324.21,True,Morning
TXN03669,2026-08-25,CUST0345,Snacks,76.06,False,Afternoon
TXN03670,2026-08-25,CUST0347,Dairy,176.35,False,Morning
TXN03671,2026-08-25,CUST0349,Dairy,126.85,False,Afternoon
TXN03672,2026-08-25,CUST0352,Dairy,98.49,False,Afternoon
TXN03673,2026-08-25,CUST0355,Groceries,244.65,False,Afternoon
TXN03674,2026-08-25,CUST0356,Snacks,92.66,True,Evening
TXN03675,2026-08-25,CUST0363,Dairy,28.72,False,Afternoon
TXN03676,2026-08-25,CUST0366,Groceries,79.0,True,Evening
TXN03677,2026-08-25,CUST0374,Beverages,192.34,True,Evening
TXN03678,2026-08-25,CUST0376,Groceries,321.15,True,Evening
TXN03679,2026-08-25,CUST0406,Snacks,92.74,True,Evening
TXN03680,2026-08-25,CUST0427,Dairy,110.29,True,Afternoon
TXN03681,2026-08-25,CUST0434,Groceries,219.54,False,Afternoon
TXN03682,2026-08-25,CUST0436,Household,41.36,False,Evening
TXN03683,2026-08-25,CUST0441,Beverages,111.23,True,Evening
TXN03684,2026-08-25,CUST0445,Dairy,168.23,True,Morning
TXN03685,2026-08-25,CUST0449,Beverages,133.12,True,Morning
TXN03686,2026-08-25,CUST0454,Household,112.71,False,Morning
TXN03687,2026-08-25,CUST0460,Groceries,219.58,True,Afternoon
TXN03688,2026-08-25,CUST0469,Snacks,56.06,True,Morning
TXN03689,2026-08-25,CUST0471,Snacks,91.21,True,Afternoon
TXN03690,2026-08-25,CUST0485,Dairy,72.88,False,Morning
TXN03691,2026-08-25,CUST0486,Beverages,165.14,True,Morning
TXN03692,2026-08-25,CUST0488,Snacks,118.37,False,Afternoon
TXN03693,2026-08-25,CUST0502,Groceries,324.07,False,Morning
TXN03694,2026-08-25,CUST0520,Beverages,73.35,True,Afternoon
TXN03695,2026-08-25,CUST0526,Dairy,173.45,True,Afternoon
TXN03696,2026-08-25,CUST0527,Beverages,136.55,False,Afternoon
TXN03697,2026-08-25,CUST0531,Groceries,339.61,False,Morning
TXN03698,2026-08-25,CUST0533,Snacks,78.12,False,Evening
TXN03699,2026-08-25,CUST0535,Snacks,32.44,False,Afternoon
TXN03700,2026-08-25,CUST0537,Dairy,70.16,True,Afternoon
TXN03701,2026-08-25,CUST0540,Dairy,141.65,True,Evening
TXN03702,2026-08-25,CUST0549,Beverages,126.02,True,Evening
TXN03703,2026-08-25,CUST0559,Household,136.1,False,Morning
TXN03704,2026-08-25,CUST0562,Groceries,198.27,False,Afternoon
TXN03705,2026-08-25,CUST0564,Beverages,141.29,True,Evening
TXN03706,2026-08-25,CUST0568,Household,119.67,False,Evening
TXN03707,2026-08-25,CUST0569,Groceries,186.3,True,Afternoon
TXN03708,2026-08-25,CUST0571,Snacks,27.31,True,Afternoon
TXN03709,2026-08-25,CUST0573,Household,218.46,False,Afternoon
TXN03710,2026-08-25,CUST0574,Household,336.81,True,Afternoon
TXN03711,2026-08-25,CUST0577,Beverages,121.72,False,Afternoon
TXN03712,2026-08-25,CUST0579,Dairy,29.45,True,Morning
TXN03713,2026-08-25,CUST0584,Beverages,134.24,False,Afternoon
TXN03714,2026-08-25,CUST0588,Groceries,157.2,True,Morning
TXN03715,2026-08-25,CUST0595,Snacks,50.87,False,Morning
TXN03716,2026-08-25,CUST0608,Household,296.1,False,Evening
TXN03717,2026-08-25,CUST0620,Groceries,293.08,True,Morning
TXN03718,2026-08-26,CUST0001,Groceries,293.87,True,Evening
TXN03719,2026-08-26,CUST0011,Snacks,21.33,False,Morning
TXN03720,2026-08-26,CUST0015,Beverages,120.3,False,Afternoon
TXN03721,2026-08-26,CUST0017,Groceries,306.44,False,Morning
TXN03722,2026-08-26,CUST0021,Household,148.41,False,Morning
TXN03723,2026-08-26,CUST0023,Snacks,93.39,False,Evening
TXN03724,2026-08-26,CUST0033,Snacks,62.47,True,Evening
TXN03725,2026-08-26,CUST0040,Dairy,105.67,True,Morning
TXN03726,2026-08-26,CUST0052,Beverages,184.12,False,Morning
TXN03727,2026-08-26,CUST0062,Beverages,85.29,False,Afternoon
TXN03728,2026-08-26,CUST0068,Dairy,166.88,False,Afternoon
TXN03729,2026-08-26,CUST0080,Household,98.61,False,Afternoon
TXN03730,2026-08-26,CUST0088,Beverages,132.26,False,Afternoon
TXN03731,2026-08-26,CUST0093,Groceries,55.86,True,Afternoon
TXN03732,2026-08-26,CUST0095,Dairy,100.81,False,Morning
TXN03733,2026-08-26,CUST0097,Snacks,106.46,True,Afternoon
TXN03734,2026-08-26,CUST0113,Beverages,96.36,True,Afternoon
TXN03735,2026-08-26,CUST0116,Household,173.04,False,Evening
TXN03736,2026-08-26,CUST0121,Beverages,54.75,True,Morning
TXN03737,2026-08-26,CUST0130,Dairy,59.05,True,Afternoon
TXN03738,2026-08-26,CUST0132,Household,88.35,False,Evening
TXN03739,2026-08-26,CUST0136,Dairy,132.16,True,Evening
TXN03740,2026-08-26,CUST0144,Dairy,60.66,True,Afternoon
TXN03741,2026-08-26,CUST0147,Groceries,58.93,False,Morning
TXN03742,2026-08-26,CUST0148,Household,116.9,False,Evening
TXN03743,2026-08-26,CUST0152,Snacks,53.1,True,Evening
TXN03744,2026-08-26,CUST0153,Groceries,205.36,True,Evening
TXN03745,2026-08-26,CUST0162,Snacks,70.34,True,Morning
TXN03746,2026-08-26,CUST0166,Groceries,96.62,True,Evening
TXN03747,2026-08-26,CUST0167,Household,248.72,True,Evening
TXN03748,2026-08-26,CUST0193,Dairy,143.87,False,Evening
TXN03749,2026-08-26,CUST0198,Groceries,288.08,False,Evening
TXN03750,2026-08-26,CUST0200,Household,309.7,True,Afternoon
TXN03751,2026-08-26,CUST0202,Groceries,347.05,False,Evening
TXN03752,2026-08-26,CUST0207,Beverages,84.47,False,Morning
TXN03753,2026-08-26,CUST0212,Household,242.72,True,Afternoon
TXN03754,2026-08-26,CUST0215,Beverages,146.63,False,Evening
TXN03755,2026-08-26,CUST0219,Dairy,101.22,False,Afternoon
TXN03756,2026-08-26,CUST0224,Beverages,175.42,True,Morning
TXN03757,2026-08-26,CUST0225,Household,352.99,True,Afternoon
TXN03758,2026-08-26,CUST0231,Snacks,94.72,True,Evening
TXN03759,2026-08-26,CUST0236,Beverages,76.69,False,Morning
TXN03760,2026-08-26,CUST0237,Dairy,78.46,True,Morning
TXN03761,2026-08-26,CUST0238,Snacks,78.04,True,Morning
TXN03762,2026-08-26,CUST0258,Groceries,202.05,False,Morning
TXN03763,2026-08-26,CUST0269,Snacks,113.42,True,Afternoon
TXN03764,2026-08-26,CUST0275,Dairy,94.66,False,Evening
TXN03765,2026-08-26,CUST0277,Groceries,189.82,False,Afternoon
TXN03766,2026-08-26,CUST0287,Snacks,52.44,False,Evening
TXN03767,2026-08-26,CUST0302,Household,299.96,True,Afternoon
TXN03768,2026-08-26,CUST0309,Beverages,128.99,False,Morning
TXN03769,2026-08-26,CUST0313,Beverages,143.72,True,Afternoon
TXN03770,2026-08-26,CUST0318,Groceries,82.39,False,Morning
TXN03771,2026-08-26,CUST0323,Household,184.93,False,Afternoon
TXN03772,2026-08-26,CUST0326,Groceries,172.48,True,Evening
TXN03773,2026-08-26,CUST0329,Beverages,36.73,True,Evening
TXN03774,2026-08-26,CUST0332,Beverages,65.26,True,Afternoon
TXN03775,2026-08-26,CUST0333,Beverages,158.5,False,Evening
TXN03776,2026-08-26,CUST0336,Household,45.45,True,Afternoon
TXN03777,2026-08-26,CUST0338,Beverages,166.01,False,Afternoon
TXN03778,2026-08-26,CUST0343,Snacks,80.04,False,Evening
TXN03779,2026-08-26,CUST0353,Beverages,191.73,True,Evening
TXN03780,2026-08-26,CUST0356,Snacks,53.28,True,Evening
TXN03781,2026-08-26,CUST0362,Groceries,245.63,True,Morning
TXN03782,2026-08-26,CUST0365,Household,230.33,False,Morning
TXN03783,2026-08-26,CUST0378,Household,346.53,False,Afternoon
TXN03784,2026-08-26,CUST0420,Beverages,192.17,True,Morning
TXN03785,2026-08-26,CUST0432,Snacks,37.52,True,Evening
TXN03786,2026-08-26,CUST0433,Beverages,81.15,False,Afternoon
TXN03787,2026-08-26,CUST0436,Groceries,174.91,False,Evening
TXN03788,2026-08-26,CUST0441,Snacks,15.24,True,Evening
TXN03789,2026-08-26,CUST0443,Household,166.75,False,Afternoon
TXN03790,2026-08-26,CUST0444,Dairy,143.88,False,Evening
TXN03791,2026-08-26,CUST0445,Household,145.57,True,Morning
TXN03792,2026-08-26,CUST0451,Beverages,113.08,True,Evening
TXN03793,2026-08-26,CUST0455,Snacks,42.16,False,Morning
TXN03794,2026-08-26,CUST0489,Household,286.48,False,Morning
TXN03795,2026-08-26,CUST0491,Snacks,35.48,True,Afternoon
TXN03796,2026-08-26,CUST0493,Snacks,112.48,False,Morning
TXN03797,2026-08-26,CUST0497,Household,383.01,True,Afternoon
TXN03798,2026-08-26,CUST0499,Groceries,166.79,False,Morning
TXN03799,2026-08-26,CUST0511,Household,108.81,False,Morning
TXN03800,2026-08-26,CUST0512,Snacks,33.74,True,Afternoon
TXN03801,2026-08-26,CUST0513,Beverages,185.44,False,Morning
TXN03802,2026-08-26,CUST0515,Beverages,135.09,False,Afternoon
TXN03803,2026-08-26,CUST0519,Dairy,155.71,False,Evening
TXN03804,2026-08-26,CUST0521,Snacks,47.76,False,Evening
TXN03805,2026-08-26,CUST0526,Beverages,79.07,True,Afternoon
TXN03806,2026-08-26,CUST0534,Groceries,251.44,False,Morning
TXN03807,2026-08-26,CUST0536,Groceries,139.28,False,Afternoon
TXN03808,2026-08-26,CUST0540,Groceries,113.64,True,Evening
TXN03809,2026-08-26,CUST0545,Groceries,292.82,False,Evening
TXN03810,2026-08-26,CUST0551,Dairy,137.74,False,Afternoon
TXN03811,2026-08-26,CUST0553,Groceries,254.4,False,Afternoon
TXN03812,2026-08-26,CUST0558,Beverages,155.45,False,Evening
TXN03813,2026-08-26,CUST0565,Snacks,62.57,True,Afternoon
TXN03814,2026-08-26,CUST0575,Groceries,137.74,True,Morning
TXN03815,2026-08-26,CUST0576,Snacks,84.89,False,Evening
TXN03816,2026-08-26,CUST0577,Dairy,119.66,False,Afternoon
TXN03817,2026-08-26,CUST0583,Dairy,74.99,False,Evening
TXN03818,2026-08-26,CUST0593,Household,121.21,False,Evening
TXN03819,2026-08-26,CUST0595,Dairy,73.56,False,Morning
TXN03820,2026-08-26,CUST0605,Beverages,68.83,True,Evening
TXN03821,2026-08-26,CUST0614,Groceries,233.57,True,Evening
TXN03822,2026-08-26,CUST0616,Snacks,58.77,True,Morning
TXN03823,2026-08-27,CUST0005,Snacks,109.81,True,Afternoon
TXN03824,2026-08-27,CUST0006,Beverages,41.59,False,Afternoon
TXN03825,2026-08-27,CUST0014,Beverages,130.19,False,Evening
TXN03826,2026-08-27,CUST0032,Beverages,119.82,False,Morning
TXN03827,2026-08-27,CUST0038,Groceries,123.01,False,Evening
TXN03828,2026-08-27,CUST0039,Snacks,89.8,False,Morning
TXN03829,2026-08-27,CUST0040,Groceries,211.39,True,Morning
TXN03830,2026-08-27,CUST0052,Dairy,173.83,False,Morning
TXN03831,2026-08-27,CUST0061,Snacks,110.1,False,Morning
TXN03832,2026-08-27,CUST0065,Groceries,86.2,False,Morning
TXN03833,2026-08-27,CUST0071,Household,332.75,True,Afternoon
TXN03834,2026-08-27,CUST0079,Groceries,307.21,True,Morning
TXN03835,2026-08-27,CUST0081,Snacks,93.23,True,Morning
TXN03836,2026-08-27,CUST0092,Beverages,134.13,False,Afternoon
TXN03837,2026-08-27,CUST0101,Household,83.34,False,Afternoon
TXN03838,2026-08-27,CUST0105,Dairy,143.02,False,Evening
TXN03839,2026-08-27,CUST0107,Dairy,178.91,True,Afternoon
TXN03840,2026-08-27,CUST0122,Groceries,253.23,False,Afternoon
TXN03841,2026-08-27,CUST0124,Dairy,69.97,False,Afternoon
TXN03842,2026-08-27,CUST0136,Dairy,22.43,True,Evening
TXN03843,2026-08-27,CUST0139,Beverages,97.59,True,Evening
TXN03844,2026-08-27,CUST0142,Household,229.38,False,Afternoon
TXN03845,2026-08-27,CUST0144,Snacks,39.22,True,Afternoon
TXN03846,2026-08-27,CUST0155,Dairy,163.04,True,Evening
TXN03847,2026-08-27,CUST0159,Dairy,110.24,True,Evening
TXN03848,2026-08-27,CUST0184,Household,186.15,False,Evening
TXN03849,2026-08-27,CUST0192,Groceries,131.54,False,Afternoon
TXN03850,2026-08-27,CUST0206,Snacks,29.96,False,Afternoon
TXN03851,2026-08-27,CUST0210,Snacks,28.46,False,Evening
TXN03852,2026-08-27,CUST0214,Household,123.33,False,Morning
TXN03853,2026-08-27,CUST0217,Groceries,244.09,True,Evening
TXN03854,2026-08-27,CUST0219,Groceries,330.06,False,Afternoon
TXN03855,2026-08-27,CUST0252,Snacks,40.34,True,Afternoon
TXN03856,2026-08-27,CUST0257,Household,293.69,False,Morning
TXN03857,2026-08-27,CUST0272,Dairy,159.16,False,Afternoon
TXN03858,2026-08-27,CUST0278,Groceries,75.58,False,Evening
TXN03859,2026-08-27,CUST0281,Snacks,115.93,True,Evening
TXN03860,2026-08-27,CUST0286,Dairy,100.83,True,Afternoon
TXN03861,2026-08-27,CUST0300,Beverages,150.67,False,Evening
TXN03862,2026-08-27,CUST0301,Groceries,70.2,False,Evening
TXN03863,2026-08-27,CUST0307,Groceries,139.76,True,Afternoon
TXN03864,2026-08-27,CUST0312,Household,194.76,True,Afternoon
TXN03865,2026-08-27,CUST0315,Beverages,26.39,True,Morning
TXN03866,2026-08-27,CUST0334,Snacks,27.07,True,Morning
TXN03867,2026-08-27,CUST0337,Dairy,158.34,True,Afternoon
TXN03868,2026-08-27,CUST0354,Groceries,42.81,True,Afternoon
TXN03869,2026-08-27,CUST0362,Beverages,30.22,True,Morning
TXN03870,2026-08-27,CUST0363,Beverages,129.36,False,Afternoon
TXN03871,2026-08-27,CUST0378,Dairy,78.92,False,Afternoon
TXN03872,2026-08-27,CUST0383,Dairy,75.72,True,Morning
TXN03873,2026-08-27,CUST0393,Groceries,187.11,True,Morning
TXN03874,2026-08-27,CUST0406,Household,62.62,True,Evening
TXN03875,2026-08-27,CUST0428,Household,104.32,False,Evening
TXN03876,2026-08-27,CUST0429,Groceries,285.69,True,Afternoon
TXN03877,2026-08-27,CUST0432,Beverages,105.91,True,Evening
TXN03878,2026-08-27,CUST0439,Snacks,95.34,False,Afternoon
TXN03879,2026-08-27,CUST0441,Household,306.99,False,Evening
TXN03880,2026-08-27,CUST0445,Dairy,142.47,True,Morning
TXN03881,2026-08-27,CUST0467,Dairy,111.82,False,Evening
TXN03882,2026-08-27,CUST0470,Dairy,82.58,False,Afternoon
TXN03883,2026-08-27,CUST0474,Groceries,117.41,False,Afternoon
TXN03884,2026-08-27,CUST0490,Household,276.58,False,Morning
TXN03885,2026-08-27,CUST0493,Snacks,52.96,False,Morning
TXN03886,2026-08-27,CUST0494,Beverages,81.55,True,Evening
TXN03887,2026-08-27,CUST0495,Household,102.13,False,Evening
TXN03888,2026-08-27,CUST0497,Dairy,107.51,True,Afternoon
TXN03889,2026-08-27,CUST0498,Dairy,147.58,False,Evening
TXN03890,2026-08-27,CUST0500,Household,225.05,True,Evening
TXN03891,2026-08-27,CUST0516,Beverages,67.94,True,Evening
TXN03892,2026-08-27,CUST0523,Beverages,109.03,True,Morning
TXN03893,2026-08-27,CUST0527,Snacks,72.01,False,Afternoon
TXN03894,2026-08-27,CUST0530,Groceries,214.22,True,Morning
TXN03895,2026-08-27,CUST0549,Snacks,100.81,True,Evening
TXN03896,2026-08-27,CUST0556,Household,370.35,True,Afternoon
TXN03897,2026-08-27,CUST0568,Beverages,75.71,False,Evening
TXN03898,2026-08-27,CUST0572,Household,39.78,True,Afternoon
TXN03899,2026-08-27,CUST0575,Groceries,123.6,False,Morning
TXN03900,2026-08-27,CUST0585,Snacks,65.89,True,Morning
TXN03901,2026-08-27,CUST0607,Household,119.97,True,Afternoon
TXN03902,2026-08-27,CUST0608,Household,122.86,False,Evening
TXN03903,2026-08-27,CUST0612,Dairy,55.56,False,Afternoon
TXN03904,2026-08-27,CUST0617,Beverages,39.24,False,Morning
TXN03905,2026-08-28,CUST0006,Dairy,150.24,True,Afternoon
TXN03906,2026-08-28,CUST0010,Snacks,51.82,True,Evening
TXN03907,2026-08-28,CUST0014,Beverages,36.75,True,Evening
TXN03908,2026-08-28,CUST0029,Dairy,160.29,False,Afternoon
TXN03909,2026-08-28,CUST0038,Dairy,136.84,False,Evening
TXN03910,2026-08-28,CUST0039,Household,369.0,False,Morning
TXN03911,2026-08-28,CUST0061,Household,273.22,False,Morning
TXN03912,2026-08-28,CUST0066,Groceries,252.7,False,Evening
TXN03913,2026-08-28,CUST0071,Household,88.12,True,Afternoon
TXN03914,2026-08-28,CUST0075,Groceries,45.34,True,Evening
TXN03915,2026-08-28,CUST0077,Dairy,84.76,False,Evening
TXN03916,2026-08-28,CUST0082,Beverages,78.25,True,Morning
TXN03917,2026-08-28,CUST0085,Household,148.21,False,Evening
TXN03918,2026-08-28,CUST0111,Beverages,62.96,True,Afternoon
TXN03919,2026-08-28,CUST0121,Dairy,105.56,True,Morning
TXN03920,2026-08-28,CUST0126,Beverages,188.95,False,Evening
TXN03921,2026-08-28,CUST0138,Household,284.74,False,Morning
TXN03922,2026-08-28,CUST0143,Beverages,70.64,False,Morning
TXN03923,2026-08-28,CUST0144,Household,317.99,True,Afternoon
TXN03924,2026-08-28,CUST0147,Beverages,94.07,True,Morning
TXN03925,2026-08-28,CUST0167,Groceries,95.44,True,Evening
TXN03926,2026-08-28,CUST0172,Beverages,184.59,False,Evening
TXN03927,2026-08-28,CUST0181,Groceries,87.4,False,Evening
TXN03928,2026-08-28,CUST0182,Snacks,23.99,False,Morning
TXN03929,2026-08-28,CUST0194,Snacks,81.12,False,Evening
TXN03930,2026-08-28,CUST0196,Snacks,16.75,False,Morning
TXN03931,2026-08-28,CUST0200,Snacks,50.25,True,Afternoon
TXN03932,2026-08-28,CUST0203,Household,38.55,True,Evening
TXN03933,2026-08-28,CUST0220,Dairy,84.55,True,Evening
TXN03934,2026-08-28,CUST0242,Groceries,266.19,False,Morning
TXN03935,2026-08-28,CUST0247,Beverages,176.86,False,Afternoon
TXN03936,2026-08-28,CUST0257,Beverages,112.84,False,Morning
TXN03937,2026-08-28,CUST0259,Groceries,335.25,False,Afternoon
TXN03938,2026-08-28,CUST0267,Beverages,76.46,False,Afternoon
TXN03939,2026-08-28,CUST0272,Snacks,49.18,False,Afternoon
TXN03940,2026-08-28,CUST0275,Household,115.7,False,Evening
TXN03941,2026-08-28,CUST0279,Household,249.6,False,Morning
TXN03942,2026-08-28,CUST0281,Dairy,145.86,False,Evening
TXN03943,2026-08-28,CUST0299,Household,43.62,True,Morning
TXN03944,2026-08-28,CUST0302,Snacks,62.02,True,Afternoon
TXN03945,2026-08-28,CUST0307,Snacks,44.81,True,Afternoon
TXN03946,2026-08-28,CUST0310,Household,303.26,True,Afternoon
TXN03947,2026-08-28,CUST0316,Dairy,169.12,False,Evening
TXN03948,2026-08-28,CUST0322,Beverages,58.14,False,Evening
TXN03949,2026-08-28,CUST0324,Dairy,115.08,False,Morning
TXN03950,2026-08-28,CUST0327,Household,277.94,False,Evening
TXN03951,2026-08-28,CUST0328,Household,134.09,True,Evening
TXN03952,2026-08-28,CUST0340,Dairy,42.94,False,Evening
TXN03953,2026-08-28,CUST0344,Snacks,113.58,False,Morning
TXN03954,2026-08-28,CUST0347,Groceries,218.45,False,Morning
TXN03955,2026-08-28,CUST0362,Groceries,175.97,True,Morning
TXN03956,2026-08-28,CUST0363,Dairy,52.88,False,Afternoon
TXN03957,2026-08-28,CUST0364,Dairy,125.05,False,Morning
TXN03958,2026-08-28,CUST0365,Beverages,188.85,False,Morning
TXN03959,2026-08-28,CUST0369,Dairy,59.01,True,Evening
TXN03960,2026-08-28,CUST0387,Beverages,75.67,False,Afternoon
TXN03961,2026-08-28,CUST0389,Groceries,102.39,True,Evening
TXN03962,2026-08-28,CUST0407,Groceries,163.02,False,Afternoon
TXN03963,2026-08-28,CUST0412,Dairy,68.39,False,Evening
TXN03964,2026-08-28,CUST0423,Household,133.43,True,Morning
TXN03965,2026-08-28,CUST0424,Household,80.01,False,Afternoon
TXN03966,2026-08-28,CUST0425,Groceries,310.1,True,Afternoon
TXN03967,2026-08-28,CUST0432,Snacks,96.36,True,Evening
TXN03968,2026-08-28,CUST0441,Household,316.71,True,Evening
TXN03969,2026-08-28,CUST0447,Dairy,85.66,False,Afternoon
TXN03970,2026-08-28,CUST0449,Dairy,69.75,False,Morning
TXN03971,2026-08-28,CUST0452,Snacks,26.0,False,Afternoon
TXN03972,2026-08-28,CUST0455,Household,385.82,False,Morning
TXN03973,2026-08-28,CUST0456,Dairy,73.98,False,Evening
TXN03974,2026-08-28,CUST0457,Groceries,204.1,True,Afternoon
TXN03975,2026-08-28,CUST0463,Dairy,133.46,False,Afternoon
TXN03976,2026-08-28,CUST0465,Beverages,199.8,False,Morning
TXN03977,2026-08-28,CUST0472,Beverages,62.52,True,Afternoon
TXN03978,2026-08-28,CUST0478,Dairy,95.37,True,Afternoon
TXN03979,2026-08-28,CUST0483,Groceries,100.45,True,Morning
TXN03980,2026-08-28,CUST0485,Groceries,145.8,True,Morning
TXN03981,2026-08-28,CUST0487,Groceries,189.54,True,Morning
TXN03982,2026-08-28,CUST0498,Dairy,93.9,False,Evening
TXN03983,2026-08-28,CUST0510,Snacks,77.23,True,Morning
TXN03984,2026-08-28,CUST0524,Beverages,55.4,False,Evening
TXN03985,2026-08-28,CUST0526,Household,395.19,True,Afternoon
TXN03986,2026-08-28,CUST0532,Snacks,72.14,False,Morning
TXN03987,2026-08-28,CUST0535,Household,306.64,False,Afternoon
TXN03988,2026-08-28,CUST0538,Dairy,38.49,True,Evening
TXN03989,2026-08-28,CUST0539,Groceries,286.02,False,Afternoon
TXN03990,2026-08-28,CUST0543,Dairy,53.52,False,Afternoon
TXN03991,2026-08-28,CUST0549,Groceries,136.84,True,Evening
TXN03992,2026-08-28,CUST0555,Household,91.56,False,Evening
TXN03993,2026-08-28,CUST0556,Household,50.19,True,Afternoon
TXN03994,2026-08-28,CUST0568,Groceries,59.78,False,Evening
TXN03995,2026-08-28,CUST0569,Household,74.8,True,Afternoon
TXN03996,2026-08-28,CUST0573,Groceries,227.15,False,Afternoon
TXN03997,2026-08-28,CUST0579,Snacks,58.37,True,Morning
TXN03998,2026-08-28,CUST0582,Household,399.17,False,Morning
TXN03999,2026-08-28,CUST0591,Dairy,149.01,False,Evening
TXN04000,2026-08-28,CUST0596,Household,150.82,False,Afternoon
TXN04001,2026-08-28,CUST0598,Beverages,54.33,True,Afternoon
TXN04002,2026-08-28,CUST0605,Snacks,35.12,True,Evening
TXN04003,2026-08-29,CUST0006,Groceries,138.35,False,Afternoon
TXN04004,2026-08-29,CUST0010,Snacks,88.68,True,Evening
TXN04005,2026-08-29,CUST0015,Dairy,90.99,False,Afternoon
TXN04006,2026-08-29,CUST0022,Household,178.85,False,Evening
TXN04007,2026-08-29,CUST0026,Snacks,64.94,True,Evening
TXN04008,2026-08-29,CUST0027,Groceries,316.76,False,Evening
TXN04009,2026-08-29,CUST0035,Groceries,75.14,True,Morning
TXN04010,2026-08-29,CUST0043,Dairy,174.37,True,Evening
TXN04011,2026-08-29,CUST0047,Groceries,216.62,False,Evening
TXN04012,2026-08-29,CUST0053,Household,297.44,True,Afternoon
TXN04013,2026-08-29,CUST0066,Groceries,118.58,False,Evening
TXN04014,2026-08-29,CUST0080,Groceries,286.94,False,Afternoon
TXN04015,2026-08-29,CUST0088,Snacks,79.41,False,Afternoon
TXN04016,2026-08-29,CUST0093,Household,136.05,True,Afternoon
TXN04017,2026-08-29,CUST0096,Household,308.26,True,Afternoon
TXN04018,2026-08-29,CUST0098,Groceries,281.53,False,Morning
TXN04019,2026-08-29,CUST0101,Dairy,96.13,False,Afternoon
TXN04020,2026-08-29,CUST0110,Groceries,333.41,True,Evening
TXN04021,2026-08-29,CUST0112,Household,228.15,False,Evening
TXN04022,2026-08-29,CUST0117,Beverages,165.13,False,Morning
TXN04023,2026-08-29,CUST0137,Household,215.73,True,Evening
TXN04024,2026-08-29,CUST0145,Groceries,286.5,False,Afternoon
TXN04025,2026-08-29,CUST0147,Groceries,200.69,True,Morning
TXN04026,2026-08-29,CUST0151,Beverages,87.73,False,Evening
TXN04027,2026-08-29,CUST0156,Snacks,65.72,True,Morning
TXN04028,2026-08-29,CUST0162,Dairy,138.56,True,Morning
TXN04029,2026-08-29,CUST0165,Groceries,68.02,True,Evening
TXN04030,2026-08-29,CUST0184,Groceries,182.71,False,Evening
TXN04031,2026-08-29,CUST0192,Snacks,55.97,False,Afternoon
TXN04032,2026-08-29,CUST0197,Snacks,114.0,True,Afternoon
TXN04033,2026-08-29,CUST0198,Dairy,130.25,False,Evening
TXN04034,2026-08-29,CUST0202,Dairy,99.49,False,Evening
TXN04035,2026-08-29,CUST0211,Snacks,90.86,True,Afternoon
TXN04036,2026-08-29,CUST0213,Beverages,66.73,False,Morning
TXN04037,2026-08-29,CUST0215,Beverages,104.69,False,Evening
TXN04038,2026-08-29,CUST0219,Snacks,119.62,False,Afternoon
TXN04039,2026-08-29,CUST0220,Snacks,38.75,True,Evening
TXN04040,2026-08-29,CUST0234,Dairy,93.65,True,Afternoon
TXN04041,2026-08-29,CUST0235,Beverages,151.29,True,Morning
TXN04042,2026-08-29,CUST0238,Beverages,51.0,True,Morning
TXN04043,2026-08-29,CUST0249,Snacks,57.53,True,Evening
TXN04044,2026-08-29,CUST0256,Dairy,49.02,False,Evening
TXN04045,2026-08-29,CUST0265,Beverages,78.27,True,Evening
TXN04046,2026-08-29,CUST0268,Beverages,195.62,True,Afternoon
TXN04047,2026-08-29,CUST0272,Dairy,171.98,False,Afternoon
TXN04048,2026-08-29,CUST0278,Groceries,231.35,False,Evening
TXN04049,2026-08-29,CUST0280,Groceries,155.44,True,Afternoon
TXN04050,2026-08-29,CUST0281,Household,341.71,True,Evening
TXN04051,2026-08-29,CUST0287,Snacks,118.38,False,Evening
TXN04052,2026-08-29,CUST0293,Groceries,248.05,False,Morning
TXN04053,2026-08-29,CUST0302,Dairy,166.91,True,Afternoon
TXN04054,2026-08-29,CUST0309,Beverages,29.8,False,Morning
TXN04055,2026-08-29,CUST0315,Dairy,136.67,True,Morning
TXN04056,2026-08-29,CUST0330,Groceries,178.34,True,Evening
TXN04057,2026-08-29,CUST0339,Groceries,262.78,True,Morning
TXN04058,2026-08-29,CUST0354,Dairy,97.7,True,Afternoon
TXN04059,2026-08-29,CUST0355,Household,66.08,False,Afternoon
TXN04060,2026-08-29,CUST0357,Groceries,317.81,True,Evening
TXN04061,2026-08-29,CUST0360,Dairy,149.03,False,Evening
TXN04062,2026-08-29,CUST0365,Household,236.79,False,Morning
TXN04063,2026-08-29,CUST0387,Snacks,65.05,False,Afternoon
TXN04064,2026-08-29,CUST0390,Dairy,70.2,False,Afternoon
TXN04065,2026-08-29,CUST0412,Snacks,42.33,False,Evening
TXN04066,2026-08-29,CUST0424,Groceries,266.1,False,Afternoon
TXN04067,2026-08-29,CUST0431,Dairy,161.48,False,Afternoon
TXN04068,2026-08-29,CUST0433,Groceries,148.23,False,Afternoon
TXN04069,2026-08-29,CUST0435,Household,37.07,True,Afternoon
TXN04070,2026-08-29,CUST0441,Groceries,44.2,True,Evening
TXN04071,2026-08-29,CUST0442,Snacks,89.89,True,Afternoon
TXN04072,2026-08-29,CUST0452,Beverages,126.67,False,Afternoon
TXN04073,2026-08-29,CUST0459,Groceries,255.97,True,Afternoon
TXN04074,2026-08-29,CUST0461,Beverages,44.62,True,Evening
TXN04075,2026-08-29,CUST0462,Household,160.57,True,Evening
TXN04076,2026-08-29,CUST0465,Beverages,82.73,False,Morning
TXN04077,2026-08-29,CUST0466,Dairy,37.42,False,Evening
TXN04078,2026-08-29,CUST0483,Groceries,254.14,True,Morning
TXN04079,2026-08-29,CUST0485,Dairy,39.46,True,Morning
TXN04080,2026-08-29,CUST0487,Snacks,116.16,True,Morning
TXN04081,2026-08-29,CUST0503,Groceries,305.41,False,Morning
TXN04082,2026-08-29,CUST0525,Groceries,218.07,True,Morning
TXN04083,2026-08-29,CUST0538,Household,308.22,True,Evening
TXN04084,2026-08-29,CUST0545,Beverages,32.93,False,Evening
TXN04085,2026-08-29,CUST0564,Snacks,32.19,True,Evening
TXN04086,2026-08-29,CUST0565,Beverages,140.12,True,Afternoon
TXN04087,2026-08-29,CUST0566,Household,349.93,True,Afternoon
TXN04088,2026-08-29,CUST0568,Snacks,59.15,False,Evening
TXN04089,2026-08-29,CUST0571,Snacks,103.8,True,Afternoon
TXN04090,2026-08-29,CUST0578,Snacks,104.85,False,Evening
TXN04091,2026-08-29,CUST0583,Groceries,150.19,False,Evening
TXN04092,2026-08-29,CUST0587,Snacks,119.58,False,Morning
TXN04093,2026-08-29,CUST0600,Household,397.54,True,Morning
TXN04094,2026-08-29,CUST0616,Snacks,17.77,True,Morning
TXN04095,2026-08-29,CUST0619,Household,89.4,False,Afternoon
TXN04096,2026-08-30,CUST0024,Household,191.02,True,Evening
TXN04097,2026-08-30,CUST0026,Beverages,193.42,True,Evening
TXN04098,2026-08-30,CUST0029,Household,253.17,False,Afternoon
TXN04099,2026-08-30,CUST0031,Snacks,38.51,False,Morning
TXN04100,2026-08-30,CUST0037,Snacks,74.25,True,Afternoon
TXN04101,2026-08-30,CUST0038,Dairy,171.18,False,Evening
TXN04102,2026-08-30,CUST0045,Groceries,70.72,True,Morning
TXN04103,2026-08-30,CUST0051,Household,277.86,True,Evening
TXN04104,2026-08-30,CUST0052,Dairy,140.67,False,Morning
TXN04105,2026-08-30,CUST0056,Household,140.87,True,Afternoon
TXN04106,2026-08-30,CUST0069,Dairy,111.58,True,Evening
TXN04107,2026-08-30,CUST0071,Groceries,347.18,True,Afternoon
TXN04108,2026-08-30,CUST0079,Dairy,24.4,True,Morning
TXN04109,2026-08-30,CUST0083,Snacks,78.29,False,Afternoon
TXN04110,2026-08-30,CUST0088,Beverages,190.8,False,Afternoon
TXN04111,2026-08-30,CUST0107,Dairy,159.87,True,Afternoon
TXN04112,2026-08-30,CUST0117,Household,194.1,False,Morning
TXN04113,2026-08-30,CUST0166,Groceries,215.7,True,Evening
TXN04114,2026-08-30,CUST0171,Dairy,87.57,True,Evening
TXN04115,2026-08-30,CUST0177,Dairy,79.21,False,Afternoon
TXN04116,2026-08-30,CUST0179,Groceries,262.98,False,Morning
TXN04117,2026-08-30,CUST0193,Household,163.0,False,Evening
TXN04118,2026-08-30,CUST0197,Groceries,258.75,True,Afternoon
TXN04119,2026-08-30,CUST0201,Beverages,109.19,False,Morning
TXN04120,2026-08-30,CUST0203,Groceries,70.29,True,Evening
TXN04121,2026-08-30,CUST0206,Beverages,132.9,False,Afternoon
TXN04122,2026-08-30,CUST0207,Dairy,171.89,False,Morning
TXN04123,2026-08-30,CUST0212,Household,153.82,True,Afternoon
TXN04124,2026-08-30,CUST0215,Snacks,104.79,False,Evening
TXN04125,2026-08-30,CUST0225,Groceries,336.62,True,Afternoon
TXN04126,2026-08-30,CUST0229,Groceries,217.37,True,Afternoon
TXN04127,2026-08-30,CUST0234,Dairy,97.11,True,Afternoon
TXN04128,2026-08-30,CUST0235,Snacks,98.65,False,Morning
TXN04129,2026-08-30,CUST0239,Snacks,41.95,False,Morning
TXN04130,2026-08-30,CUST0263,Groceries,133.03,True,Afternoon
TXN04131,2026-08-30,CUST0293,Snacks,104.05,False,Morning
TXN04132,2026-08-30,CUST0294,Groceries,110.47,False,Afternoon
TXN04133,2026-08-30,CUST0303,Dairy,60.77,False,Evening
TXN04134,2026-08-30,CUST0314,Household,227.9,False,Evening
TXN04135,2026-08-30,CUST0316,Snacks,75.56,False,Evening
TXN04136,2026-08-30,CUST0317,Dairy,115.35,True,Afternoon
TXN04137,2026-08-30,CUST0320,Groceries,137.0,False,Morning
TXN04138,2026-08-30,CUST0321,Household,319.87,False,Evening
TXN04139,2026-08-30,CUST0323,Household,190.0,False,Afternoon
TXN04140,2026-08-30,CUST0324,Household,158.71,False,Morning
TXN04141,2026-08-30,CUST0327,Household,367.66,False,Evening
TXN04142,2026-08-30,CUST0329,Snacks,117.26,True,Evening
TXN04143,2026-08-30,CUST0339,Dairy,108.52,True,Morning
TXN04144,2026-08-30,CUST0341,Dairy,21.71,False,Morning
TXN04145,2026-08-30,CUST0344,Dairy,92.4,False,Morning
TXN04146,2026-08-30,CUST0345,Snacks,80.33,False,Afternoon
TXN04147,2026-08-30,CUST0347,Household,367.29,False,Morning
TXN04148,2026-08-30,CUST0352,Groceries,147.04,False,Afternoon
TXN04149,2026-08-30,CUST0362,Dairy,127.39,True,Morning
TXN04150,2026-08-30,CUST0365,Dairy,86.39,False,Morning
TXN04151,2026-08-30,CUST0369,Household,334.81,True,Evening
TXN04152,2026-08-30,CUST0398,Snacks,40.56,True,Morning
TXN04153,2026-08-30,CUST0400,Dairy,149.5,False,Afternoon
TXN04154,2026-08-30,CUST0423,Groceries,344.49,True,Morning
TXN04155,2026-08-30,CUST0434,Groceries,125.76,False,Afternoon
TXN04156,2026-08-30,CUST0435,Snacks,102.84,True,Afternoon
TXN04157,2026-08-30,CUST0436,Beverages,131.61,False,Evening
TXN04158,2026-08-30,CUST0449,Snacks,93.5,True,Morning
TXN04159,2026-08-30,CUST0452,Beverages,125.97,False,Afternoon
TXN04160,2026-08-30,CUST0456,Dairy,20.7,False,Evening
TXN04161,2026-08-30,CUST0457,Groceries,318.1,True,Afternoon
TXN04162,2026-08-30,CUST0463,Beverages,113.89,False,Afternoon
TXN04163,2026-08-30,CUST0464,Snacks,33.89,True,Afternoon
TXN04164,2026-08-30,CUST0472,Dairy,173.93,True,Afternoon
TXN04165,2026-08-30,CUST0486,Beverages,155.58,True,Morning
TXN04166,2026-08-30,CUST0491,Snacks,25.69,True,Afternoon
TXN04167,2026-08-30,CUST0496,Snacks,92.17,True,Morning
TXN04168,2026-08-30,CUST0500,Dairy,95.65,True,Evening
TXN04169,2026-08-30,CUST0511,Snacks,33.71,True,Morning
TXN04170,2026-08-30,CUST0512,Groceries,153.76,True,Afternoon
TXN04171,2026-08-30,CUST0515,Groceries,103.11,False,Afternoon
TXN04172,2026-08-30,CUST0516,Snacks,79.64,True,Evening
TXN04173,2026-08-30,CUST0519,Dairy,162.97,False,Evening
TXN04174,2026-08-30,CUST0527,Snacks,109.62,False,Afternoon
TXN04175,2026-08-30,CUST0551,Dairy,21.25,False,Afternoon
TXN04176,2026-08-30,CUST0565,Groceries,120.14,True,Afternoon
TXN04177,2026-08-30,CUST0583,Dairy,175.36,False,Evening
TXN04178,2026-08-30,CUST0589,Dairy,161.27,False,Afternoon
TXN04179,2026-08-30,CUST0590,Household,40.93,True,Afternoon
TXN04180,2026-08-30,CUST0600,Beverages,113.73,True,Morning
TXN04181,2026-08-30,CUST0604,Household,225.14,False,Afternoon
TXN04182,2026-08-30,CUST0605,Groceries,312.6,True,Evening
TXN04183,2026-08-30,CUST0607,Household,316.76,True,Afternoon
TXN04184,2026-08-30,CUST0614,Dairy,79.12,True,Evening
TXN04185,2026-08-31,CUST0002,Snacks,25.59,False,Morning
TXN04186,2026-08-31,CUST0008,Groceries,204.66,False,Morning
TXN04187,2026-08-31,CUST0033,Beverages,145.36,True,Evening
TXN04188,2026-08-31,CUST0043,Household,298.18,True,Evening
TXN04189,2026-08-31,CUST0046,Snacks,89.13,False,Evening
TXN04190,2026-08-31,CUST0053,Groceries,143.43,False,Afternoon
TXN04191,2026-08-31,CUST0056,Household,104.11,True,Afternoon
TXN04192,2026-08-31,CUST0059,Household,277.4,True,Morning
TXN04193,2026-08-31,CUST0065,Groceries,194.0,False,Morning
TXN04194,2026-08-31,CUST0069,Beverages,108.58,True,Evening
TXN04195,2026-08-31,CUST0070,Snacks,101.62,False,Evening
TXN04196,2026-08-31,CUST0075,Groceries,142.94,True,Evening
TXN04197,2026-08-31,CUST0096,Household,204.71,True,Afternoon
TXN04198,2026-08-31,CUST0098,Snacks,118.85,False,Morning
TXN04199,2026-08-31,CUST0101,Dairy,109.14,False,Afternoon
TXN04200,2026-08-31,CUST0111,Snacks,59.44,True,Afternoon
TXN04201,2026-08-31,CUST0116,Snacks,57.15,False,Evening
TXN04202,2026-08-31,CUST0119,Snacks,36.08,True,Evening
TXN04203,2026-08-31,CUST0123,Dairy,96.97,False,Morning
TXN04204,2026-08-31,CUST0125,Household,41.64,False,Evening
TXN04205,2026-08-31,CUST0127,Household,182.66,False,Afternoon
TXN04206,2026-08-31,CUST0137,Beverages,43.62,True,Evening
TXN04207,2026-08-31,CUST0144,Groceries,187.12,True,Afternoon
TXN04208,2026-08-31,CUST0152,Groceries,322.51,True,Evening
TXN04209,2026-08-31,CUST0163,Groceries,167.62,True,Morning
TXN04210,2026-08-31,CUST0167,Household,51.87,True,Evening
TXN04211,2026-08-31,CUST0170,Groceries,292.27,False,Afternoon
TXN04212,2026-08-31,CUST0171,Snacks,15.1,True,Evening
TXN04213,2026-08-31,CUST0172,Groceries,166.22,False,Evening
TXN04214,2026-08-31,CUST0186,Snacks,117.18,True,Afternoon
TXN04215,2026-08-31,CUST0192,Snacks,88.62,False,Afternoon
TXN04216,2026-08-31,CUST0194,Beverages,119.06,False,Evening
TXN04217,2026-08-31,CUST0202,Groceries,248.66,False,Evening
TXN04218,2026-08-31,CUST0210,Groceries,163.8,False,Evening
TXN04219,2026-08-31,CUST0213,Dairy,120.35,False,Morning
TXN04220,2026-08-31,CUST0236,Household,296.17,False,Morning
TXN04221,2026-08-31,CUST0242,Snacks,25.79,False,Morning
TXN04222,2026-08-31,CUST0248,Beverages,125.15,False,Morning
TXN04223,2026-08-31,CUST0257,Beverages,47.16,False,Morning
TXN04224,2026-08-31,CUST0262,Dairy,65.47,True,Evening
TXN04225,2026-08-31,CUST0263,Snacks,64.31,True,Afternoon
TXN04226,2026-08-31,CUST0278,Household,285.96,False,Evening
TXN04227,2026-08-31,CUST0280,Dairy,31.38,True,Afternoon
TXN04228,2026-08-31,CUST0290,Household,107.43,True,Evening
TXN04229,2026-08-31,CUST0292,Dairy,31.73,True,Morning
TXN04230,2026-08-31,CUST0293,Household,144.17,False,Morning
TXN04231,2026-08-31,CUST0294,Beverages,38.78,False,Afternoon
TXN04232,2026-08-31,CUST0299,Household,265.19,True,Morning
TXN04233,2026-08-31,CUST0302,Groceries,232.73,False,Afternoon
TXN04234,2026-08-31,CUST0307,Household,179.73,False,Afternoon
TXN04235,2026-08-31,CUST0314,Household,254.36,False,Evening
TXN04236,2026-08-31,CUST0315,Household,44.83,True,Morning
TXN04237,2026-08-31,CUST0323,Dairy,119.25,False,Afternoon
TXN04238,2026-08-31,CUST0326,Beverages,165.97,True,Evening
TXN04239,2026-08-31,CUST0329,Beverages,120.44,True,Evening
TXN04240,2026-08-31,CUST0334,Dairy,83.96,True,Morning
TXN04241,2026-08-31,CUST0336,Snacks,25.99,True,Afternoon
TXN04242,2026-08-31,CUST0338,Snacks,61.86,False,Afternoon
TXN04243,2026-08-31,CUST0347,Household,242.43,False,Morning
TXN04244,2026-08-31,CUST0349,Dairy,122.58,False,Afternoon
TXN04245,2026-08-31,CUST0359,Groceries,288.55,True,Morning
TXN04246,2026-08-31,CUST0360,Beverages,99.23,False,Evening
TXN04247,2026-08-31,CUST0375,Household,101.51,False,Morning
TXN04248,2026-08-31,CUST0377,Dairy,161.94,False,Morning
TXN04249,2026-08-31,CUST0381,Beverages,106.84,True,Morning
TXN04250,2026-08-31,CUST0383,Household,136.18,True,Morning
TXN04251,2026-08-31,CUST0385,Household,367.01,False,Evening
TXN04252,2026-08-31,CUST0388,Groceries,271.53,True,Afternoon
TXN04253,2026-08-31,CUST0391,Household,79.58,True,Evening
TXN04254,2026-08-31,CUST0401,Beverages,90.73,True,Morning
TXN04255,2026-08-31,CUST0410,Beverages,190.87,True,Morning
TXN04256,2026-08-31,CUST0420,Household,51.75,True,Morning
TXN04257,2026-08-31,CUST0423,Groceries,285.0,False,Morning
TXN04258,2026-08-31,CUST0424,Beverages,101.05,False,Afternoon
TXN04259,2026-08-31,CUST0425,Groceries,187.83,True,Afternoon
TXN04260,2026-08-31,CUST0438,Snacks,39.63,False,Morning
TXN04261,2026-08-31,CUST0440,Dairy,82.75,True,Evening
TXN04262,2026-08-31,CUST0451,Household,207.49,True,Evening
TXN04263,2026-08-31,CUST0456,Dairy,58.61,True,Evening
TXN04264,2026-08-31,CUST0461,Household,265.49,True,Evening
TXN04265,2026-08-31,CUST0470,Dairy,144.16,False,Afternoon
TXN04266,2026-08-31,CUST0483,Groceries,188.49,True,Morning
TXN04267,2026-08-31,CUST0487,Household,343.52,True,Morning
TXN04268,2026-08-31,CUST0489,Groceries,77.08,False,Morning
TXN04269,2026-08-31,CUST0496,Beverages,196.28,True,Morning
TXN04270,2026-08-31,CUST0497,Beverages,92.77,True,Afternoon
TXN04271,2026-08-31,CUST0505,Household,230.19,True,Morning
TXN04272,2026-08-31,CUST0510,Dairy,92.84,True,Morning
TXN04273,2026-08-31,CUST0515,Snacks,111.66,False,Afternoon
TXN04274,2026-08-31,CUST0516,Dairy,21.95,True,Evening
TXN04275,2026-08-31,CUST0517,Household,53.98,True,Morning
TXN04276,2026-08-31,CUST0521,Dairy,156.32,False,Evening
TXN04277,2026-08-31,CUST0523,Household,347.42,True,Morning
TXN04278,2026-08-31,CUST0524,Snacks,55.1,True,Evening
TXN04279,2026-08-31,CUST0526,Groceries,206.07,False,Afternoon
TXN04280,2026-08-31,CUST0527,Snacks,94.0,False,Afternoon
TXN04281,2026-08-31,CUST0533,Dairy,91.9,False,Evening
TXN04282,2026-08-31,CUST0538,Dairy,125.71,True,Evening
TXN04283,2026-08-31,CUST0549,Dairy,80.99,True,Evening
TXN04284,2026-08-31,CUST0550,Snacks,109.78,True,Morning
TXN04285,2026-08-31,CUST0573,Beverages,172.68,False,Afternoon
TXN04286,2026-08-31,CUST0582,Household,352.3,False,Morning
TXN04287,2026-08-31,CUST0584,Household,283.39,False,Afternoon
TXN04288,2026-08-31,CUST0606,Dairy,29.4,True,Afternoon
TXN04289,2026-08-31,CUST0607,Beverages,176.35,True,Afternoon
TXN04290,2026-09-01,CUST0006,Groceries,82.25,True,Afternoon
TXN04291,2026-09-01,CUST0019,Beverages,55.15,False,Afternoon
TXN04292,2026-09-01,CUST0027,Beverages,135.88,False,Evening
TXN04293,2026-09-01,CUST0037,Beverages,158.49,True,Afternoon
TXN04294,2026-09-01,CUST0040,Dairy,95.29,True,Morning
TXN04295,2026-09-01,CUST0047,Dairy,43.55,False,Evening
TXN04296,2026-09-01,CUST0050,Dairy,111.03,True,Afternoon
TXN04297,2026-09-01,CUST0056,Dairy,161.84,True,Afternoon
TXN04298,2026-09-01,CUST0057,Snacks,104.95,False,Morning
TXN04299,2026-09-01,CUST0068,Household,99.26,False,Afternoon
TXN04300,2026-09-01,CUST0075,Household,354.36,True,Evening
TXN04301,2026-09-01,CUST0085,Dairy,140.92,False,Evening
TXN04302,2026-09-01,CUST0091,Groceries,154.73,False,Morning
TXN04303,2026-09-01,CUST0095,Dairy,153.69,False,Morning
TXN04304,2026-09-01,CUST0141,Dairy,44.51,False,Afternoon
TXN04305,2026-09-01,CUST0144,Snacks,96.02,True,Afternoon
TXN04306,2026-09-01,CUST0147,Beverages,145.26,True,Morning
TXN04307,2026-09-01,CUST0148,Groceries,178.75,False,Evening
TXN04308,2026-09-01,CUST0158,Household,273.47,True,Afternoon
TXN04309,2026-09-01,CUST0166,Dairy,97.56,True,Evening
TXN04310,2026-09-01,CUST0178,Groceries,252.84,False,Afternoon
TXN04311,2026-09-01,CUST0181,Snacks,32.65,True,Evening
TXN04312,2026-09-01,CUST0191,Groceries,68.45,False,Morning
TXN04313,2026-09-01,CUST0197,Household,39.5,True,Afternoon
TXN04314,2026-09-01,CUST0199,Snacks,118.06,True,Evening
TXN04315,2026-09-01,CUST0207,Household,397.62,False,Morning
TXN04316,2026-09-01,CUST0209,Beverages,161.73,False,Afternoon
TXN04317,2026-09-01,CUST0213,Beverages,34.59,False,Morning
TXN04318,2026-09-01,CUST0227,Groceries,60.37,False,Afternoon
TXN04319,2026-09-01,CUST0231,Groceries,261.15,True,Evening
TXN04320,2026-09-01,CUST0238,Groceries,80.66,True,Morning
TXN04321,2026-09-01,CUST0243,Dairy,132.52,True,Evening
TXN04322,2026-09-01,CUST0247,Groceries,205.25,False,Afternoon
TXN04323,2026-09-01,CUST0249,Household,110.9,True,Evening
TXN04324,2026-09-01,CUST0257,Snacks,38.65,False,Morning
TXN04325,2026-09-01,CUST0259,Groceries,182.5,False,Afternoon
TXN04326,2026-09-01,CUST0265,Dairy,106.91,True,Evening
TXN04327,2026-09-01,CUST0268,Groceries,303.68,True,Afternoon
TXN04328,2026-09-01,CUST0277,Dairy,150.55,False,Afternoon
TXN04329,2026-09-01,CUST0278,Household,213.27,False,Evening
TXN04330,2026-09-01,CUST0280,Snacks,53.27,True,Afternoon
TXN04331,2026-09-01,CUST0285,Snacks,39.01,False,Afternoon
TXN04332,2026-09-01,CUST0290,Dairy,72.07,True,Evening
TXN04333,2026-09-01,CUST0296,Snacks,84.88,True,Morning
TXN04334,2026-09-01,CUST0298,Dairy,125.2,False,Morning
TXN04335,2026-09-01,CUST0299,Household,193.96,True,Morning
TXN04336,2026-09-01,CUST0305,Snacks,24.8,False,Afternoon
TXN04337,2026-09-01,CUST0312,Household,113.36,False,Afternoon
TXN04338,2026-09-01,CUST0317,Snacks,106.73,True,Afternoon
TXN04339,2026-09-01,CUST0318,Beverages,77.23,False,Morning
TXN04340,2026-09-01,CUST0322,Snacks,60.21,False,Evening
TXN04341,2026-09-01,CUST0324,Household,164.21,False,Morning
TXN04342,2026-09-01,CUST0338,Beverages,43.47,False,Afternoon
TXN04343,2026-09-01,CUST0341,Dairy,20.35,False,Morning
TXN04344,2026-09-01,CUST0348,Beverages,44.62,True,Evening
TXN04345,2026-09-01,CUST0359,Household,64.83,True,Morning
TXN04346,2026-09-01,CUST0360,Dairy,127.78,False,Evening
TXN04347,2026-09-01,CUST0364,Beverages,142.93,False,Morning
TXN04348,2026-09-01,CUST0374,Beverages,196.34,True,Evening
TXN04349,2026-09-01,CUST0375,Dairy,81.35,False,Morning
TXN04350,2026-09-01,CUST0380,Snacks,97.45,False,Morning
TXN04351,2026-09-01,CUST0389,Snacks,53.15,True,Evening
TXN04352,2026-09-01,CUST0390,Beverages,193.16,True,Afternoon
TXN04353,2026-09-01,CUST0400,Household,284.53,False,Afternoon
TXN04354,2026-09-01,CUST0404,Beverages,29.34,True,Morning
TXN04355,2026-09-01,CUST0412,Dairy,86.93,False,Evening
TXN04356,2026-09-01,CUST0421,Groceries,98.34,False,Morning
TXN04357,2026-09-01,CUST0424,Dairy,107.36,False,Afternoon
TXN04358,2026-09-01,CUST0430,Household,121.51,False,Evening
TXN04359,2026-09-01,CUST0439,Beverages,155.01,False,Afternoon
TXN04360,2026-09-01,CUST0442,Beverages,53.64,True,Afternoon
TXN04361,2026-09-01,CUST0462,Groceries,241.12,False,Evening
TXN04362,2026-09-01,CUST0470,Beverages,126.32,False,Afternoon
TXN04363,2026-09-01,CUST0471,Household,74.33,True,Afternoon
TXN04364,2026-09-01,CUST0480,Dairy,170.21,False,Afternoon
TXN04365,2026-09-01,CUST0491,Snacks,34.5,True,Afternoon
TXN04366,2026-09-01,CUST0497,Household,210.92,True,Afternoon
TXN04367,2026-09-01,CUST0518,Snacks,117.72,True,Evening
TXN04368,2026-09-01,CUST0526,Snacks,40.96,True,Afternoon
TXN04369,2026-09-01,CUST0543,Household,110.82,False,Afternoon
TXN04370,2026-09-01,CUST0547,Beverages,38.8,False,Evening
TXN04371,2026-09-01,CUST0549,Household,180.03,True,Evening
TXN04372,2026-09-01,CUST0553,Dairy,69.31,False,Afternoon
TXN04373,2026-09-01,CUST0554,Household,176.96,True,Evening
TXN04374,2026-09-01,CUST0563,Snacks,100.09,False,Afternoon
TXN04375,2026-09-01,CUST0567,Snacks,34.54,True,Evening
TXN04376,2026-09-01,CUST0571,Dairy,105.46,True,Afternoon
TXN04377,2026-09-01,CUST0579,Household,307.36,True,Morning
TXN04378,2026-09-01,CUST0581,Snacks,63.43,False,Afternoon
TXN04379,2026-09-01,CUST0582,Household,105.84,False,Morning
TXN04380,2026-09-01,CUST0588,Snacks,112.83,True,Morning
TXN04381,2026-09-01,CUST0593,Groceries,281.32,False,Evening
TXN04382,2026-09-01,CUST0596,Household,115.62,False,Afternoon
TXN04383,2026-09-01,CUST0598,Beverages,176.93,True,Afternoon
TXN04384,2026-09-01,CUST0601,Groceries,132.45,False,Morning
TXN04385,2026-09-01,CUST0608,Beverages,194.4,False,Evening
TXN04386,2026-09-01,CUST0612,Beverages,31.61,False,Afternoon
TXN04387,2026-09-01,CUST0614,Snacks,114.54,True,Evening
TXN04388,2026-09-01,CUST0615,Beverages,161.81,False,Afternoon
TXN04389,2026-09-02,CUST0005,Snacks,74.22,True,Afternoon
TXN04390,2026-09-02,CUST0011,Groceries,134.71,False,Morning
TXN04391,2026-09-02,CUST0012,Dairy,20.53,True,Morning
TXN04392,2026-09-02,CUST0017,Snacks,66.46,False,Morning
TXN04393,2026-09-02,CUST0019,Household,103.11,False,Afternoon
TXN04394,2026-09-02,CUST0023,Dairy,168.13,False,Evening
TXN04395,2026-09-02,CUST0025,Dairy,121.7,True,Afternoon
TXN04396,2026-09-02,CUST0027,Groceries,152.77,False,Evening
TXN04397,2026-09-02,CUST0030,Beverages,118.61,True,Evening
TXN04398,2026-09-02,CUST0031,Dairy,83.6,False,Morning
TXN04399,2026-09-02,CUST0033,Dairy,59.1,True,Evening
TXN04400,2026-09-02,CUST0038,Household,144.62,False,Evening
TXN04401,2026-09-02,CUST0045,Groceries,116.94,True,Morning
TXN04402,2026-09-02,CUST0047,Beverages,114.38,False,Evening
TXN04403,2026-09-02,CUST0056,Beverages,181.23,False,Afternoon
TXN04404,2026-09-02,CUST0068,Dairy,26.84,False,Afternoon
TXN04405,2026-09-02,CUST0069,Snacks,100.49,True,Evening
TXN04406,2026-09-02,CUST0071,Household,325.92,True,Afternoon
TXN04407,2026-09-02,CUST0075,Household,214.37,True,Evening
TXN04408,2026-09-02,CUST0089,Beverages,60.27,False,Evening
TXN04409,2026-09-02,CUST0095,Household,231.48,False,Morning
TXN04410,2026-09-02,CUST0098,Dairy,148.48,False,Morning
TXN04411,2026-09-02,CUST0102,Household,390.46,False,Evening
TXN04412,2026-09-02,CUST0117,Household,179.73,False,Morning
TXN04413,2026-09-02,CUST0141,Snacks,47.77,False,Afternoon
TXN04414,2026-09-02,CUST0144,Beverages,180.17,True,Afternoon
TXN04415,2026-09-02,CUST0148,Household,213.72,False,Evening
TXN04416,2026-09-02,CUST0149,Groceries,345.69,True,Afternoon
TXN04417,2026-09-02,CUST0163,Beverages,198.75,True,Morning
TXN04418,2026-09-02,CUST0164,Dairy,98.54,False,Morning
TXN04419,2026-09-02,CUST0165,Dairy,89.93,True,Evening
TXN04420,2026-09-02,CUST0167,Household,147.96,True,Evening
TXN04421,2026-09-02,CUST0168,Household,317.38,True,Afternoon
TXN04422,2026-09-02,CUST0180,Household,323.91,False,Afternoon
TXN04423,2026-09-02,CUST0184,Household,168.19,False,Evening
TXN04424,2026-09-02,CUST0201,Snacks,27.16,False,Morning
TXN04425,2026-09-02,CUST0203,Groceries,271.37,False,Evening
TXN04426,2026-09-02,CUST0214,Snacks,87.83,False,Morning
TXN04427,2026-09-02,CUST0230,Beverages,58.34,True,Afternoon
TXN04428,2026-09-02,CUST0231,Groceries,155.54,True,Evening
TXN04429,2026-09-02,CUST0250,Household,393.02,False,Evening
TXN04430,2026-09-02,CUST0254,Household,74.75,False,Evening
TXN04431,2026-09-02,CUST0258,Dairy,45.31,False,Morning
TXN04432,2026-09-02,CUST0267,Dairy,63.95,False,Afternoon
TXN04433,2026-09-02,CUST0281,Dairy,170.58,True,Evening
TXN04434,2026-09-02,CUST0285,Snacks,26.46,False,Afternoon
TXN04435,2026-09-02,CUST0297,Dairy,63.41,False,Afternoon
TXN04436,2026-09-02,CUST0307,Beverages,78.5,True,Afternoon
TXN04437,2026-09-02,CUST0308,Dairy,106.09,True,Afternoon
TXN04438,2026-09-02,CUST0318,Household,173.15,False,Morning
TXN04439,2026-09-02,CUST0330,Snacks,27.83,True,Evening
TXN04440,2026-09-02,CUST0332,Beverages,74.93,True,Afternoon
TXN04441,2026-09-02,CUST0336,Groceries,180.35,True,Afternoon
TXN04442,2026-09-02,CUST0341,Snacks,41.52,False,Morning
TXN04443,2026-09-02,CUST0343,Household,132.59,False,Evening
TXN04444,2026-09-02,CUST0344,Snacks,117.91,False,Morning
TXN04445,2026-09-02,CUST0347,Snacks,55.09,False,Morning
TXN04446,2026-09-02,CUST0348,Household,232.07,False,Evening
TXN04447,2026-09-02,CUST0350,Snacks,58.46,False,Afternoon
TXN04448,2026-09-02,CUST0352,Groceries,213.55,False,Afternoon
TXN04449,2026-09-02,CUST0356,Household,162.54,True,Evening
TXN04450,2026-09-02,CUST0359,Beverages,134.89,False,Morning
TXN04451,2026-09-02,CUST0388,Household,78.04,True,Afternoon
TXN04452,2026-09-02,CUST0391,Snacks,57.25,True,Evening
TXN04453,2026-09-02,CUST0407,Beverages,139.13,True,Afternoon
TXN04454,2026-09-02,CUST0414,Groceries,284.86,True,Afternoon
TXN04455,2026-09-02,CUST0424,Groceries,226.34,False,Afternoon
TXN04456,2026-09-02,CUST0426,Snacks,28.97,True,Evening
TXN04457,2026-09-02,CUST0429,Snacks,81.91,True,Afternoon
TXN04458,2026-09-02,CUST0432,Household,221.39,False,Evening
TXN04459,2026-09-02,CUST0433,Dairy,96.86,False,Afternoon
TXN04460,2026-09-02,CUST0438,Dairy,56.19,True,Morning
TXN04461,2026-09-02,CUST0442,Groceries,210.94,True,Afternoon
TXN04462,2026-09-02,CUST0449,Beverages,172.22,False,Morning
TXN04463,2026-09-02,CUST0451,Household,134.1,True,Evening
TXN04464,2026-09-02,CUST0452,Snacks,21.61,False,Afternoon
TXN04465,2026-09-02,CUST0457,Household,166.38,True,Afternoon
TXN04466,2026-09-02,CUST0486,Snacks,101.68,True,Morning
TXN04467,2026-09-02,CUST0489,Beverages,141.96,False,Morning
TXN04468,2026-09-02,CUST0492,Beverages,39.82,False,Evening
TXN04469,2026-09-02,CUST0511,Snacks,20.44,True,Morning
TXN04470,2026-09-02,CUST0516,Household,258.22,True,Evening
TXN04471,2026-09-02,CUST0523,Household,87.55,True,Morning
TXN04472,2026-09-02,CUST0524,Groceries,137.83,True,Evening
TXN04473,2026-09-02,CUST0534,Beverages,198.22,False,Morning
TXN04474,2026-09-02,CUST0537,Beverages,87.11,False,Afternoon
TXN04475,2026-09-02,CUST0543,Groceries,303.23,False,Afternoon
TXN04476,2026-09-02,CUST0550,Household,82.61,True,Morning
TXN04477,2026-09-02,CUST0565,Dairy,115.09,True,Afternoon
TXN04478,2026-09-02,CUST0568,Snacks,23.34,False,Evening
TXN04479,2026-09-02,CUST0574,Beverages,189.54,True,Afternoon
TXN04480,2026-09-02,CUST0577,Beverages,67.39,False,Afternoon
TXN04481,2026-09-02,CUST0579,Groceries,213.86,True,Morning
TXN04482,2026-09-02,CUST0588,Household,308.86,True,Morning
TXN04483,2026-09-02,CUST0605,Dairy,25.53,True,Evening
TXN04484,2026-09-02,CUST0608,Household,323.47,False,Evening
TXN04485,2026-09-02,CUST0610,Household,392.92,False,Afternoon
TXN04486,2026-09-02,CUST0612,Household,335.58,False,Afternoon
TXN04487,2026-09-02,CUST0616,Dairy,26.63,True,Morning
TXN04488,2026-09-02,CUST0620,Household,117.15,True,Morning
TXN04489,2026-09-03,CUST0005,Groceries,96.07,True,Afternoon
TXN04490,2026-09-03,CUST0030,Dairy,37.02,True,Evening
TXN04491,2026-09-03,CUST0033,Groceries,63.32,True,Evening
TXN04492,2026-09-03,CUST0040,Household,139.23,True,Morning
TXN04493,2026-09-03,CUST0044,Groceries,210.45,False,Evening
TXN04494,2026-09-03,CUST0045,Snacks,30.58,True,Morning
TXN04495,2026-09-03,CUST0055,Groceries,285.13,True,Evening
TXN04496,2026-09-03,CUST0065,Dairy,149.01,False,Morning
TXN04497,2026-09-03,CUST0066,Snacks,64.45,False,Evening
TXN04498,2026-09-03,CUST0083,Dairy,148.89,False,Afternoon
TXN04499,2026-09-03,CUST0093,Groceries,293.69,True,Afternoon
TXN04500,2026-09-03,CUST0104,Groceries,129.59,False,Evening
TXN04501,2026-09-03,CUST0106,Dairy,23.97,True,Afternoon
TXN04502,2026-09-03,CUST0108,Household,344.0,True,Afternoon
TXN04503,2026-09-03,CUST0114,Beverages,100.98,False,Morning
TXN04504,2026-09-03,CUST0119,Groceries,72.27,True,Evening
TXN04505,2026-09-03,CUST0122,Dairy,154.83,False,Afternoon
TXN04506,2026-09-03,CUST0124,Household,326.56,False,Afternoon
TXN04507,2026-09-03,CUST0129,Groceries,282.66,False,Morning
TXN04508,2026-09-03,CUST0140,Dairy,143.48,False,Afternoon
TXN04509,2026-09-03,CUST0152,Household,221.12,True,Evening
TXN04510,2026-09-03,CUST0163,Household,209.08,True,Morning
TXN04511,2026-09-03,CUST0165,Household,312.99,False,Evening
TXN04512,2026-09-03,CUST0181,Dairy,70.8,True,Evening
TXN04513,2026-09-03,CUST0193,Dairy,175.87,False,Evening
TXN04514,2026-09-03,CUST0197,Snacks,86.02,True,Afternoon
TXN04515,2026-09-03,CUST0206,Beverages,190.55,False,Afternoon
TXN04516,2026-09-03,CUST0216,Groceries,152.03,False,Afternoon
TXN04517,2026-09-03,CUST0236,Household,177.11,False,Morning
TXN04518,2026-09-03,CUST0242,Groceries,238.06,False,Morning
TXN04519,2026-09-03,CUST0260,Household,201.59,True,Morning
TXN04520,2026-09-03,CUST0264,Household,135.84,True,Morning
TXN04521,2026-09-03,CUST0275,Dairy,109.62,False,Evening
TXN04522,2026-09-03,CUST0280,Dairy,90.09,False,Afternoon
TXN04523,2026-09-03,CUST0285,Beverages,184.52,False,Afternoon
TXN04524,2026-09-03,CUST0290,Household,390.65,True,Evening
TXN04525,2026-09-03,CUST0303,Household,167.16,False,Evening
TXN04526,2026-09-03,CUST0307,Beverages,76.99,True,Afternoon
TXN04527,2026-09-03,CUST0311,Groceries,149.88,True,Afternoon
TXN04528,2026-09-03,CUST0315,Household,185.22,True,Morning
TXN04529,2026-09-03,CUST0317,Beverages,141.64,True,Afternoon
TXN04530,2026-09-03,CUST0319,Beverages,160.28,True,Afternoon
TXN04531,2026-09-03,CUST0324,Snacks,53.04,True,Morning
TXN04532,2026-09-03,CUST0329,Dairy,160.79,True,Evening
TXN04533,2026-09-03,CUST0336,Beverages,139.76,True,Afternoon
TXN04534,2026-09-03,CUST0337,Household,349.82,True,Afternoon
TXN04535,2026-09-03,CUST0349,Groceries,81.75,False,Afternoon
TXN04536,2026-09-03,CUST0354,Snacks,55.44,True,Afternoon
TXN04537,2026-09-03,CUST0359,Household,134.26,True,Morning
TXN04538,2026-09-03,CUST0363,Dairy,24.61,False,Afternoon
TXN04539,2026-09-03,CUST0381,Household,266.78,True,Morning
TXN04540,2026-09-03,CUST0388,Household,46.19,True,Afternoon
TXN04541,2026-09-03,CUST0389,Beverages,120.16,True,Evening
TXN04542,2026-09-03,CUST0393,Dairy,20.01,True,Morning
TXN04543,2026-09-03,CUST0400,Dairy,28.18,False,Afternoon
TXN04544,2026-09-03,CUST0406,Household,241.31,True,Evening
TXN04545,2026-09-03,CUST0412,Snacks,43.26,False,Evening
TXN04546,2026-09-03,CUST0421,Dairy,119.14,False,Morning
TXN04547,2026-09-03,CUST0444,Dairy,170.42,True,Evening
TXN04548,2026-09-03,CUST0455,Household,60.21,False,Morning
TXN04549,2026-09-03,CUST0461,Dairy,113.92,True,Evening
TXN04550,2026-09-03,CUST0474,Household,250.45,False,Afternoon
TXN04551,2026-09-03,CUST0485,Dairy,102.13,True,Morning
TXN04552,2026-09-03,CUST0490,Groceries,218.66,True,Morning
TXN04553,2026-09-03,CUST0491,Beverages,194.78,True,Afternoon
TXN04554,2026-09-03,CUST0493,Household,273.01,False,Morning
TXN04555,2026-09-03,CUST0500,Household,135.53,True,Evening
TXN04556,2026-09-03,CUST0507,Snacks,119.42,False,Evening
TXN04557,2026-09-03,CUST0512,Beverages,71.99,True,Afternoon
TXN04558,2026-09-03,CUST0514,Snacks,87.93,False,Morning
TXN04559,2026-09-03,CUST0516,Dairy,80.83,True,Evening
TXN04560,2026-09-03,CUST0523,Snacks,27.19,True,Morning
TXN04561,2026-09-03,CUST0543,Household,78.85,False,Afternoon
TXN04562,2026-09-03,CUST0545,Beverages,41.54,False,Evening
TXN04563,2026-09-03,CUST0554,Groceries,294.19,True,Evening
TXN04564,2026-09-03,CUST0555,Dairy,45.1,False,Evening
TXN04565,2026-09-03,CUST0556,Beverages,108.43,True,Afternoon
TXN04566,2026-09-03,CUST0569,Beverages,97.38,True,Afternoon
TXN04567,2026-09-03,CUST0572,Household,312.02,True,Afternoon
TXN04568,2026-09-03,CUST0575,Household,144.66,False,Morning
TXN04569,2026-09-03,CUST0579,Snacks,42.43,True,Morning
TXN04570,2026-09-03,CUST0591,Snacks,54.05,False,Evening
TXN04571,2026-09-03,CUST0594,Dairy,97.18,True,Evening
TXN04572,2026-09-03,CUST0601,Household,346.54,False,Morning
TXN04573,2026-09-03,CUST0608,Dairy,59.38,False,Evening
TXN04574,2026-09-03,CUST0616,Beverages,26.02,True,Morning
TXN04575,2026-09-04,CUST0024,Groceries,257.19,True,Evening
TXN04576,2026-09-04,CUST0030,Snacks,34.85,True,Evening
TXN04577,2026-09-04,CUST0037,Groceries,306.46,True,Afternoon
TXN04578,2026-09-04,CUST0038,Household,37.34,False,Evening
TXN04579,2026-09-04,CUST0057,Groceries,193.76,False,Morning
TXN04580,2026-09-04,CUST0065,Dairy,142.39,False,Morning
TXN04581,2026-09-04,CUST0069,Snacks,87.77,True,Evening
TXN04582,2026-09-04,CUST0083,Household,104.43,False,Afternoon
TXN04583,2026-09-04,CUST0085,Dairy,35.94,False,Evening
TXN04584,2026-09-04,CUST0088,Beverages,155.13,False,Afternoon
TXN04585,2026-09-04,CUST0089,Household,31.07,False,Evening
TXN04586,2026-09-04,CUST0097,Household,389.08,True,Afternoon
TXN04587,2026-09-04,CUST0100,Household,266.18,False,Afternoon
TXN04588,2026-09-04,CUST0104,Dairy,72.92,False,Evening
TXN04589,2026-09-04,CUST0105,Groceries,123.39,False,Evening
TXN04590,2026-09-04,CUST0110,Dairy,123.94,True,Evening
TXN04591,2026-09-04,CUST0117,Groceries,236.39,False,Morning
TXN04592,2026-09-04,CUST0123,Dairy,61.04,False,Morning
TXN04593,2026-09-04,CUST0129,Household,361.1,False,Morning
TXN04594,2026-09-04,CUST0133,Snacks,83.88,False,Afternoon
TXN04595,2026-09-04,CUST0137,Groceries,197.04,True,Evening
TXN04596,2026-09-04,CUST0148,Dairy,109.05,False,Evening
TXN04597,2026-09-04,CUST0155,Snacks,90.24,True,Evening
TXN04598,2026-09-04,CUST0160,Beverages,195.38,False,Evening
TXN04599,2026-09-04,CUST0169,Household,328.7,True,Afternoon
TXN04600,2026-09-04,CUST0177,Household,149.54,False,Afternoon
TXN04601,2026-09-04,CUST0185,Dairy,22.9,True,Afternoon
TXN04602,2026-09-04,CUST0197,Groceries,301.99,False,Afternoon
TXN04603,2026-09-04,CUST0198,Groceries,342.53,False,Evening
TXN04604,2026-09-04,CUST0199,Household,70.26,True,Evening
TXN04605,2026-09-04,CUST0207,Snacks,112.64,False,Morning
TXN04606,2026-09-04,CUST0209,Beverages,52.33,False,Afternoon
TXN04607,2026-09-04,CUST0211,Dairy,130.62,True,Afternoon
TXN04608,2026-09-04,CUST0212,Groceries,69.92,True,Afternoon
TXN04609,2026-09-04,CUST0219,Beverages,171.33,False,Afternoon
TXN04610,2026-09-04,CUST0248,Household,44.71,False,Morning
TXN04611,2026-09-04,CUST0249,Dairy,163.38,True,Evening
TXN04612,2026-09-04,CUST0252,Groceries,263.61,True,Afternoon
TXN04613,2026-09-04,CUST0267,Dairy,130.59,False,Afternoon
TXN04614,2026-09-04,CUST0270,Household,91.49,True,Evening
TXN04615,2026-09-04,CUST0272,Beverages,174.48,False,Afternoon
TXN04616,2026-09-04,CUST0275,Beverages,189.29,False,Evening
TXN04617,2026-09-04,CUST0278,Beverages,199.02,False,Evening
TXN04618,2026-09-04,CUST0281,Beverages,175.81,True,Evening
TXN04619,2026-09-04,CUST0290,Beverages,197.79,True,Evening
TXN04620,2026-09-04,CUST0293,Beverages,63.59,False,Morning
TXN04621,2026-09-04,CUST0302,Household,132.98,True,Afternoon
TXN04622,2026-09-04,CUST0303,Snacks,73.05,False,Evening
TXN04623,2026-09-04,CUST0307,Beverages,103.19,True,Afternoon
TXN04624,2026-09-04,CUST0310,Beverages,28.79,True,Afternoon
TXN04625,2026-09-04,CUST0311,Snacks,50.73,True,Afternoon
TXN04626,2026-09-04,CUST0313,Dairy,75.26,False,Afternoon
TXN04627,2026-09-04,CUST0314,Dairy,138.57,False,Evening
TXN04628,2026-09-04,CUST0316,Household,31.66,False,Evening
TXN04629,2026-09-04,CUST0329,Beverages,68.68,True,Evening
TXN04630,2026-09-04,CUST0332,Household,241.41,True,Afternoon
TXN04631,2026-09-04,CUST0339,Snacks,99.3,True,Morning
TXN04632,2026-09-04,CUST0342,Groceries,271.26,True,Afternoon
TXN04633,2026-09-04,CUST0346,Snacks,117.74,True,Afternoon
TXN04634,2026-09-04,CUST0358,Dairy,87.89,False,Morning
TXN04635,2026-09-04,CUST0363,Dairy,23.75,False,Afternoon
TXN04636,2026-09-04,CUST0369,Dairy,67.74,True,Evening
TXN04637,2026-09-04,CUST0378,Groceries,53.33,False,Afternoon
TXN04638,2026-09-04,CUST0379,Household,227.39,False,Afternoon
TXN04639,2026-09-04,CUST0381,Snacks,40.28,False,Morning
TXN04640,2026-09-04,CUST0402,Beverages,38.88,False,Morning
TXN04641,2026-09-04,CUST0403,Groceries,267.28,True,Afternoon
TXN04642,2026-09-04,CUST0412,Beverages,109.41,False,Evening
TXN04643,2026-09-04,CUST0415,Snacks,76.34,True,Afternoon
TXN04644,2026-09-04,CUST0419,Dairy,130.03,False,Morning
TXN04645,2026-09-04,CUST0423,Groceries,127.8,True,Morning
TXN04646,2026-09-04,CUST0424,Household,136.99,False,Afternoon
TXN04647,2026-09-04,CUST0426,Groceries,58.29,True,Evening
TXN04648,2026-09-04,CUST0429,Groceries,288.22,True,Afternoon
TXN04649,2026-09-04,CUST0430,Groceries,152.97,False,Evening
TXN04650,2026-09-04,CUST0435,Household,194.6,True,Afternoon
TXN04651,2026-09-04,CUST0442,Snacks,27.65,True,Afternoon
TXN04652,2026-09-04,CUST0449,Snacks,27.83,True,Morning
TXN04653,2026-09-04,CUST0451,Household,343.05,True,Evening
TXN04654,2026-09-04,CUST0455,Groceries,240.62,False,Morning
TXN04655,2026-09-04,CUST0461,Snacks,51.52,True,Evening
TXN04656,2026-09-04,CUST0465,Dairy,21.1,False,Morning
TXN04657,2026-09-04,CUST0466,Groceries,209.18,False,Evening
TXN04658,2026-09-04,CUST0470,Groceries,210.13,False,Afternoon
TXN04659,2026-09-04,CUST0481,Beverages,153.69,True,Afternoon
TXN04660,2026-09-04,CUST0483,Beverages,197.04,False,Morning
TXN04661,2026-09-04,CUST0486,Beverages,131.95,True,Morning
TXN04662,2026-09-04,CUST0487,Beverages,104.04,True,Morning
TXN04663,2026-09-04,CUST0503,Snacks,101.19,False,Morning
TXN04664,2026-09-04,CUST0516,Groceries,335.18,True,Evening
TXN04665,2026-09-04,CUST0520,Snacks,34.85,True,Afternoon
TXN04666,2026-09-04,CUST0527,Groceries,198.31,False,Afternoon
TXN04667,2026-09-04,CUST0530,Beverages,163.67,True,Morning
TXN04668,2026-09-04,CUST0531,Dairy,50.56,False,Morning
TXN04669,2026-09-04,CUST0535,Beverages,56.55,False,Afternoon
TXN04670,2026-09-04,CUST0538,Household,267.88,True,Evening
TXN04671,2026-09-04,CUST0545,Household,51.44,False,Evening
TXN04672,2026-09-04,CUST0553,Snacks,15.17,False,Afternoon
TXN04673,2026-09-04,CUST0555,Beverages,56.59,False,Evening
TXN04674,2026-09-04,CUST0565,Beverages,129.22,False,Afternoon
TXN04675,2026-09-04,CUST0566,Household,289.82,True,Afternoon
TXN04676,2026-09-04,CUST0568,Snacks,52.19,False,Evening
TXN04677,2026-09-04,CUST0570,Groceries,145.33,False,Afternoon
TXN04678,2026-09-04,CUST0573,Dairy,26.89,False,Afternoon
TXN04679,2026-09-04,CUST0575,Groceries,254.47,True,Morning
TXN04680,2026-09-04,CUST0577,Snacks,108.57,False,Afternoon
TXN04681,2026-09-04,CUST0583,Dairy,61.8,False,Evening
TXN04682,2026-09-04,CUST0593,Groceries,276.32,False,Evening
TXN04683,2026-09-04,CUST0604,Household,133.26,True,Afternoon
TXN04684,2026-09-04,CUST0610,Groceries,126.51,False,Afternoon
TXN04685,2026-09-04,CUST0615,Household,161.13,False,Afternoon
TXN04686,2026-09-05,CUST0006,Household,213.41,True,Afternoon
TXN04687,2026-09-05,CUST0014,Snacks,41.07,True,Evening
TXN04688,2026-09-05,CUST0017,Dairy,99.44,False,Morning
TXN04689,2026-09-05,CUST0019,Household,231.91,False,Afternoon
TXN04690,2026-09-05,CUST0025,Dairy,121.44,True,Afternoon
TXN04691,2026-09-05,CUST0026,Dairy,155.53,True,Evening
TXN04692,2026-09-05,CUST0027,Household,33.56,False,Evening
TXN04693,2026-09-05,CUST0029,Household,158.57,False,Afternoon
TXN04694,2026-09-05,CUST0033,Household,177.48,True,Evening
TXN04695,2026-09-05,CUST0038,Dairy,145.45,False,Evening
TXN04696,2026-09-05,CUST0043,Dairy,40.02,True,Evening
TXN04697,2026-09-05,CUST0048,Snacks,96.95,True,Afternoon
TXN04698,2026-09-05,CUST0050,Household,37.15,True,Afternoon
TXN04699,2026-09-05,CUST0056,Groceries,259.26,True,Afternoon
TXN04700,2026-09-05,CUST0071,Beverages,76.46,True,Afternoon
TXN04701,2026-09-05,CUST0072,Snacks,46.88,False,Evening
TXN04702,2026-09-05,CUST0093,Beverages,27.81,True,Afternoon
TXN04703,2026-09-05,CUST0095,Household,228.77,False,Morning
TXN04704,2026-09-05,CUST0097,Dairy,67.26,True,Afternoon
TXN04705,2026-09-05,CUST0102,Household,212.02,False,Evening
TXN04706,2026-09-05,CUST0107,Household,379.81,True,Afternoon
TXN04707,2026-09-05,CUST0113,Snacks,103.99,True,Afternoon
TXN04708,2026-09-05,CUST0114,Beverages,63.24,False,Morning
TXN04709,2026-09-05,CUST0118,Snacks,90.8,True,Evening
TXN04710,2026-09-05,CUST0119,Dairy,161.0,True,Evening
TXN04711,2026-09-05,CUST0122,Snacks,54.59,False,Afternoon
TXN04712,2026-09-05,CUST0141,Groceries,184.55,False,Afternoon
TXN04713,2026-09-05,CUST0165,Dairy,51.89,True,Evening
TXN04714,2026-09-05,CUST0172,Snacks,38.35,False,Evening
TXN04715,2026-09-05,CUST0174,Dairy,115.17,True,Evening
TXN04716,2026-09-05,CUST0177,Beverages,99.87,True,Afternoon
TXN04717,2026-09-05,CUST0179,Snacks,34.96,False,Morning
TXN04718,2026-09-05,CUST0186,Dairy,82.79,True,Afternoon
TXN04719,2026-09-05,CUST0192,Snacks,95.27,False,Afternoon
TXN04720,2026-09-05,CUST0193,Household,301.8,False,Evening
TXN04721,2026-09-05,CUST0194,Snacks,60.86,False,Evening
TXN04722,2026-09-05,CUST0211,Household,55.28,True,Afternoon
TXN04723,2026-09-05,CUST0213,Snacks,95.42,False,Morning
TXN04724,2026-09-05,CUST0217,Beverages,52.14,True,Evening
TXN04725,2026-09-05,CUST0219,Snacks,112.36,False,Afternoon
TXN04726,2026-09-05,CUST0229,Dairy,67.63,False,Afternoon
TXN04727,2026-09-05,CUST0253,Snacks,76.34,False,Morning
TXN04728,2026-09-05,CUST0265,Beverages,70.85,True,Evening
TXN04729,2026-09-05,CUST0290,Snacks,95.78,True,Evening
TXN04730,2026-09-05,CUST0295,Beverages,133.48,False,Evening
TXN04731,2026-09-05,CUST0303,Beverages,181.97,False,Evening
TXN04732,2026-09-05,CUST0307,Household,220.76,True,Afternoon
TXN04733,2026-09-05,CUST0315,Snacks,113.5,True,Morning
TXN04734,2026-09-05,CUST0316,Household,327.93,False,Evening
TXN04735,2026-09-05,CUST0317,Snacks,61.77,True,Afternoon
TXN04736,2026-09-05,CUST0320,Household,75.36,False,Morning
TXN04737,2026-09-05,CUST0322,Household,108.3,False,Evening
TXN04738,2026-09-05,CUST0329,Dairy,164.93,True,Evening
TXN04739,2026-09-05,CUST0334,Dairy,69.71,True,Morning
TXN04740,2026-09-05,CUST0342,Groceries,195.68,True,Afternoon
TXN04741,2026-09-05,CUST0346,Household,179.78,False,Afternoon
TXN04742,2026-09-05,CUST0349,Household,67.93,False,Afternoon
TXN04743,2026-09-05,CUST0359,Snacks,119.64,True,Morning
TXN04744,2026-09-05,CUST0360,Groceries,283.4,False,Evening
TXN04745,2026-09-05,CUST0384,Household,204.7,True,Afternoon
TXN04746,2026-09-05,CUST0388,Household,363.65,True,Afternoon
TXN04747,2026-09-05,CUST0401,Groceries,50.25,True,Morning
TXN04748,2026-09-05,CUST0421,Groceries,60.76,False,Morning
TXN04749,2026-09-05,CUST0447,Household,347.99,False,Afternoon
TXN04750,2026-09-05,CUST0453,Dairy,158.81,False,Afternoon
TXN04751,2026-09-05,CUST0455,Beverages,176.16,False,Morning
TXN04752,2026-09-05,CUST0457,Dairy,62.62,True,Afternoon
TXN04753,2026-09-05,CUST0461,Beverages,141.15,True,Evening
TXN04754,2026-09-05,CUST0462,Beverages,126.33,True,Evening
TXN04755,2026-09-05,CUST0465,Groceries,106.81,False,Morning
TXN04756,2026-09-05,CUST0466,Beverages,132.66,False,Evening
TXN04757,2026-09-05,CUST0488,Groceries,41.9,False,Afternoon
TXN04758,2026-09-05,CUST0494,Dairy,38.96,True,Evening
TXN04759,2026-09-05,CUST0500,Groceries,267.96,True,Evening
TXN04760,2026-09-05,CUST0507,Groceries,275.16,False,Evening
TXN04761,2026-09-05,CUST0510,Household,341.71,False,Morning
TXN04762,2026-09-05,CUST0516,Household,147.29,True,Evening
TXN04763,2026-09-05,CUST0524,Beverages,198.26,True,Evening
TXN04764,2026-09-05,CUST0532,Household,36.68,False,Morning
TXN04765,2026-09-05,CUST0534,Snacks,53.21,False,Morning
TXN04766,2026-09-05,CUST0536,Snacks,108.96,False,Afternoon
TXN04767,2026-09-05,CUST0538,Groceries,303.58,True,Evening
TXN04768,2026-09-05,CUST0558,Snacks,119.41,True,Evening
TXN04769,2026-09-05,CUST0569,Snacks,108.69,True,Afternoon
TXN04770,2026-09-05,CUST0574,Beverages,60.85,True,Afternoon
TXN04771,2026-09-05,CUST0575,Groceries,112.68,True,Morning
TXN04772,2026-09-05,CUST0581,Snacks,31.29,False,Afternoon
TXN04773,2026-09-05,CUST0591,Groceries,50.14,False,Evening
TXN04774,2026-09-05,CUST0605,Groceries,106.45,True,Evening
TXN04775,2026-09-05,CUST0607,Snacks,116.55,True,Afternoon
TXN04776,2026-09-05,CUST0616,Dairy,61.02,True,Morning
TXN04777,2026-09-05,CUST0619,Snacks,16.5,False,Afternoon
TXN04778,2026-09-06,CUST0001,Groceries,115.25,True,Evening
TXN04779,2026-09-06,CUST0004,Groceries,340.19,False,Morning
TXN04780,2026-09-06,CUST0011,Dairy,126.47,False,Morning
TXN04781,2026-09-06,CUST0017,Snacks,107.83,False,Morning
TXN04782,2026-09-06,CUST0031,Groceries,229.77,False,Morning
TXN04783,2026-09-06,CUST0033,Dairy,114.21,True,Evening
TXN04784,2026-09-06,CUST0035,Groceries,314.29,True,Morning
TXN04785,2026-09-06,CUST0037,Groceries,225.66,True,Afternoon
TXN04786,2026-09-06,CUST0039,Household,330.95,False,Morning
TXN04787,2026-09-06,CUST0040,Household,332.59,True,Morning
TXN04788,2026-09-06,CUST0043,Groceries,40.57,True,Evening
TXN04789,2026-09-06,CUST0045,Groceries,77.99,True,Morning
TXN04790,2026-09-06,CUST0052,Beverages,152.22,False,Morning
TXN04791,2026-09-06,CUST0062,Household,127.62,True,Afternoon
TXN04792,2026-09-06,CUST0069,Beverages,89.26,True,Evening
TXN04793,2026-09-06,CUST0079,Groceries,257.05,True,Morning
TXN04794,2026-09-06,CUST0083,Snacks,76.22,False,Afternoon
TXN04795,2026-09-06,CUST0093,Snacks,77.26,True,Afternoon
TXN04796,2026-09-06,CUST0095,Household,124.71,False,Morning
TXN04797,2026-09-06,CUST0097,Groceries,190.01,True,Afternoon
TXN04798,2026-09-06,CUST0105,Dairy,118.75,False,Evening
TXN04799,2026-09-06,CUST0110,Dairy,135.04,True,Evening
TXN04800,2026-09-06,CUST0122,Groceries,313.95,False,Afternoon
TXN04801,2026-09-06,CUST0124,Groceries,44.71,False,Afternoon
TXN04802,2026-09-06,CUST0126,Household,141.88,False,Evening
TXN04803,2026-09-06,CUST0128,Dairy,94.4,True,Evening
TXN04804,2026-09-06,CUST0138,Dairy,88.39,False,Morning
TXN04805,2026-09-06,CUST0152,Dairy,75.63,True,Evening
TXN04806,2026-09-06,CUST0162,Groceries,177.3,False,Morning
TXN04807,2026-09-06,CUST0170,Dairy,161.5,False,Afternoon
TXN04808,2026-09-06,CUST0174,Snacks,29.95,False,Evening
TXN04809,2026-09-06,CUST0184,Groceries,173.73,False,Evening
TXN04810,2026-09-06,CUST0194,Beverages,166.24,False,Evening
TXN04811,2026-09-06,CUST0198,Household,231.71,False,Evening
TXN04812,2026-09-06,CUST0201,Dairy,99.16,False,Morning
TXN04813,2026-09-06,CUST0206,Snacks,28.67,False,Afternoon
TXN04814,2026-09-06,CUST0216,Groceries,291.86,False,Afternoon
TXN04815,2026-09-06,CUST0220,Groceries,150.66,True,Evening
TXN04816,2026-09-06,CUST0237,Household,188.27,True,Morning
TXN04817,2026-09-06,CUST0242,Beverages,116.7,False,Morning
TXN04818,2026-09-06,CUST0260,Beverages,170.17,False,Morning
TXN04819,2026-09-06,CUST0279,Snacks,81.25,False,Morning
TXN04820,2026-09-06,CUST0282,Groceries,62.08,True,Morning
TXN04821,2026-09-06,CUST0285,Dairy,173.85,False,Afternoon
TXN04822,2026-09-06,CUST0287,Dairy,111.95,False,Evening
TXN04823,2026-09-06,CUST0302,Household,143.97,True,Afternoon
TXN04824,2026-09-06,CUST0309,Dairy,28.21,False,Morning
TXN04825,2026-09-06,CUST0310,Household,138.25,True,Afternoon
TXN04826,2026-09-06,CUST0311,Dairy,80.16,True,Afternoon
TXN04827,2026-09-06,CUST0312,Groceries,264.5,True,Afternoon
TXN04828,2026-09-06,CUST0317,Groceries,57.03,True,Afternoon
TXN04829,2026-09-06,CUST0318,Groceries,267.78,False,Morning
TXN04830,2026-09-06,CUST0322,Dairy,29.47,False,Evening
TXN04831,2026-09-06,CUST0329,Snacks,111.1,True,Evening
TXN04832,2026-09-06,CUST0332,Snacks,75.94,True,Afternoon
TXN04833,2026-09-06,CUST0338,Beverages,90.68,False,Afternoon
TXN04834,2026-09-06,CUST0340,Groceries,333.77,False,Evening
TXN04835,2026-09-06,CUST0343,Snacks,27.58,False,Evening
TXN04836,2026-09-06,CUST0346,Household,204.93,True,Afternoon
TXN04837,2026-09-06,CUST0354,Dairy,48.72,True,Afternoon
TXN04838,2026-09-06,CUST0355,Snacks,37.78,False,Afternoon
TXN04839,2026-09-06,CUST0357,Household,199.24,True,Evening
TXN04840,2026-09-06,CUST0364,Household,210.06,False,Morning
TXN04841,2026-09-06,CUST0375,Beverages,158.52,False,Morning
TXN04842,2026-09-06,CUST0378,Dairy,25.29,False,Afternoon
TXN04843,2026-09-06,CUST0399,Groceries,327.14,True,Evening
TXN04844,2026-09-06,CUST0419,Dairy,174.42,False,Morning
TXN04845,2026-09-06,CUST0425,Groceries,274.85,True,Afternoon
TXN04846,2026-09-06,CUST0428,Household,199.61,False,Evening
TXN04847,2026-09-06,CUST0443,Beverages,158.01,False,Afternoon
TXN04848,2026-09-06,CUST0455,Groceries,63.85,False,Morning
TXN04849,2026-09-06,CUST0460,Household,96.06,False,Afternoon
TXN04850,2026-09-06,CUST0461,Beverages,75.95,True,Evening
TXN04851,2026-09-06,CUST0462,Beverages,49.86,True,Evening
TXN04852,2026-09-06,CUST0486,Dairy,137.29,True,Morning
TXN04853,2026-09-06,CUST0488,Groceries,149.02,False,Afternoon
TXN04854,2026-09-06,CUST0490,Household,183.42,True,Morning
TXN04855,2026-09-06,CUST0492,Groceries,189.21,False,Evening
TXN04856,2026-09-06,CUST0495,Groceries,97.79,False,Evening
TXN04857,2026-09-06,CUST0496,Snacks,16.42,True,Morning
TXN04858,2026-09-06,CUST0508,Household,136.81,True,Evening
TXN04859,2026-09-06,CUST0519,Household,304.33,False,Evening
TXN04860,2026-09-06,CUST0520,Dairy,136.63,True,Afternoon
TXN04861,2026-09-06,CUST0525,Snacks,18.13,True,Morning
TXN04862,2026-09-06,CUST0536,Beverages,168.3,False,Afternoon
TXN04863,2026-09-06,CUST0537,Beverages,123.23,True,Afternoon
TXN04864,2026-09-06,CUST0538,Dairy,56.98,True,Evening
TXN04865,2026-09-06,CUST0543,Household,162.98,False,Afternoon
TXN04866,2026-09-06,CUST0550,Dairy,36.31,True,Morning
TXN04867,2026-09-06,CUST0553,Groceries,161.63,False,Afternoon
TXN04868,2026-09-06,CUST0555,Dairy,110.67,False,Evening
TXN04869,2026-09-06,CUST0558,Household,155.15,True,Evening
TXN04870,2026-09-06,CUST0561,Household,94.19,False,Morning
TXN04871,2026-09-06,CUST0573,Beverages,96.07,False,Afternoon
TXN04872,2026-09-06,CUST0579,Dairy,125.34,True,Morning
TXN04873,2026-09-06,CUST0583,Snacks,117.2,False,Evening
TXN04874,2026-09-06,CUST0588,Beverages,146.64,True,Morning
TXN04875,2026-09-06,CUST0591,Household,199.51,False,Evening
TXN04876,2026-09-06,CUST0598,Beverages,91.34,True,Afternoon
TXN04877,2026-09-06,CUST0602,Household,131.65,True,Morning
TXN04878,2026-09-06,CUST0609,Snacks,35.7,True,Evening
TXN04879,2026-09-06,CUST0612,Household,87.47,False,Afternoon
TXN04880,2026-09-06,CUST0619,Dairy,128.76,False,Afternoon
TXN04881,2026-09-07,CUST0005,Beverages,41.21,True,Afternoon
TXN04882,2026-09-07,CUST0010,Household,150.87,True,Evening
TXN04883,2026-09-07,CUST0019,Dairy,95.83,False,Afternoon
TXN04884,2026-09-07,CUST0020,Snacks,36.76,False,Evening
TXN04885,2026-09-07,CUST0023,Household,300.79,False,Evening
TXN04886,2026-09-07,CUST0056,Snacks,26.31,True,Afternoon
TXN04887,2026-09-07,CUST0071,Beverages,187.96,True,Afternoon
TXN04888,2026-09-07,CUST0080,Beverages,141.17,False,Afternoon
TXN04889,2026-09-07,CUST0087,Snacks,48.84,True,Afternoon
TXN04890,2026-09-07,CUST0089,Beverages,194.11,False,Evening
TXN04891,2026-09-07,CUST0099,Snacks,40.31,False,Morning
TXN04892,2026-09-07,CUST0101,Dairy,81.21,False,Afternoon
TXN04893,2026-09-07,CUST0102,Household,289.29,False,Evening
TXN04894,2026-09-07,CUST0117,Household,260.06,False,Morning
TXN04895,2026-09-07,CUST0126,Beverages,157.28,False,Evening
TXN04896,2026-09-07,CUST0127,Household,358.88,False,Afternoon
TXN04897,2026-09-07,CUST0137,Groceries,228.34,True,Evening
TXN04898,2026-09-07,CUST0140,Snacks,49.25,False,Afternoon
TXN04899,2026-09-07,CUST0143,Household,340.03,True,Morning
TXN04900,2026-09-07,CUST0153,Household,206.4,True,Evening
TXN04901,2026-09-07,CUST0158,Dairy,76.93,True,Afternoon
TXN04902,2026-09-07,CUST0163,Beverages,82.77,True,Morning
TXN04903,2026-09-07,CUST0166,Dairy,43.77,True,Evening
TXN04904,2026-09-07,CUST0171,Snacks,71.26,True,Evening
TXN04905,2026-09-07,CUST0184,Snacks,38.79,False,Evening
TXN04906,2026-09-07,CUST0186,Household,95.36,True,Afternoon
TXN04907,2026-09-07,CUST0197,Snacks,112.15,True,Afternoon
TXN04908,2026-09-07,CUST0216,Beverages,60.77,False,Afternoon
TXN04909,2026-09-07,CUST0237,Snacks,66.94,True,Morning
TXN04910,2026-09-07,CUST0238,Snacks,31.68,True,Morning
TXN04911,2026-09-07,CUST0250,Household,322.06,False,Evening
TXN04912,2026-09-07,CUST0256,Groceries,220.66,False,Evening
TXN04913,2026-09-07,CUST0266,Dairy,152.25,False,Morning
TXN04914,2026-09-07,CUST0270,Groceries,124.3,True,Evening
TXN04915,2026-09-07,CUST0272,Dairy,110.17,False,Afternoon
TXN04916,2026-09-07,CUST0279,Beverages,145.44,False,Morning
TXN04917,2026-09-07,CUST0280,Groceries,134.19,True,Afternoon
TXN04918,2026-09-07,CUST0294,Beverages,193.03,False,Afternoon
TXN04919,2026-09-07,CUST0318,Groceries,104.22,False,Morning
TXN04920,2026-09-07,CUST0320,Groceries,213.34,False,Morning
TXN04921,2026-09-07,CUST0322,Groceries,170.89,False,Evening
TXN04922,2026-09-07,CUST0323,Snacks,84.46,False,Afternoon
TXN04923,2026-09-07,CUST0328,Snacks,82.08,True,Evening
TXN04924,2026-09-07,CUST0336,Snacks,90.42,True,Afternoon
TXN04925,2026-09-07,CUST0340,Household,71.08,False,Evening
TXN04926,2026-09-07,CUST0342,Groceries,233.92,True,Afternoon
TXN04927,2026-09-07,CUST0343,Household,278.1,False,Evening
TXN04928,2026-09-07,CUST0371,Dairy,147.64,True,Afternoon
TXN04929,2026-09-07,CUST0379,Groceries,227.77,False,Afternoon
TXN04930,2026-09-07,CUST0394,Dairy,57.05,True,Evening
TXN04931,2026-09-07,CUST0400,Snacks,16.05,False,Afternoon
TXN04932,2026-09-07,CUST0401,Groceries,243.02,True,Morning
TXN04933,2026-09-07,CUST0412,Household,113.8,False,Evening
TXN04934,2026-09-07,CUST0423,Snacks,75.53,True,Morning
TXN04935,2026-09-07,CUST0434,Groceries,250.83,False,Afternoon
TXN04936,2026-09-07,CUST0435,Snacks,86.25,True,Afternoon
TXN04937,2026-09-07,CUST0439,Household,130.28,False,Afternoon
TXN04938,2026-09-07,CUST0446,Dairy,128.56,False,Evening
TXN04939,2026-09-07,CUST0447,Household,198.82,False,Afternoon
TXN04940,2026-09-07,CUST0449,Snacks,96.62,True,Morning
TXN04941,2026-09-07,CUST0455,Dairy,48.15,False,Morning
TXN04942,2026-09-07,CUST0459,Household,78.56,True,Afternoon
TXN04943,2026-09-07,CUST0460,Dairy,165.46,True,Afternoon
TXN04944,2026-09-07,CUST0479,Dairy,45.34,True,Evening
TXN04945,2026-09-07,CUST0485,Snacks,58.88,True,Morning
TXN04946,2026-09-07,CUST0486,Snacks,53.26,True,Morning
TXN04947,2026-09-07,CUST0488,Beverages,190.72,False,Afternoon
TXN04948,2026-09-07,CUST0494,Dairy,115.67,True,Evening
TXN04949,2026-09-07,CUST0498,Beverages,78.19,False,Evening
TXN04950,2026-09-07,CUST0531,Household,251.66,False,Morning
TXN04951,2026-09-07,CUST0538,Beverages,137.2,True,Evening
TXN04952,2026-09-07,CUST0539,Snacks,58.35,False,Afternoon
TXN04953,2026-09-07,CUST0543,Snacks,54.68,False,Afternoon
TXN04954,2026-09-07,CUST0546,Beverages,33.24,False,Morning
TXN04955,2026-09-07,CUST0550,Household,111.54,True,Morning
TXN04956,2026-09-07,CUST0556,Dairy,142.08,True,Afternoon
TXN04957,2026-09-07,CUST0559,Beverages,52.63,False,Morning
TXN04958,2026-09-07,CUST0561,Dairy,109.77,True,Morning
TXN04959,2026-09-07,CUST0569,Household,169.87,True,Afternoon
TXN04960,2026-09-07,CUST0577,Groceries,80.78,False,Afternoon
TXN04961,2026-09-07,CUST0613,Beverages,40.72,True,Evening
TXN04962,2026-09-08,CUST0001,Snacks,108.84,True,Evening
TXN04963,2026-09-08,CUST0002,Groceries,215.0,False,Morning
TXN04964,2026-09-08,CUST0007,Snacks,78.54,True,Evening
TXN04965,2026-09-08,CUST0014,Snacks,79.79,True,Evening
TXN04966,2026-09-08,CUST0024,Beverages,183.35,True,Evening
TXN04967,2026-09-08,CUST0027,Household,148.6,False,Evening
TXN04968,2026-09-08,CUST0033,Snacks,18.66,True,Evening
TXN04969,2026-09-08,CUST0035,Groceries,227.93,True,Morning
TXN04970,2026-09-08,CUST0052,Household,247.18,False,Morning
TXN04971,2026-09-08,CUST0059,Beverages,70.95,True,Morning
TXN04972,2026-09-08,CUST0068,Household,302.71,False,Afternoon
TXN04973,2026-09-08,CUST0079,Snacks,55.81,True,Morning
TXN04974,2026-09-08,CUST0083,Beverages,137.88,False,Afternoon
TXN04975,2026-09-08,CUST0085,Groceries,92.61,False,Evening
TXN04976,2026-09-08,CUST0089,Beverages,158.49,False,Evening
TXN04977,2026-09-08,CUST0105,Household,162.65,False,Evening
TXN04978,2026-09-08,CUST0118,Beverages,115.28,True,Evening
TXN04979,2026-09-08,CUST0122,Dairy,57.38,False,Afternoon
TXN04980,2026-09-08,CUST0126,Dairy,35.0,False,Evening
TXN04981,2026-09-08,CUST0145,Beverages,151.81,False,Afternoon
TXN04982,2026-09-08,CUST0148,Groceries,297.47,False,Evening
TXN04983,2026-09-08,CUST0153,Snacks,69.5,True,Evening
TXN04984,2026-09-08,CUST0165,Snacks,117.1,True,Evening
TXN04985,2026-09-08,CUST0168,Dairy,101.79,True,Afternoon
TXN04986,2026-09-08,CUST0170,Groceries,259.02,False,Afternoon
TXN04987,2026-09-08,CUST0184,Snacks,92.58,False,Evening
TXN04988,2026-09-08,CUST0186,Groceries,194.38,True,Afternoon
TXN04989,2026-09-08,CUST0192,Snacks,104.95,False,Afternoon
TXN04990,2026-09-08,CUST0201,Household,33.22,False,Morning
TXN04991,2026-09-08,CUST0202,Dairy,26.97,False,Evening
TXN04992,2026-09-08,CUST0206,Groceries,181.69,False,Afternoon
TXN04993,2026-09-08,CUST0223,Groceries,72.51,True,Afternoon
TXN04994,2026-09-08,CUST0231,Dairy,151.18,True,Evening
TXN04995,2026-09-08,CUST0248,Household,122.76,False,Morning
TXN04996,2026-09-08,CUST0257,Snacks,100.4,False,Morning
TXN04997,2026-09-08,CUST0312,Snacks,27.14,False,Afternoon
TXN04998,2026-09-08,CUST0317,Dairy,156.29,True,Afternoon
TXN04999,2026-09-08,CUST0321,Dairy,175.95,False,Evening
TXN05000,2026-09-08,CUST0324,Snacks,110.97,True,Morning
TXN05001,2026-09-08,CUST0329,Groceries,305.33,True,Evening
TXN05002,2026-09-08,CUST0340,Groceries,204.6,False,Evening
TXN05003,2026-09-08,CUST0342,Household,165.31,True,Afternoon
TXN05004,2026-09-08,CUST0347,Household,379.35,False,Morning
TXN05005,2026-09-08,CUST0349,Beverages,74.2,False,Afternoon
TXN05006,2026-09-08,CUST0376,Snacks,34.92,True,Evening
TXN05007,2026-09-08,CUST0383,Snacks,74.2,True,Morning
TXN05008,2026-09-08,CUST0387,Groceries,123.82,False,Afternoon
TXN05009,2026-09-08,CUST0421,Dairy,33.37,False,Morning
TXN05010,2026-09-08,CUST0432,Snacks,104.4,True,Evening
TXN05011,2026-09-08,CUST0435,Dairy,179.42,True,Afternoon
TXN05012,2026-09-08,CUST0438,Household,241.1,True,Morning
TXN05013,2026-09-08,CUST0439,Dairy,150.58,False,Afternoon
TXN05014,2026-09-08,CUST0441,Beverages,106.11,True,Evening
TXN05015,2026-09-08,CUST0449,Snacks,43.98,False,Morning
TXN05016,2026-09-08,CUST0454,Dairy,55.56,False,Morning
TXN05017,2026-09-08,CUST0459,Groceries,46.0,True,Afternoon
TXN05018,2026-09-08,CUST0483,Beverages,165.86,True,Morning
TXN05019,2026-09-08,CUST0485,Household,389.69,True,Morning
TXN05020,2026-09-08,CUST0486,Dairy,115.32,True,Morning
TXN05021,2026-09-08,CUST0487,Dairy,172.8,True,Morning
TXN05022,2026-09-08,CUST0488,Household,86.57,False,Afternoon
TXN05023,2026-09-08,CUST0499,Snacks,31.81,False,Morning
TXN05024,2026-09-08,CUST0526,Dairy,90.55,False,Afternoon
TXN05025,2026-09-08,CUST0531,Household,367.26,False,Morning
TXN05026,2026-09-08,CUST0533,Snacks,82.62,False,Evening
TXN05027,2026-09-08,CUST0556,Household,44.8,True,Afternoon
TXN05028,2026-09-08,CUST0565,Household,342.97,True,Afternoon
TXN05029,2026-09-08,CUST0568,Groceries,69.72,False,Evening
TXN05030,2026-09-08,CUST0574,Groceries,68.95,True,Afternoon
TXN05031,2026-09-08,CUST0607,Beverages,138.4,True,Afternoon
TXN05032,2026-09-09,CUST0002,Household,223.32,False,Morning
TXN05033,2026-09-09,CUST0010,Beverages,26.0,True,Evening
TXN05034,2026-09-09,CUST0018,Beverages,183.02,True,Evening
TXN05035,2026-09-09,CUST0043,Beverages,173.27,True,Evening
TXN05036,2026-09-09,CUST0044,Dairy,150.34,False,Evening
TXN05037,2026-09-09,CUST0045,Dairy,80.2,True,Morning
TXN05038,2026-09-09,CUST0056,Household,88.35,True,Afternoon
TXN05039,2026-09-09,CUST0065,Beverages,161.61,False,Morning
TXN05040,2026-09-09,CUST0079,Groceries,272.63,False,Morning
TXN05041,2026-09-09,CUST0097,Snacks,58.45,True,Afternoon
TXN05042,2026-09-09,CUST0099,Household,265.79,False,Morning
TXN05043,2026-09-09,CUST0106,Dairy,41.16,True,Afternoon
TXN05044,2026-09-09,CUST0110,Groceries,157.16,True,Evening
TXN05045,2026-09-09,CUST0117,Household,53.07,False,Morning
TXN05046,2026-09-09,CUST0118,Groceries,324.96,True,Evening
TXN05047,2026-09-09,CUST0119,Groceries,92.47,True,Evening
TXN05048,2026-09-09,CUST0123,Groceries,301.91,False,Morning
TXN05049,2026-09-09,CUST0124,Groceries,276.02,False,Afternoon
TXN05050,2026-09-09,CUST0140,Beverages,78.36,False,Afternoon
TXN05051,2026-09-09,CUST0166,Snacks,41.58,True,Evening
TXN05052,2026-09-09,CUST0206,Dairy,22.66,False,Afternoon
TXN05053,2026-09-09,CUST0207,Dairy,118.5,False,Morning
TXN05054,2026-09-09,CUST0209,Groceries,281.23,False,Afternoon
TXN05055,2026-09-09,CUST0219,Beverages,155.47,False,Afternoon
TXN05056,2026-09-09,CUST0238,Dairy,171.57,True,Morning
TXN05057,2026-09-09,CUST0246,Household,75.51,False,Evening
TXN05058,2026-09-09,CUST0267,Dairy,60.75,False,Afternoon
TXN05059,2026-09-09,CUST0278,Household,313.98,False,Evening
TXN05060,2026-09-09,CUST0299,Groceries,88.15,True,Morning
TXN05061,2026-09-09,CUST0313,Dairy,68.91,False,Afternoon
TXN05062,2026-09-09,CUST0317,Household,184.38,True,Afternoon
TXN05063,2026-09-09,CUST0330,Groceries,341.69,False,Evening
TXN05064,2026-09-09,CUST0333,Dairy,57.24,False,Evening
TXN05065,2026-09-09,CUST0336,Beverages,38.65,True,Afternoon
TXN05066,2026-09-09,CUST0340,Snacks,107.05,False,Evening
TXN05067,2026-09-09,CUST0341,Groceries,150.4,False,Morning
TXN05068,2026-09-09,CUST0343,Household,339.96,False,Evening
TXN05069,2026-09-09,CUST0346,Snacks,40.55,True,Afternoon
TXN05070,2026-09-09,CUST0354,Dairy,163.74,True,Afternoon
TXN05071,2026-09-09,CUST0356,Household,333.5,True,Evening
TXN05072,2026-09-09,CUST0359,Snacks,21.76,True,Morning
TXN05073,2026-09-09,CUST0362,Beverages,174.62,True,Morning
TXN05074,2026-09-09,CUST0363,Dairy,93.51,False,Afternoon
TXN05075,2026-09-09,CUST0379,Dairy,159.41,False,Afternoon
TXN05076,2026-09-09,CUST0397,Groceries,122.5,False,Morning
TXN05077,2026-09-09,CUST0399,Snacks,29.07,True,Evening
TXN05078,2026-09-09,CUST0406,Dairy,153.4,True,Evening
TXN05079,2026-09-09,CUST0438,Snacks,50.69,True,Morning
TXN05080,2026-09-09,CUST0439,Snacks,30.89,False,Afternoon
TXN05081,2026-09-09,CUST0440,Groceries,133.06,True,Evening
TXN05082,2026-09-09,CUST0442,Household,194.84,True,Afternoon
TXN05083,2026-09-09,CUST0445,Groceries,263.6,True,Morning
TXN05084,2026-09-09,CUST0452,Dairy,57.91,False,Afternoon
TXN05085,2026-09-09,CUST0458,Dairy,124.7,False,Morning
TXN05086,2026-09-09,CUST0478,Dairy,179.97,True,Afternoon
TXN05087,2026-09-09,CUST0483,Beverages,59.32,True,Morning
TXN05088,2026-09-09,CUST0486,Snacks,24.09,True,Morning
TXN05089,2026-09-09,CUST0493,Groceries,111.6,False,Morning
TXN05090,2026-09-09,CUST0498,Beverages,144.15,False,Evening
TXN05091,2026-09-09,CUST0499,Groceries,323.33,False,Morning
TXN05092,2026-09-09,CUST0511,Dairy,156.9,True,Morning
TXN05093,2026-09-09,CUST0514,Beverages,132.87,False,Morning
TXN05094,2026-09-09,CUST0536,Household,168.94,False,Afternoon
TXN05095,2026-09-09,CUST0548,Snacks,101.27,False,Morning
TXN05096,2026-09-09,CUST0550,Groceries,67.02,True,Morning
TXN05097,2026-09-09,CUST0555,Household,306.95,False,Evening
TXN05098,2026-09-09,CUST0556,Beverages,32.23,True,Afternoon
TXN05099,2026-09-09,CUST0558,Dairy,140.03,True,Evening
TXN05100,2026-09-09,CUST0559,Snacks,92.67,False,Morning
TXN05101,2026-09-09,CUST0569,Household,301.83,True,Afternoon
TXN05102,2026-09-09,CUST0572,Snacks,68.67,True,Afternoon
TXN05103,2026-09-09,CUST0577,Household,268.92,False,Afternoon
TXN05104,2026-09-09,CUST0593,Dairy,35.53,False,Evening
TXN05105,2026-09-09,CUST0602,Snacks,62.96,True,Morning
TXN05106,2026-09-09,CUST0607,Groceries,97.92,False,Afternoon
TXN05107,2026-09-09,CUST0612,Household,242.96,False,Afternoon
TXN05108,2026-09-09,CUST0616,Snacks,89.74,True,Morning
TXN05109,2026-09-10,CUST0005,Snacks,67.13,True,Afternoon
TXN05110,2026-09-10,CUST0021,Groceries,211.17,False,Morning
TXN05111,2026-09-10,CUST0023,Beverages,110.45,False,Evening
TXN05112,2026-09-10,CUST0026,Beverages,46.31,True,Evening
TXN05113,2026-09-10,CUST0031,Groceries,215.58,False,Morning
TXN05114,2026-09-10,CUST0037,Beverages,118.5,True,Afternoon
TXN05115,2026-09-10,CUST0038,Household,153.01,False,Evening
TXN05116,2026-09-10,CUST0039,Beverages,192.14,False,Morning
TXN05117,2026-09-10,CUST0044,Beverages,30.6,False,Evening
TXN05118,2026-09-10,CUST0052,Household,78.53,False,Morning
TXN05119,2026-09-10,CUST0056,Dairy,129.78,True,Afternoon
TXN05120,2026-09-10,CUST0059,Household,352.75,True,Morning
TXN05121,2026-09-10,CUST0065,Beverages,159.36,False,Morning
TXN05122,2026-09-10,CUST0079,Snacks,50.98,True,Morning
TXN05123,2026-09-10,CUST0089,Dairy,115.38,False,Evening
TXN05124,2026-09-10,CUST0101,Groceries,112.62,False,Afternoon
TXN05125,2026-09-10,CUST0105,Household,145.13,False,Evening
TXN05126,2026-09-10,CUST0119,Beverages,173.29,True,Evening
TXN05127,2026-09-10,CUST0123,Dairy,163.09,False,Morning
TXN05128,2026-09-10,CUST0129,Snacks,21.1,False,Morning
TXN05129,2026-09-10,CUST0145,Household,322.01,False,Afternoon
TXN05130,2026-09-10,CUST0148,Snacks,24.11,False,Evening
TXN05131,2026-09-10,CUST0163,Beverages,190.25,True,Morning
TXN05132,2026-09-10,CUST0166,Groceries,311.78,True,Evening
TXN05133,2026-09-10,CUST0177,Beverages,69.09,True,Afternoon
TXN05134,2026-09-10,CUST0184,Snacks,18.69,False,Evening
TXN05135,2026-09-10,CUST0192,Dairy,150.49,False,Afternoon
TXN05136,2026-09-10,CUST0194,Groceries,175.51,False,Evening
TXN05137,2026-09-10,CUST0199,Beverages,188.12,True,Evening
TXN05138,2026-09-10,CUST0237,Beverages,175.55,False,Morning
TXN05139,2026-09-10,CUST0253,Dairy,49.97,False,Morning
TXN05140,2026-09-10,CUST0256,Dairy,179.37,False,Evening
TXN05141,2026-09-10,CUST0263,Dairy,26.29,True,Afternoon
TXN05142,2026-09-10,CUST0285,Beverages,108.62,False,Afternoon
TXN05143,2026-09-10,CUST0292,Beverages,103.51,True,Morning
TXN05144,2026-09-10,CUST0294,Dairy,73.64,False,Afternoon
TXN05145,2026-09-10,CUST0299,Snacks,90.73,False,Morning
TXN05146,2026-09-10,CUST0300,Dairy,169.52,False,Evening
TXN05147,2026-09-10,CUST0313,Groceries,49.88,True,Afternoon
TXN05148,2026-09-10,CUST0317,Groceries,341.44,True,Afternoon
TXN05149,2026-09-10,CUST0318,Groceries,342.89,False,Morning
TXN05150,2026-09-10,CUST0320,Snacks,34.25,False,Morning
TXN05151,2026-09-10,CUST0324,Snacks,100.81,True,Morning
TXN05152,2026-09-10,CUST0334,Groceries,275.49,True,Morning
TXN05153,2026-09-10,CUST0346,Groceries,292.85,True,Afternoon
TXN05154,2026-09-10,CUST0352,Household,313.65,False,Afternoon
TXN05155,2026-09-10,CUST0375,Groceries,125.67,False,Morning
TXN05156,2026-09-10,CUST0397,Beverages,124.88,False,Morning
TXN05157,2026-09-10,CUST0398,Beverages,162.85,True,Morning
TXN05158,2026-09-10,CUST0404,Dairy,47.4,True,Morning
TXN05159,2026-09-10,CUST0413,Groceries,108.02,True,Evening
TXN05160,2026-09-10,CUST0426,Beverages,97.56,True,Evening
TXN05161,2026-09-10,CUST0435,Beverages,49.71,True,Afternoon
TXN05162,2026-09-10,CUST0440,Snacks,54.08,False,Evening
TXN05163,2026-09-10,CUST0450,Dairy,61.71,False,Morning
TXN05164,2026-09-10,CUST0454,Beverages,44.53,False,Morning
TXN05165,2026-09-10,CUST0455,Dairy,75.36,False,Morning
TXN05166,2026-09-10,CUST0458,Groceries,82.82,False,Morning
TXN05167,2026-09-10,CUST0466,Snacks,103.02,False,Evening
TXN05168,2026-09-10,CUST0471,Beverages,51.37,False,Afternoon
TXN05169,2026-09-10,CUST0483,Dairy,60.81,True,Morning
TXN05170,2026-09-10,CUST0511,Household,223.14,True,Morning
TXN05171,2026-09-10,CUST0512,Beverages,46.48,True,Afternoon
TXN05172,2026-09-10,CUST0523,Beverages,170.92,True,Morning
TXN05173,2026-09-10,CUST0530,Beverages,116.48,True,Morning
TXN05174,2026-09-10,CUST0536,Dairy,168.73,False,Afternoon
TXN05175,2026-09-10,CUST0538,Beverages,151.82,True,Evening
TXN05176,2026-09-10,CUST0545,Groceries,318.46,False,Evening
TXN05177,2026-09-10,CUST0560,Beverages,101.62,False,Evening
TXN05178,2026-09-10,CUST0566,Dairy,130.74,True,Afternoon
TXN05179,2026-09-10,CUST0568,Snacks,29.73,False,Evening
TXN05180,2026-09-10,CUST0569,Dairy,58.66,True,Afternoon
TXN05181,2026-09-10,CUST0572,Snacks,26.41,True,Afternoon
TXN05182,2026-09-10,CUST0575,Beverages,169.17,True,Morning
TXN05183,2026-09-10,CUST0577,Snacks,17.25,False,Afternoon
TXN05184,2026-09-10,CUST0583,Beverages,85.94,False,Evening
TXN05185,2026-09-10,CUST0590,Household,81.75,False,Afternoon
TXN05186,2026-09-10,CUST0598,Beverages,167.06,False,Afternoon
TXN05187,2026-09-10,CUST0610,Snacks,21.8,False,Afternoon
TXN05188,2026-09-10,CUST0612,Beverages,157.22,False,Afternoon
TXN05189,2026-09-11,CUST0015,Dairy,42.62,False,Afternoon
TXN05190,2026-09-11,CUST0026,Household,34.11,True,Evening
TXN05191,2026-09-11,CUST0043,Snacks,26.37,True,Evening
TXN05192,2026-09-11,CUST0049,Household,220.82,True,Morning
TXN05193,2026-09-11,CUST0050,Groceries,194.37,True,Afternoon
TXN05194,2026-09-11,CUST0052,Household,256.39,False,Morning
TXN05195,2026-09-11,CUST0083,Beverages,165.3,False,Afternoon
TXN05196,2026-09-11,CUST0086,Household,178.75,True,Evening
TXN05197,2026-09-11,CUST0087,Groceries,113.93,True,Afternoon
TXN05198,2026-09-11,CUST0099,Household,334.22,False,Morning
TXN05199,2026-09-11,CUST0100,Groceries,241.74,False,Afternoon
TXN05200,2026-09-11,CUST0101,Dairy,103.02,False,Afternoon
TXN05201,2026-09-11,CUST0103,Beverages,138.42,False,Evening
TXN05202,2026-09-11,CUST0113,Snacks,47.97,True,Afternoon
TXN05203,2026-09-11,CUST0128,Snacks,19.97,True,Evening
TXN05204,2026-09-11,CUST0129,Dairy,139.05,False,Morning
TXN05205,2026-09-11,CUST0170,Snacks,56.21,False,Afternoon
TXN05206,2026-09-11,CUST0171,Snacks,43.58,True,Evening
TXN05207,2026-09-11,CUST0172,Groceries,306.31,False,Evening
TXN05208,2026-09-11,CUST0184,Snacks,18.05,False,Evening
TXN05209,2026-09-11,CUST0186,Beverages,174.2,True,Afternoon
TXN05210,2026-09-11,CUST0204,Dairy,72.1,True,Evening
TXN05211,2026-09-11,CUST0212,Household,186.36,True,Afternoon
TXN05212,2026-09-11,CUST0227,Household,311.91,False,Afternoon
TXN05213,2026-09-11,CUST0231,Beverages,44.09,True,Evening
TXN05214,2026-09-11,CUST0249,Household,127.78,True,Evening
TXN05215,2026-09-11,CUST0257,Snacks,111.62,False,Morning
TXN05216,2026-09-11,CUST0261,Groceries,261.81,False,Evening
TXN05217,2026-09-11,CUST0272,Snacks,43.3,False,Afternoon
TXN05218,2026-09-11,CUST0278,Groceries,338.03,False,Evening
TXN05219,2026-09-11,CUST0307,Groceries,308.98,True,Afternoon
TXN05220,2026-09-11,CUST0332,Dairy,64.09,False,Afternoon
TXN05221,2026-09-11,CUST0336,Household,96.97,True,Afternoon
TXN05222,2026-09-11,CUST0355,Snacks,23.62,False,Afternoon
TXN05223,2026-09-11,CUST0356,Dairy,75.28,True,Evening
TXN05224,2026-09-11,CUST0360,Household,217.5,False,Evening
TXN05225,2026-09-11,CUST0376,Household,236.3,True,Evening
TXN05226,2026-09-11,CUST0398,Household,86.05,True,Morning
TXN05227,2026-09-11,CUST0399,Household,158.47,True,Evening
TXN05228,2026-09-11,CUST0423,Household,342.61,True,Morning
TXN05229,2026-09-11,CUST0432,Snacks,49.17,False,Evening
TXN05230,2026-09-11,CUST0436,Snacks,55.02,False,Evening
TXN05231,2026-09-11,CUST0452,Snacks,22.53,False,Afternoon
TXN05232,2026-09-11,CUST0454,Beverages,26.01,False,Morning
TXN05233,2026-09-11,CUST0455,Snacks,65.6,False,Morning
TXN05234,2026-09-11,CUST0456,Snacks,109.88,True,Evening
TXN05235,2026-09-11,CUST0459,Beverages,175.0,True,Afternoon
TXN05236,2026-09-11,CUST0467,Household,94.69,False,Evening
TXN05237,2026-09-11,CUST0483,Beverages,130.72,True,Morning
TXN05238,2026-09-11,CUST0484,Snacks,90.96,True,Afternoon
TXN05239,2026-09-11,CUST0486,Groceries,245.53,True,Morning
TXN05240,2026-09-11,CUST0487,Snacks,89.89,True,Morning
TXN05241,2026-09-11,CUST0489,Groceries,299.98,False,Morning
TXN05242,2026-09-11,CUST0493,Groceries,94.98,False,Morning
TXN05243,2026-09-11,CUST0499,Household,97.84,False,Morning
TXN05244,2026-09-11,CUST0500,Household,112.13,True,Evening
TXN05245,2026-09-11,CUST0509,Household,116.51,True,Evening
TXN05246,2026-09-11,CUST0511,Snacks,42.32,True,Morning
TXN05247,2026-09-11,CUST0516,Beverages,106.94,True,Evening
TXN05248,2026-09-11,CUST0519,Snacks,99.98,False,Evening
TXN05249,2026-09-11,CUST0536,Dairy,38.31,False,Afternoon
TXN05250,2026-09-11,CUST0549,Snacks,112.04,True,Evening
TXN05251,2026-09-11,CUST0550,Groceries,53.07,True,Morning
TXN05252,2026-09-11,CUST0553,Dairy,103.3,False,Afternoon
TXN05253,2026-09-11,CUST0555,Household,255.41,False,Evening
TXN05254,2026-09-11,CUST0569,Snacks,80.38,True,Afternoon
TXN05255,2026-09-11,CUST0572,Beverages,142.81,True,Afternoon
TXN05256,2026-09-11,CUST0581,Groceries,64.27,True,Afternoon
TXN05257,2026-09-11,CUST0582,Dairy,123.04,False,Morning
TXN05258,2026-09-11,CUST0592,Snacks,92.39,True,Morning
TXN05259,2026-09-11,CUST0611,Dairy,170.12,True,Evening
TXN05260,2026-09-12,CUST0005,Household,382.56,True,Afternoon
TXN05261,2026-09-12,CUST0018,Groceries,245.98,True,Evening
TXN05262,2026-09-12,CUST0021,Groceries,261.88,False,Morning
TXN05263,2026-09-12,CUST0026,Household,250.64,True,Evening
TXN05264,2026-09-12,CUST0027,Beverages,87.14,False,Evening
TXN05265,2026-09-12,CUST0033,Dairy,120.47,True,Evening
TXN05266,2026-09-12,CUST0040,Groceries,122.67,True,Morning
TXN05267,2026-09-12,CUST0049,Groceries,250.49,True,Morning
TXN05268,2026-09-12,CUST0052,Dairy,87.63,False,Morning
TXN05269,2026-09-12,CUST0056,Dairy,133.0,True,Afternoon
TXN05270,2026-09-12,CUST0068,Snacks,61.67,False,Afternoon
TXN05271,2026-09-12,CUST0071,Beverages,42.53,True,Afternoon
TXN05272,2026-09-12,CUST0090,Beverages,157.97,True,Evening
TXN05273,2026-09-12,CUST0123,Snacks,24.56,False,Morning
TXN05274,2026-09-12,CUST0129,Household,107.97,False,Morning
TXN05275,2026-09-12,CUST0130,Dairy,160.73,True,Afternoon
TXN05276,2026-09-12,CUST0145,Household,89.78,False,Afternoon
TXN05277,2026-09-12,CUST0153,Beverages,69.29,True,Evening
TXN05278,2026-09-12,CUST0160,Snacks,61.09,False,Evening
TXN05279,2026-09-12,CUST0162,Dairy,128.85,False,Morning
TXN05280,2026-09-12,CUST0166,Beverages,198.2,True,Evening
TXN05281,2026-09-12,CUST0179,Groceries,92.34,False,Morning
TXN05282,2026-09-12,CUST0183,Dairy,122.83,False,Evening
TXN05283,2026-09-12,CUST0188,Snacks,20.01,False,Evening
TXN05284,2026-09-12,CUST0198,Groceries,151.06,False,Evening
TXN05285,2026-09-12,CUST0199,Snacks,16.5,True,Evening
TXN05286,2026-09-12,CUST0211,Household,142.19,True,Afternoon
TXN05287,2026-09-12,CUST0219,Snacks,37.25,False,Afternoon
TXN05288,2026-09-12,CUST0225,Groceries,180.6,True,Afternoon
TXN05289,2026-09-12,CUST0247,Snacks,97.25,False,Afternoon
TXN05290,2026-09-12,CUST0257,Beverages,158.32,False,Morning
TXN05291,2026-09-12,CUST0275,Snacks,109.01,False,Evening
TXN05292,2026-09-12,CUST0278,Household,49.03,False,Evening
TXN05293,2026-09-12,CUST0285,Snacks,35.82,False,Afternoon
TXN05294,2026-09-12,CUST0286,Dairy,25.68,True,Afternoon
TXN05295,2026-09-12,CUST0289,Dairy,73.87,True,Afternoon
TXN05296,2026-09-12,CUST0299,Dairy,31.19,True,Morning
TXN05297,2026-09-12,CUST0300,Household,216.17,False,Evening
TXN05298,2026-09-12,CUST0309,Snacks,107.75,False,Morning
TXN05299,2026-09-12,CUST0311,Beverages,30.14,True,Afternoon
TXN05300,2026-09-12,CUST0317,Groceries,150.29,True,Afternoon
TXN05301,2026-09-12,CUST0322,Household,143.27,False,Evening
TXN05302,2026-09-12,CUST0330,Beverages,157.1,True,Evening
TXN05303,2026-09-12,CUST0331,Snacks,87.13,False,Evening
TXN05304,2026-09-12,CUST0340,Snacks,77.59,False,Evening
TXN05305,2026-09-12,CUST0349,Beverages,111.83,False,Afternoon
TXN05306,2026-09-12,CUST0352,Household,136.72,False,Afternoon
TXN05307,2026-09-12,CUST0360,Snacks,117.9,False,Evening
TXN05308,2026-09-12,CUST0362,Household,359.29,True,Morning
TXN05309,2026-09-12,CUST0366,Groceries,337.18,True,Evening
TXN05310,2026-09-12,CUST0375,Household,375.71,False,Morning
TXN05311,2026-09-12,CUST0376,Dairy,136.86,True,Evening
TXN05312,2026-09-12,CUST0399,Groceries,254.19,True,Evening
TXN05313,2026-09-12,CUST0400,Beverages,160.6,False,Afternoon
TXN05314,2026-09-12,CUST0426,Dairy,107.16,True,Evening
TXN05315,2026-09-12,CUST0433,Dairy,175.31,False,Afternoon
TXN05316,2026-09-12,CUST0438,Groceries,215.34,True,Morning
TXN05317,2026-09-12,CUST0439,Snacks,79.58,False,Afternoon
TXN05318,2026-09-12,CUST0441,Snacks,115.08,True,Evening
TXN05319,2026-09-12,CUST0447,Beverages,27.61,False,Afternoon
TXN05320,2026-09-12,CUST0448,Dairy,65.7,False,Afternoon
TXN05321,2026-09-12,CUST0455,Dairy,27.88,False,Morning
TXN05322,2026-09-12,CUST0458,Dairy,164.63,False,Morning
TXN05323,2026-09-12,CUST0472,Dairy,43.55,True,Afternoon
TXN05324,2026-09-12,CUST0493,Beverages,198.47,False,Morning
TXN05325,2026-09-12,CUST0499,Household,32.84,False,Morning
TXN05326,2026-09-12,CUST0515,Household,87.43,False,Afternoon
TXN05327,2026-09-12,CUST0516,Beverages,36.3,True,Evening
TXN05328,2026-09-12,CUST0526,Dairy,154.87,True,Afternoon
TXN05329,2026-09-12,CUST0527,Groceries,275.35,False,Afternoon
TXN05330,2026-09-12,CUST0539,Household,248.63,False,Afternoon
TXN05331,2026-09-12,CUST0542,Snacks,119.55,False,Morning
TXN05332,2026-09-12,CUST0558,Beverages,74.17,False,Evening
TXN05333,2026-09-12,CUST0570,Beverages,159.17,False,Afternoon
TXN05334,2026-09-12,CUST0572,Household,116.08,True,Afternoon
TXN05335,2026-09-12,CUST0574,Household,35.16,False,Afternoon
TXN05336,2026-09-12,CUST0578,Household,182.04,False,Evening
TXN05337,2026-09-12,CUST0579,Household,345.62,True,Morning
TXN05338,2026-09-12,CUST0582,Beverages,61.81,False,Morning
TXN05339,2026-09-12,CUST0589,Groceries,167.52,False,Afternoon
TXN05340,2026-09-13,CUST0002,Snacks,55.32,False,Morning
TXN05341,2026-09-13,CUST0010,Beverages,27.58,True,Evening
TXN05342,2026-09-13,CUST0019,Household,332.27,False,Afternoon
TXN05343,2026-09-13,CUST0021,Groceries,163.08,False,Morning
TXN05344,2026-09-13,CUST0037,Beverages,65.17,True,Afternoon
TXN05345,2026-09-13,CUST0059,Groceries,256.15,True,Morning
TXN05346,2026-09-13,CUST0082,Groceries,328.23,True,Morning
TXN05347,2026-09-13,CUST0088,Groceries,231.72,False,Afternoon
TXN05348,2026-09-13,CUST0089,Groceries,101.41,False,Evening
TXN05349,2026-09-13,CUST0090,Groceries,177.42,True,Evening
TXN05350,2026-09-13,CUST0116,Groceries,205.71,False,Evening
TXN05351,2026-09-13,CUST0122,Snacks,61.19,False,Afternoon
TXN05352,2026-09-13,CUST0126,Dairy,144.88,False,Evening
TXN05353,2026-09-13,CUST0128,Household,86.51,True,Evening
TXN05354,2026-09-13,CUST0140,Beverages,30.0,False,Afternoon
TXN05355,2026-09-13,CUST0168,Dairy,153.07,True,Afternoon
TXN05356,2026-09-13,CUST0185,Beverages,145.53,True,Afternoon
TXN05357,2026-09-13,CUST0193,Household,97.5,False,Evening
TXN05358,2026-09-13,CUST0210,Beverages,98.11,False,Evening
TXN05359,2026-09-13,CUST0219,Groceries,293.93,False,Afternoon
TXN05360,2026-09-13,CUST0221,Dairy,45.77,True,Morning
TXN05361,2026-09-13,CUST0225,Groceries,254.19,True,Afternoon
TXN05362,2026-09-13,CUST0227,Beverages,120.22,False,Afternoon
TXN05363,2026-09-13,CUST0229,Groceries,126.98,True,Afternoon
TXN05364,2026-09-13,CUST0240,Snacks,19.45,True,Evening
TXN05365,2026-09-13,CUST0243,Snacks,62.26,True,Evening
TXN05366,2026-09-13,CUST0249,Household,302.12,True,Evening
TXN05367,2026-09-13,CUST0254,Beverages,158.47,False,Evening
TXN05368,2026-09-13,CUST0257,Beverages,98.5,False,Morning
TXN05369,2026-09-13,CUST0263,Dairy,85.37,False,Afternoon
TXN05370,2026-09-13,CUST0280,Household,260.43,True,Afternoon
TXN05371,2026-09-13,CUST0287,Snacks,25.11,False,Evening
TXN05372,2026-09-13,CUST0296,Groceries,285.7,True,Morning
TXN05373,2026-09-13,CUST0300,Household,90.32,False,Evening
TXN05374,2026-09-13,CUST0321,Beverages,60.16,False,Evening
TXN05375,2026-09-13,CUST0329,Groceries,114.64,True,Evening
TXN05376,2026-09-13,CUST0338,Snacks,16.75,False,Afternoon
TXN05377,2026-09-13,CUST0346,Snacks,103.27,False,Afternoon
TXN05378,2026-09-13,CUST0347,Household,275.38,False,Morning
TXN05379,2026-09-13,CUST0350,Beverages,27.01,True,Afternoon
TXN05380,2026-09-13,CUST0359,Groceries,308.24,True,Morning
TXN05381,2026-09-13,CUST0363,Household,326.8,False,Afternoon
TXN05382,2026-09-13,CUST0370,Beverages,38.3,False,Evening
TXN05383,2026-09-13,CUST0386,Beverages,90.14,True,Morning
TXN05384,2026-09-13,CUST0387,Snacks,57.42,False,Afternoon
TXN05385,2026-09-13,CUST0397,Beverages,29.52,False,Morning
TXN05386,2026-09-13,CUST0403,Groceries,277.2,True,Afternoon
TXN05387,2026-09-13,CUST0409,Snacks,91.34,True,Afternoon
TXN05388,2026-09-13,CUST0421,Groceries,139.33,False,Morning
TXN05389,2026-09-13,CUST0423,Dairy,122.73,True,Morning
TXN05390,2026-09-13,CUST0428,Household,98.35,False,Evening
TXN05391,2026-09-13,CUST0447,Dairy,64.37,False,Afternoon
TXN05392,2026-09-13,CUST0489,Household,207.8,False,Morning
TXN05393,2026-09-13,CUST0507,Groceries,99.91,False,Evening
TXN05394,2026-09-13,CUST0529,Groceries,246.05,True,Evening
TXN05395,2026-09-13,CUST0533,Groceries,165.63,False,Evening
TXN05396,2026-09-13,CUST0538,Household,347.3,True,Evening
TXN05397,2026-09-13,CUST0542,Groceries,249.76,False,Morning
TXN05398,2026-09-13,CUST0555,Snacks,60.85,False,Evening
TXN05399,2026-09-13,CUST0566,Snacks,53.81,True,Afternoon
TXN05400,2026-09-13,CUST0582,Snacks,27.05,False,Morning
TXN05401,2026-09-13,CUST0588,Household,295.14,True,Morning
TXN05402,2026-09-13,CUST0591,Groceries,271.48,False,Evening
TXN05403,2026-09-13,CUST0593,Beverages,69.45,False,Evening
TXN05404,2026-09-13,CUST0602,Beverages,56.58,True,Morning
TXN05405,2026-09-13,CUST0605,Groceries,210.44,True,Evening
